{
  "additionalShips" : [ ],
  "alertDist" : 100,
  "alphaDamage" : 26600.0,
  "alphaPiercingHE" : 1000.0,
  "ammoType" : "torpedo",
  "armingTime" : 1,
  "bulletDiametr" : 0.533,
  "burnProb" : 0.0,
  "costCR" : 75,
  "damage" : 800.0,
  "damageUW" : 43900.0,
  "depth" : 0.14,
  "directDamage" : 0.0,
  "dropToTheGroundEffect" : "particles/airplanes/Air_torpedo_ground_1.xml",
  "fallingTimeCoef" : 1,
  "fallingTracerEffect" : "particles/airplanes/Air_state_3_fire.xml",
  "ground" : "particles/onGroundExplosionTorpedo.xml",
  "hitDecalSize" : 0.0,
  "id" : 4277552112,
  "ignoreClasses" : [ ],
  "index" : "PAPT016",
  "isDeepWater" : false,
  "maxDist" : 411.0,
  "model" : "content/gameplay/usa/projectile/torpedo/APT010_Bliss_Leavitt_Mk8/APT010_Bliss_Leavitt_Mk8.model",
  "name" : "PAPT016_Mk8_mod3B",
  "ownTracerEffect" : "particles/tracerTorpedo_avatar.xml",
  "planeAmmoType" : "torpedo",
  "projDestroyedEffect" : "particles/onShipHitTorpedo_J.xml",
  "shipDestroyEffect" : "particles/onWaterExplosion127mm.xml",
  "speed" : 49.0,
  "splashArmorCoeff" : 0.2,
  "splashCubeSize" : 0.9,
  "tracerEffect" : "particles/tracerTorpedo.xml",
  "typeinfo" : {
    "nation" : "USA",
    "species" : "Torpedo",
    "type" : "Projectile"
  },
  "uwAbility" : true,
  "uwCritical" : 1.56,
  "visibilityFactor" : 1.0,
  "volume" : 0.7,
  "water" : "particles/onShipHitTorpedo.xml"
}