{
  "additionalShips" : [ ],
  "alertDist" : 100,
  "alphaDamage" : 27500.0,
  "alphaPiercingHE" : 1000.0,
  "ammoType" : "torpedo",
  "armingTime" : 1,
  "bulletDiametr" : 0.569,
  "burnProb" : 0.0,
  "costCR" : 75,
  "damage" : 1000.0,
  "damageUW" : 43900.0,
  "depth" : 0.14,
  "directDamage" : 0.0,
  "dropToTheGroundEffect" : "particles/airplanes/Air_torpedo_ground_1.xml",
  "fallingTimeCoef" : 1,
  "fallingTracerEffect" : "particles/airplanes/Air_state_3_fire.xml",
  "ground" : "particles/onGroundExplosionTorpedo.xml",
  "hitDecalSize" : 0.0,
  "id" : 3340125168,
  "ignoreClasses" : [ ],
  "index" : "PAPT910",
  "isDeepWater" : false,
  "maxDist" : 60.0,
  "model" : "content/gameplay/usa/projectile/torpedo/APT003_Avia_Torpedo_Mk13/APT003_Avia_Torpedo_Mk13.model",
  "name" : "PAPT910_Mk_13_mod0A_Independence",
  "ownTracerEffect" : "particles/tracerTorpedo_avatar.xml",
  "planeAmmoType" : "torpedo",
  "projDestroyedEffect" : "particles/onShipHitTorpedo_J.xml",
  "shipDestroyEffect" : "particles/onWaterExplosion127mm.xml",
  "speed" : 65.0,
  "splashArmorCoeff" : 0.2,
  "splashCubeSize" : 0.9,
  "tracerEffect" : "particles/tracerTorpedo.xml",
  "typeinfo" : {
    "nation" : "USA",
    "species" : "Torpedo",
    "type" : "Projectile"
  },
  "uwAbility" : true,
  "uwCritical" : 0.3,
  "visibilityFactor" : 1.5,
  "volume" : 0.7,
  "water" : "particles/onShipHitTorpedo.xml"
}