{
  "additionalShips" : [ ],
  "alertDist" : 100,
  "alphaDamage" : 22900.0,
  "alphaPiercingHE" : 1000.0,
  "ammoType" : "torpedo",
  "armingTime" : 3.0,
  "bulletDiametr" : 0.457,
  "burnProb" : 0.0,
  "costCR" : 75,
  "damage" : 700.0,
  "damageUW" : 43900.0,
  "depth" : 0.14,
  "directDamage" : 0.0,
  "dropToTheGroundEffect" : "particles/airplanes/Air_torpedo_ground_1.xml",
  "fallingTimeCoef" : 1,
  "fallingTracerEffect" : "particles/airplanes/Air_state_3_fire.xml",
  "ground" : "particles/onGroundExplosionTorpedo.xml",
  "hitDecalSize" : 0.0,
  "id" : 4286989296,
  "ignoreClasses" : [ ],
  "index" : "PAPT007",
  "isDeepWater" : false,
  "maxDist" : 183.0,
  "model" : "content/gameplay/usa/projectile/torpedo/APT004_Bliss_Leavitt_Mk7/APT004_Bliss_Leavitt_Mk7.model",
  "name" : "PAPT007_Bliss_Leavitt_Mk7_mod_2A",
  "ownTracerEffect" : "particles/tracerTorpedo_avatar.xml",
  "planeAmmoType" : "torpedo",
  "projDestroyedEffect" : "particles/onShipHitTorpedo_A.xml",
  "shipDestroyEffect" : "particles/onWaterExplosion127mm.xml",
  "speed" : 30.0,
  "splashArmorCoeff" : 0.2,
  "splashCubeSize" : 0.9,
  "tracerEffect" : "particles/tracerTorpedo.xml",
  "typeinfo" : {
    "nation" : "USA",
    "species" : "Torpedo",
    "type" : "Projectile"
  },
  "uwAbility" : true,
  "uwCritical" : 0.62,
  "visibilityFactor" : 1.0,
  "volume" : 0.7,
  "water" : "particles/onShipHitTorpedo.xml"
}