{
  "components" : {
    "airArmament" : {
      "AB_AirArmament" : {
        "auraCoeff" : 1.0,
        "deckPlaceCount" : 0.0,
        "launchPrepareTime" : 0.0,
        "launchpadType" : "catapult",
        "planesReserveCapacity" : 0.0,
        "independentLaunchpad" : false
      }
    },
    "airDefense" : {
      "A_AirDefense" : {
        "auraNear" : [ {
          "areaDamage" : 9.0,
          "areaDamageFrequency" : 0.285714285714,
          "enableBarrage" : true,
          "guns" : [ "HP_AGA_14", "HP_AGA_15", "HP_AGA_34", "HP_AGA_35", "HP_AGA_38", "HP_AGA_39" ],
          "hitChance" : 0.7,
          "joint" : true,
          "maxDistance" : 2400.0,
          "minDistance" : 100.0,
          "shotDelay" : 0.1,
          "shotTravelTime" : 1.0,
          "type" : "near"
        }, {
          "areaDamage" : 90.0,
          "areaDamageFrequency" : 0.285714285714,
          "enableBarrage" : true,
          "guns" : [ "HP_AGA_1", "HP_AGA_2", "HP_AGA_3", "HP_AGA_4", "HP_AGA_5", "HP_AGA_6", "HP_AGA_7", "HP_AGA_8", "HP_AGA_9", "HP_AGA_10", "HP_AGA_11", "HP_AGA_12", "HP_AGA_13", "HP_AGA_16", "HP_AGA_17", "HP_AGA_18", "HP_AGA_19", "HP_AGA_20", "HP_AGA_21", "HP_AGA_22", "HP_AGA_23", "HP_AGA_24", "HP_AGA_25", "HP_AGA_26", "HP_AGA_27", "HP_AGA_28", "HP_AGA_29", "HP_AGA_30", "HP_AGA_31", "HP_AGA_32", "HP_AGA_33", "HP_AGA_36", "HP_AGA_37", "HP_AGA_40", "HP_AGA_41", "HP_AGA_42", "HP_AGA_43", "HP_AGA_44" ],
          "hitChance" : 0.7,
          "joint" : true,
          "maxDistance" : 2400.0,
          "minDistance" : 100.0,
          "shotDelay" : 0.1,
          "shotTravelTime" : 1.0,
          "type" : "near"
        } ],
        "ownerlessTracesScatterCoefficient" : 1.0,
        "sectors" : [ [ 0.0, 180.0 ], [ 180.0, 0.0 ] ],
        "prioritySectorPhases" : [ [ 5.0, "linear", 0.035, 1.0, 1.35 ], [ 10.0, "linear", 0.0, 1.35, 1.35 ] ],
        "prioritySectorPreparation" : 5.0,
        "prioritySectorDuration" : 10.0,
        "prioritySectorDamageInitial" : 0.035,
        "prioritySectorCoefficientInitial" : 1.0,
        "prioritySectorCoefficientDuring" : 1.35
      },
      "B_AirDefense" : {
        "auraMedium" : [ {
          "areaDamage" : 81.0,
          "areaDamageFrequency" : 0.285714285714,
          "enableBarrage" : true,
          "guns" : [ "HP_AGA_12", "HP_AGA_13", "HP_AGA_32", "HP_AGA_33", "HP_AGA_34", "HP_AGA_35", "HP_AGA_36", "HP_AGA_37", "HP_AGA_7", "HP_AGA_8", "HP_AGA_9" ],
          "hitChance" : 0.75,
          "joint" : true,
          "maxDistance" : 3500.0,
          "minDistance" : 100.0,
          "shotDelay" : 0.5,
          "shotTravelTime" : 1.5,
          "type" : "medium"
        } ],
        "auraNear" : [ {
          "areaDamage" : 80.0,
          "areaDamageFrequency" : 0.285714285714,
          "enableBarrage" : true,
          "guns" : [ "HP_AGA_1", "HP_AGA_10", "HP_AGA_11", "HP_AGA_14", "HP_AGA_15", "HP_AGA_16", "HP_AGA_17", "HP_AGA_18", "HP_AGA_19", "HP_AGA_2", "HP_AGA_20", "HP_AGA_21", "HP_AGA_22", "HP_AGA_23", "HP_AGA_24", "HP_AGA_25", "HP_AGA_26", "HP_AGA_27", "HP_AGA_28", "HP_AGA_29", "HP_AGA_3", "HP_AGA_30", "HP_AGA_31", "HP_AGA_38", "HP_AGA_39", "HP_AGA_4", "HP_AGA_40", "HP_AGA_41", "HP_AGA_42", "HP_AGA_43", "HP_AGA_44", "HP_AGA_5", "HP_AGA_6", "HP_AGM_3_HP_AGA_1", "HP_AGM_3_HP_AGA_2", "HP_AGM_3_HP_AGA_3", "HP_AGM_3_HP_AGA_4" ],
          "hitChance" : 0.7,
          "joint" : true,
          "maxDistance" : 2000.0,
          "minDistance" : 100.0,
          "shotDelay" : 0.1,
          "shotTravelTime" : 1.0,
          "type" : "near"
        } ],
        "ownerlessTracesScatterCoefficient" : 1.0,
        "sectors" : [ [ 0.0, 180.0 ], [ 180.0, 0.0 ] ],
        "prioritySectorPhases" : [ [ 5.0, "linear", 0.035, 1.0, 1.35 ], [ 10.0, "linear", 0.0, 1.35, 1.35 ] ],
        "prioritySectorPreparation" : 5.0,
        "prioritySectorDuration" : 10.0,
        "prioritySectorDamageInitial" : 0.035,
        "prioritySectorCoefficientInitial" : 1.0,
        "prioritySectorCoefficientDuring" : 1.35
      }
    },
    "artillery" : {
      "A1_Artillery" : {
        "turrets" : [ {
          "ammoList" : [ "PAPA010_Shell_406mm_HE_HC_Mk_13", "PAPA059_Shell_406mm_AP_AP_Mk_5" ],
          "barrelDiameter" : 0.406,
          "coeffPerSecondMin" : 0.3,
          "deadZone" : [ ],
          "delim" : 0.5,
          "ellipseRangeMax" : 250.0,
          "ellipseRangeMin" : 50.0,
          "horizSector" : [ -150.0, 150.0 ],
          "id" : 4130990064,
          "idealDistance" : 1000.0,
          "idealRadius" : 12.0,
          "index" : "PAGM156",
          "maxEllipseRanging" : 1.003,
          "medEllipseRanging" : 1.002,
          "minEllipseRanging" : 1.001,
          "minRadius" : 2.0,
          "name" : "PAGM156_16in45_Mk1",
          "numBarrels" : 2,
          "onMoveTarPosCoeffDelim" : 1.001,
          "onMoveTarPosCoeffMaxDist" : 1.002,
          "onMoveTarPosCoeffZero" : 1.0,
          "onMoveTarPosDelim" : 0.1,
          "position" : [ 1.0, 1.0 ],
          "radiusOnDelim" : 0.5,
          "radiusOnMax" : 0.6,
          "radiusOnZero" : 0.2,
          "reduceTime" : 0.1,
          "rotationSpeed" : [ 4.0, 8.0 ],
          "shotDelay" : 30.0,
          "smokePenalty" : 1.0E-4,
          "typeinfo" : {
            "nation" : "USA",
            "species" : "Main",
            "type" : "Gun"
          },
          "vertSector" : [ 1.0, 30.0 ]
        }, {
          "ammoList" : [ "PAPA010_Shell_406mm_HE_HC_Mk_13", "PAPA059_Shell_406mm_AP_AP_Mk_5" ],
          "barrelDiameter" : 0.406,
          "coeffPerSecondMin" : 0.3,
          "deadZone" : [ ],
          "delim" : 0.5,
          "ellipseRangeMax" : 250.0,
          "ellipseRangeMin" : 50.0,
          "horizSector" : [ -146.5, 146.5 ],
          "id" : 4130990064,
          "idealDistance" : 1000.0,
          "idealRadius" : 12.0,
          "index" : "PAGM156",
          "maxEllipseRanging" : 1.003,
          "medEllipseRanging" : 1.002,
          "minEllipseRanging" : 1.001,
          "minRadius" : 2.0,
          "name" : "PAGM156_16in45_Mk1",
          "numBarrels" : 2,
          "onMoveTarPosCoeffDelim" : 1.001,
          "onMoveTarPosCoeffMaxDist" : 1.002,
          "onMoveTarPosCoeffZero" : 1.0,
          "onMoveTarPosDelim" : 0.1,
          "position" : [ 2.0, 1.0 ],
          "radiusOnDelim" : 0.5,
          "radiusOnMax" : 0.6,
          "radiusOnZero" : 0.2,
          "reduceTime" : 0.1,
          "rotationSpeed" : [ 4.0, 8.0 ],
          "shotDelay" : 30.0,
          "smokePenalty" : 1.0E-4,
          "typeinfo" : {
            "nation" : "USA",
            "species" : "Main",
            "type" : "Gun"
          },
          "vertSector" : [ -2.0, 30.0 ]
        }, {
          "ammoList" : [ "PAPA010_Shell_406mm_HE_HC_Mk_13", "PAPA059_Shell_406mm_AP_AP_Mk_5" ],
          "barrelDiameter" : 0.406,
          "coeffPerSecondMin" : 0.3,
          "deadZone" : [ ],
          "delim" : 0.5,
          "ellipseRangeMax" : 250.0,
          "ellipseRangeMin" : 50.0,
          "horizSector" : [ -150.0, 150.0 ],
          "id" : 4130990064,
          "idealDistance" : 1000.0,
          "idealRadius" : 12.0,
          "index" : "PAGM156",
          "maxEllipseRanging" : 1.003,
          "medEllipseRanging" : 1.002,
          "minEllipseRanging" : 1.001,
          "minRadius" : 2.0,
          "name" : "PAGM156_16in45_Mk1",
          "numBarrels" : 2,
          "onMoveTarPosCoeffDelim" : 1.001,
          "onMoveTarPosCoeffMaxDist" : 1.002,
          "onMoveTarPosCoeffZero" : 1.0,
          "onMoveTarPosDelim" : 0.1,
          "position" : [ 4.0, 1.0 ],
          "radiusOnDelim" : 0.5,
          "radiusOnMax" : 0.6,
          "radiusOnZero" : 0.2,
          "reduceTime" : 0.1,
          "rotationSpeed" : [ 4.0, 8.0 ],
          "shotDelay" : 30.0,
          "smokePenalty" : 1.0E-4,
          "typeinfo" : {
            "nation" : "USA",
            "species" : "Main",
            "type" : "Gun"
          },
          "vertSector" : [ -2.0, 30.0 ]
        }, {
          "ammoList" : [ "PAPA010_Shell_406mm_HE_HC_Mk_13", "PAPA059_Shell_406mm_AP_AP_Mk_5" ],
          "barrelDiameter" : 0.406,
          "coeffPerSecondMin" : 0.3,
          "deadZone" : [ ],
          "delim" : 0.5,
          "ellipseRangeMax" : 250.0,
          "ellipseRangeMin" : 50.0,
          "horizSector" : [ -143.0, 143.0 ],
          "id" : 4130990064,
          "idealDistance" : 1000.0,
          "idealRadius" : 12.0,
          "index" : "PAGM156",
          "maxEllipseRanging" : 1.003,
          "medEllipseRanging" : 1.002,
          "minEllipseRanging" : 1.001,
          "minRadius" : 2.0,
          "name" : "PAGM156_16in45_Mk1",
          "numBarrels" : 2,
          "onMoveTarPosCoeffDelim" : 1.001,
          "onMoveTarPosCoeffMaxDist" : 1.002,
          "onMoveTarPosCoeffZero" : 1.0,
          "onMoveTarPosDelim" : 0.1,
          "position" : [ 5.0, 1.0 ],
          "radiusOnDelim" : 0.5,
          "radiusOnMax" : 0.6,
          "radiusOnZero" : 0.2,
          "reduceTime" : 0.1,
          "rotationSpeed" : [ 4.0, 8.0 ],
          "shotDelay" : 30.0,
          "smokePenalty" : 1.0E-4,
          "typeinfo" : {
            "nation" : "USA",
            "species" : "Main",
            "type" : "Gun"
          },
          "vertSector" : [ -2.0, 30.0 ]
        } ],
        "turretTypes" : {
          "2" : [ 4, "PAGM156_16in45_Mk1" ]
        },
        "maxDist" : 17120.0,
        "minDistH" : 50.0,
        "minDistV" : 110.0,
        "normalDistribution" : true,
        "sigmaCount" : 2.0,
        "taperDist" : 4000.0,
        "GMIdealRadius" : 1.0,
        "barrelDiameter" : 0.406
      },
      "B1_Artillery" : {
        "turrets" : [ {
          "ammoList" : [ "PAPA010_Shell_406mm_HE_HC_Mk_13", "PAPA059_Shell_406mm_AP_AP_Mk_5" ],
          "barrelDiameter" : 0.406,
          "coeffPerSecondMin" : 0.3,
          "deadZone" : [ ],
          "delim" : 0.5,
          "ellipseRangeMax" : 250.0,
          "ellipseRangeMin" : 50.0,
          "horizSector" : [ -150.0, 150.0 ],
          "id" : 4130990064,
          "idealDistance" : 1000.0,
          "idealRadius" : 12.0,
          "index" : "PAGM156",
          "maxEllipseRanging" : 1.003,
          "medEllipseRanging" : 1.002,
          "minEllipseRanging" : 1.001,
          "minRadius" : 2.0,
          "name" : "PAGM156_16in45_Mk1",
          "numBarrels" : 2,
          "onMoveTarPosCoeffDelim" : 1.001,
          "onMoveTarPosCoeffMaxDist" : 1.002,
          "onMoveTarPosCoeffZero" : 1.0,
          "onMoveTarPosDelim" : 0.1,
          "position" : [ 1.0, 1.0 ],
          "radiusOnDelim" : 0.5,
          "radiusOnMax" : 0.6,
          "radiusOnZero" : 0.2,
          "reduceTime" : 0.1,
          "rotationSpeed" : [ 4.0, 8.0 ],
          "shotDelay" : 30.0,
          "smokePenalty" : 1.0E-4,
          "typeinfo" : {
            "nation" : "USA",
            "species" : "Main",
            "type" : "Gun"
          },
          "vertSector" : [ 1.0, 30.0 ]
        }, {
          "ammoList" : [ "PAPA010_Shell_406mm_HE_HC_Mk_13", "PAPA059_Shell_406mm_AP_AP_Mk_5" ],
          "barrelDiameter" : 0.406,
          "coeffPerSecondMin" : 0.3,
          "deadZone" : [ ],
          "delim" : 0.5,
          "ellipseRangeMax" : 250.0,
          "ellipseRangeMin" : 50.0,
          "horizSector" : [ -146.5, 146.5 ],
          "id" : 4130990064,
          "idealDistance" : 1000.0,
          "idealRadius" : 12.0,
          "index" : "PAGM156",
          "maxEllipseRanging" : 1.003,
          "medEllipseRanging" : 1.002,
          "minEllipseRanging" : 1.001,
          "minRadius" : 2.0,
          "name" : "PAGM156_16in45_Mk1",
          "numBarrels" : 2,
          "onMoveTarPosCoeffDelim" : 1.001,
          "onMoveTarPosCoeffMaxDist" : 1.002,
          "onMoveTarPosCoeffZero" : 1.0,
          "onMoveTarPosDelim" : 0.1,
          "position" : [ 2.0, 1.0 ],
          "radiusOnDelim" : 0.5,
          "radiusOnMax" : 0.6,
          "radiusOnZero" : 0.2,
          "reduceTime" : 0.1,
          "rotationSpeed" : [ 4.0, 8.0 ],
          "shotDelay" : 30.0,
          "smokePenalty" : 1.0E-4,
          "typeinfo" : {
            "nation" : "USA",
            "species" : "Main",
            "type" : "Gun"
          },
          "vertSector" : [ -2.0, 30.0 ]
        }, {
          "ammoList" : [ "PAPA010_Shell_406mm_HE_HC_Mk_13", "PAPA059_Shell_406mm_AP_AP_Mk_5" ],
          "barrelDiameter" : 0.406,
          "coeffPerSecondMin" : 0.3,
          "deadZone" : [ ],
          "delim" : 0.5,
          "ellipseRangeMax" : 250.0,
          "ellipseRangeMin" : 50.0,
          "horizSector" : [ -150.0, 150.0 ],
          "id" : 4130990064,
          "idealDistance" : 1000.0,
          "idealRadius" : 12.0,
          "index" : "PAGM156",
          "maxEllipseRanging" : 1.003,
          "medEllipseRanging" : 1.002,
          "minEllipseRanging" : 1.001,
          "minRadius" : 2.0,
          "name" : "PAGM156_16in45_Mk1",
          "numBarrels" : 2,
          "onMoveTarPosCoeffDelim" : 1.001,
          "onMoveTarPosCoeffMaxDist" : 1.002,
          "onMoveTarPosCoeffZero" : 1.0,
          "onMoveTarPosDelim" : 0.1,
          "position" : [ 4.0, 1.0 ],
          "radiusOnDelim" : 0.5,
          "radiusOnMax" : 0.6,
          "radiusOnZero" : 0.2,
          "reduceTime" : 0.1,
          "rotationSpeed" : [ 4.0, 8.0 ],
          "shotDelay" : 30.0,
          "smokePenalty" : 1.0E-4,
          "typeinfo" : {
            "nation" : "USA",
            "species" : "Main",
            "type" : "Gun"
          },
          "vertSector" : [ -2.0, 30.0 ]
        }, {
          "ammoList" : [ "PAPA010_Shell_406mm_HE_HC_Mk_13", "PAPA059_Shell_406mm_AP_AP_Mk_5" ],
          "barrelDiameter" : 0.406,
          "coeffPerSecondMin" : 0.3,
          "deadZone" : [ ],
          "delim" : 0.5,
          "ellipseRangeMax" : 250.0,
          "ellipseRangeMin" : 50.0,
          "horizSector" : [ -143.0, 143.0 ],
          "id" : 4130990064,
          "idealDistance" : 1000.0,
          "idealRadius" : 12.0,
          "index" : "PAGM156",
          "maxEllipseRanging" : 1.003,
          "medEllipseRanging" : 1.002,
          "minEllipseRanging" : 1.001,
          "minRadius" : 2.0,
          "name" : "PAGM156_16in45_Mk1",
          "numBarrels" : 2,
          "onMoveTarPosCoeffDelim" : 1.001,
          "onMoveTarPosCoeffMaxDist" : 1.002,
          "onMoveTarPosCoeffZero" : 1.0,
          "onMoveTarPosDelim" : 0.1,
          "position" : [ 5.0, 1.0 ],
          "radiusOnDelim" : 0.5,
          "radiusOnMax" : 0.6,
          "radiusOnZero" : 0.2,
          "reduceTime" : 0.1,
          "rotationSpeed" : [ 4.0, 8.0 ],
          "shotDelay" : 30.0,
          "smokePenalty" : 1.0E-4,
          "typeinfo" : {
            "nation" : "USA",
            "species" : "Main",
            "type" : "Gun"
          },
          "vertSector" : [ -2.0, 30.0 ]
        } ],
        "turretTypes" : {
          "2" : [ 4, "PAGM156_16in45_Mk1" ]
        },
        "maxDist" : 17120.0,
        "minDistH" : 50.0,
        "minDistV" : 110.0,
        "normalDistribution" : true,
        "sigmaCount" : 2.0,
        "taperDist" : 4000.0,
        "GMIdealRadius" : 1.0,
        "barrelDiameter" : 0.406
      }
    },
    "atba" : {
      "A_ATBA" : {
        "auraFar" : [ {
          "areaDamage" : 22.0,
          "areaDamageFrequency" : 0.285714285714,
          "bubbleDuration" : 3.0,
          "enableBarrage" : true,
          "enableCrewSelectedTargetCoeff" : true,
          "explosionCount" : 2.0,
          "guns" : [ "HP_AGS_11", "HP_AGS_12", "HP_AGS_13", "HP_AGS_14", "HP_AGS_3", "HP_AGS_4", "HP_AGS_7", "HP_AGS_8" ],
          "halfOuterBubbleZone" : 50.0,
          "hitChance" : 0.75,
          "innerBubbleCount" : 3.0,
          "innerBubbleSpawnTimeRange" : [ 2.65, 3.15 ],
          "innerBubbleZone" : 20.0,
          "joint" : true,
          "maxBubbleActivationDelay" : 0.4,
          "maxDistance" : 4800.0,
          "minBubbleActivationDelay" : 0.1,
          "minDistance" : 100.0,
          "outerBubbleSpawnTimeRange" : [ 2.45, 2.65 ],
          "shotDelay" : 5.0,
          "shotTravelTime" : 1.25,
          "type" : "far"
        }, {
          "areaDamageFrequency" : 0.285714285714,
          "bubbleDamage" : 190.0,
          "bubbleDuration" : 3.0,
          "bubbleRadius" : 2.475,
          "enableBarrage" : true,
          "enableCrewSelectedTargetCoeff" : true,
          "explosionCount" : 2.0,
          "guns" : [ "HP_AGS_11", "HP_AGS_12", "HP_AGS_13", "HP_AGS_14", "HP_AGS_3", "HP_AGS_4", "HP_AGS_7", "HP_AGS_8" ],
          "halfOuterBubbleZone" : 50.0,
          "hitChance" : 0.75,
          "innerBubbleCount" : 2.0,
          "innerBubbleSpawnTimeRange" : [ 2.65, 3.15 ],
          "innerBubbleZone" : 20.0,
          "joint" : true,
          "maxBubbleActivationDelay" : 0.4,
          "maxDistance" : 4800.0,
          "minBubbleActivationDelay" : 0.1,
          "minDistance" : 3500.0,
          "outerBubbleCount" : 1.0,
          "outerBubbleSpawnTimeRange" : [ 2.45, 2.65 ],
          "shotDelay" : 5.0,
          "shotTravelTime" : 1.25,
          "type" : "far"
        } ],
        "secondaries" : {
          "PAGS029_5in51_Mk_7" : {
            "ammoList" : [ "PAPA008_Shell_127mm_HE_HC_Mk_39" ],
            "barrelDiameter" : 0.127,
            "deadZone" : [ [ -22.0, 0.0 ] ],
            "delim" : 0.6,
            "horizSector" : [ -142.0, 0.0 ],
            "id" : 4263962608,
            "idealDistance" : 333.333,
            "idealRadius" : 20.0,
            "index" : "PAGS029",
            "minRadius" : 1.0,
            "name" : "PAGS029_5in51_Mk_7",
            "numBarrels" : 1,
            "radiusOnDelim" : 0.8,
            "radiusOnMax" : 1.0,
            "radiusOnZero" : 0.1,
            "rotationSpeed" : [ 60.0, 1.0 ],
            "shotDelay" : 7.0,
            "smallGun" : true,
            "smokePenalty" : 1.0E-4,
            "typeinfo" : {
              "nation" : "USA",
              "species" : "Secondary",
              "type" : "Gun"
            },
            "vertSector" : [ -2.0, 20.0 ],
            "GSIdealRadius" : 1.0,
            "count" : 10
          },
          "PAGS007_5in25_Mk19_Mod6" : {
            "ammoList" : [ "PAPA003_Shell_127mm_HE_HC_Mk_36" ],
            "antiAirAuraDistance" : 140.0,
            "antiAirAuraStrength" : 0.073,
            "barrelDiameter" : 0.127,
            "deadZone" : [ [ -9.0, 0.0 ] ],
            "delim" : 0.6,
            "horizSector" : [ -154.0, 0.0 ],
            "id" : 4287031280,
            "idealDistance" : 333.333,
            "idealRadius" : 20.0,
            "index" : "PAGS007",
            "minRadius" : 1.0,
            "name" : "PAGS007_5in25_Mk19_Mod6",
            "numBarrels" : 1,
            "radiusOnDelim" : 0.8,
            "radiusOnMax" : 1.0,
            "radiusOnZero" : 0.1,
            "rotationSpeed" : [ 60.0, 1.0 ],
            "shotDelay" : 4.5,
            "smallGun" : true,
            "smokePenalty" : 1.0E-4,
            "typeinfo" : {
              "nation" : "USA",
              "species" : "Secondary",
              "type" : "Gun"
            },
            "vertSector" : [ -2.0, 85.0 ],
            "GSIdealRadius" : 1.0,
            "count" : 8
          }
        },
        "maxDist" : 5000.0,
        "minDistH" : 50.0,
        "minDistV" : 110.0,
        "sigmaCount" : 1.0,
        "GSIdealRadius" : 1.0
      },
      "B_ATBA" : {
        "auraFar" : [ {
          "areaDamage" : 20.0,
          "areaDamageFrequency" : 0.285714285714,
          "bubbleDuration" : 3.0,
          "enableBarrage" : true,
          "enableCrewSelectedTargetCoeff" : true,
          "explosionCount" : 2.0,
          "guns" : [ "HP_AGS_1", "HP_AGS_10", "HP_AGS_11", "HP_AGS_12", "HP_AGS_2", "HP_AGS_5", "HP_AGS_6", "HP_AGS_9" ],
          "halfOuterBubbleZone" : 50.0,
          "hitChance" : 0.75,
          "innerBubbleCount" : 3.0,
          "innerBubbleSpawnTimeRange" : [ 2.65, 3.15 ],
          "innerBubbleZone" : 20.0,
          "joint" : true,
          "maxBubbleActivationDelay" : 0.4,
          "maxDistance" : 4800.0,
          "minBubbleActivationDelay" : 0.1,
          "minDistance" : 100.0,
          "outerBubbleSpawnTimeRange" : [ 2.45, 2.65 ],
          "shotDelay" : 5.0,
          "shotTravelTime" : 1.25,
          "type" : "far"
        }, {
          "areaDamageFrequency" : 0.285714285714,
          "bubbleDamage" : 190.0,
          "bubbleDuration" : 3.0,
          "bubbleRadius" : 2.475,
          "enableBarrage" : true,
          "enableCrewSelectedTargetCoeff" : true,
          "explosionCount" : 2.0,
          "guns" : [ "HP_AGS_1", "HP_AGS_10", "HP_AGS_11", "HP_AGS_12", "HP_AGS_2", "HP_AGS_5", "HP_AGS_6", "HP_AGS_9" ],
          "halfOuterBubbleZone" : 50.0,
          "hitChance" : 0.75,
          "innerBubbleCount" : 2.0,
          "innerBubbleSpawnTimeRange" : [ 2.65, 3.15 ],
          "innerBubbleZone" : 20.0,
          "joint" : true,
          "maxBubbleActivationDelay" : 0.4,
          "maxDistance" : 4800.0,
          "minBubbleActivationDelay" : 0.1,
          "minDistance" : 3500.0,
          "outerBubbleCount" : 1.0,
          "outerBubbleSpawnTimeRange" : [ 2.45, 2.65 ],
          "shotDelay" : 5.0,
          "shotTravelTime" : 1.25,
          "type" : "far"
        } ],
        "secondaries" : {
          "PAGS007_5in25_Mk19_Mod6" : {
            "ammoList" : [ "PAPA003_Shell_127mm_HE_HC_Mk_36" ],
            "antiAirAuraDistance" : 140.0,
            "antiAirAuraStrength" : 0.073,
            "barrelDiameter" : 0.127,
            "deadZone" : [ [ -8.0, 0.0 ] ],
            "delim" : 0.6,
            "horizSector" : [ -140.0, 0.0 ],
            "id" : 4287031280,
            "idealDistance" : 333.333,
            "idealRadius" : 20.0,
            "index" : "PAGS007",
            "minRadius" : 1.0,
            "name" : "PAGS007_5in25_Mk19_Mod6",
            "numBarrels" : 1,
            "radiusOnDelim" : 0.8,
            "radiusOnMax" : 1.0,
            "radiusOnZero" : 0.1,
            "rotationSpeed" : [ 60.0, 1.0 ],
            "shotDelay" : 4.5,
            "smallGun" : true,
            "smokePenalty" : 1.0E-4,
            "typeinfo" : {
              "nation" : "USA",
              "species" : "Secondary",
              "type" : "Gun"
            },
            "vertSector" : [ -2.0, 85.0 ],
            "GSIdealRadius" : 1.0,
            "count" : 8
          },
          "PAGS029_5in51_Mk_7" : {
            "ammoList" : [ "PAPA008_Shell_127mm_HE_HC_Mk_39" ],
            "barrelDiameter" : 0.127,
            "deadZone" : [ ],
            "delim" : 0.6,
            "horizSector" : [ 0.0, 128.0 ],
            "id" : 4263962608,
            "idealDistance" : 333.333,
            "idealRadius" : 20.0,
            "index" : "PAGS029",
            "minRadius" : 1.0,
            "name" : "PAGS029_5in51_Mk_7",
            "numBarrels" : 1,
            "radiusOnDelim" : 0.8,
            "radiusOnMax" : 1.0,
            "radiusOnZero" : 0.1,
            "rotationSpeed" : [ 60.0, 1.0 ],
            "shotDelay" : 7.0,
            "smallGun" : true,
            "smokePenalty" : 1.0E-4,
            "typeinfo" : {
              "nation" : "USA",
              "species" : "Secondary",
              "type" : "Gun"
            },
            "vertSector" : [ -2.0, 20.0 ],
            "GSIdealRadius" : 1.0,
            "count" : 8
          }
        },
        "maxDist" : 5000.0,
        "minDistH" : 50.0,
        "minDistV" : 110.0,
        "sigmaCount" : 1.0,
        "GSIdealRadius" : 1.0
      }
    },
    "hull" : {
      "A_Hull_1942" : {
        "backwardPowerCoef" : 4.0,
        "buoyancy" : 200000.0,
        "burnNodes" : [ [ 0.7336, 0.3, 60.0 ], [ 0.7336, 0.3, 60.0 ], [ 0.7336, 0.3, 60.0 ], [ 0.7336, 0.3, 60.0 ] ],
        "burnProb" : 0.7336,
        "burnDamage" : 0.3,
        "burnTime" : 60.0,
        "burnSize" : 4.0,
        "deckHeight" : 8.25,
        "deepwaterVisibilityCoeff" : 0.1,
        "draft" : 11.0,
        "enginePower" : 28900.0,
        "floodNodes" : [ [ 0.21, 0.5, 40.0 ], [ 0.21, 0.5, 40.0 ] ],
        "floodProb" : 0.21,
        "floodProtection" : 37.0,
        "floodDamage" : 0.5,
        "floodTime" : 40.0,
        "floodSize" : 2.0,
        "health" : 49000.0,
        "mass" : 4.114E7,
        "maxRudderAngle" : 30.0,
        "maxSpeed" : 21.0,
        "pushingMaxRudderAngle" : 16.0,
        "pushingMinRudderAngle" : 1.0,
        "rollEffect" : 31.0,
        "rudderPower" : 6.05E7,
        "rudderTime" : 23.87,
        "sideDragCoef" : 1700000.0,
        "size" : [ 190.2, 33.0, 40.0 ],
        "smokeScanRadius" : 27.0,
        "speedCoef" : 1.0,
        "tonnage" : 32693.0,
        "torpedoImpactMassImpulseCoeff" : 0.5,
        "turningRadius" : 640.0,
        "underwaterVisibilityCoeff" : 0.5,
        "visibilityCoefATBA" : 1.0E-6,
        "visibilityCoefATBAByPlane" : 1.0E-6,
        "visibilityCoefFire" : 2.0,
        "visibilityCoefFireByPlane" : 3.0,
        "visibilityCoefGK" : 1.0E-6,
        "visibilityCoefGKByPlane" : 8.12,
        "visibilityCoefGKInSmoke" : 16.19,
        "visibilityCoeff" : 28.0,
        "visibilityFactor" : 16.74,
        "visibilityFactorByPlane" : 9.17,
        "visibilityFactorInSmoke" : 1.0E-6,
        "burnSizeSkill" : 4
      },
      "B_Hull_1945" : {
        "backwardPowerCoef" : 4.0,
        "buoyancy" : 200000.0,
        "burnNodes" : [ [ 0.7003, 0.3, 60.0 ], [ 0.7003, 0.3, 60.0 ], [ 0.7003, 0.3, 60.0 ], [ 0.7003, 0.3, 60.0 ] ],
        "burnProb" : 0.7003,
        "burnDamage" : 0.3,
        "burnTime" : 60.0,
        "burnSize" : 4.0,
        "deckHeight" : 8.25,
        "deepwaterVisibilityCoeff" : 0.1,
        "draft" : 11.0,
        "enginePower" : 28900.0,
        "floodNodes" : [ [ 0.21, 0.5, 40.0 ], [ 0.21, 0.5, 40.0 ] ],
        "floodProb" : 0.21,
        "floodProtection" : 37.0,
        "floodDamage" : 0.5,
        "floodTime" : 40.0,
        "floodSize" : 2.0,
        "health" : 59300.0,
        "mass" : 4.114E7,
        "maxRudderAngle" : 30.0,
        "maxSpeed" : 21.0,
        "pushingMaxRudderAngle" : 16.0,
        "pushingMinRudderAngle" : 1.0,
        "rollEffect" : 31.0,
        "rudderPower" : 6.05E7,
        "rudderTime" : 18.47,
        "sideDragCoef" : 1700000.0,
        "size" : [ 190.2, 33.0, 40.0 ],
        "smokeScanRadius" : 27.0,
        "speedCoef" : 1.0,
        "tonnage" : 41140.0,
        "torpedoImpactMassImpulseCoeff" : 0.5,
        "turningRadius" : 640.0,
        "underwaterVisibilityCoeff" : 0.5,
        "visibilityCoefATBA" : 1.0E-6,
        "visibilityCoefATBAByPlane" : 1.0E-6,
        "visibilityCoefFire" : 2.0,
        "visibilityCoefFireByPlane" : 3.0,
        "visibilityCoefGK" : 1.0E-6,
        "visibilityCoefGKByPlane" : 8.12,
        "visibilityCoefGKInSmoke" : 16.19,
        "visibilityCoeff" : 28.0,
        "visibilityFactor" : 16.74,
        "visibilityFactorByPlane" : 9.17,
        "visibilityFactorInSmoke" : 1.0E-6,
        "burnSizeSkill" : 4
      }
    },
    "suo" : {
      "AB1_FireControl" : {
        "maxDistCoef" : 1.0,
        "sigmaCountCoef" : 1.0
      },
      "AB2_FireControl" : {
        "maxDistCoef" : 1.1,
        "sigmaCountCoef" : 1.0
      }
    },
    "engine" : {
      "AB2_Engine" : {
        "backwardEngineForsag" : 2.5,
        "backwardEngineForsagMaxSpeed" : 2.5,
        "backwardEngineUpTime" : 30.0,
        "backwardSpeedOnFlood" : -0.6,
        "damagedEnginePowerMultiplier" : -0.325,
        "damagedEnginePowerTimeMultiplier" : 6.5,
        "forwardEngineForsag" : 2.5,
        "forwardEngineForsagMaxSpeed" : 2.5,
        "forwardEngineUpTime" : 60.0,
        "forwardSpeedOnFlood" : -0.3,
        "histEnginePower" : 28900.0
      },
      "AB1_Engine" : {
        "backwardEngineForsag" : 2.5,
        "backwardEngineForsagMaxSpeed" : 2.5,
        "backwardEngineUpTime" : 30.0,
        "backwardSpeedOnFlood" : -0.6,
        "damagedEnginePowerMultiplier" : -0.325,
        "damagedEnginePowerTimeMultiplier" : 6.5,
        "forwardEngineForsag" : 2.5,
        "forwardEngineForsagMaxSpeed" : 2.5,
        "forwardEngineUpTime" : 60.0,
        "forwardSpeedOnFlood" : -0.3,
        "histEnginePower" : 27000.0,
        "speedCoef" : -0.115
      }
    }
  },
  "shipAbilities" : {
    "AbilitySlot0" : {
      "abils" : [ [ "PCY001_CrashCrew", "B_USA" ], [ "PCY009_CrashCrewPremium", "B_USA_Gold" ], [ "PCY023_CrashCrewSuper", "B_USA" ] ],
      "slot" : 0
    },
    "AbilitySlot1" : {
      "abils" : [ [ "PCY002_RegenCrew", "B_Colorado" ], [ "PCY010_RegenCrewPremium", "B_Colorado_Gold" ], [ "PCY024_RegenCrewSuper", "B_Colorado" ] ],
      "slot" : 1
    },
    "AbilitySlot2" : {
      "abils" : [ [ "PCY005_Spotter", "Default" ], [ "PCY013_SpotterPremium", "Default" ], [ "PCY027_SpotterSuper", "Default" ], [ "PCY004_Fighter", "Fighter_3" ], [ "PCY012_FighterPremium", "Fighter_3" ], [ "PCY026_FighterSuper", "Fighter_3" ] ],
      "slot" : 2
    },
    "AbilitySlot3" : {
      "abils" : [ ],
      "slot" : 3
    },
    "AbilitySlot4" : {
      "abils" : [ ],
      "slot" : 4
    }
  },
  "shipUpgradeInfo" : {
    "components" : {
      "flightControl" : [ ],
      "artillery" : [ {
        "name" : "PAUA631_B7_ART_STOCK",
        "ucType" : "_Artillery",
        "position" : 1,
        "elem" : 1,
        "prevType" : "artillery",
        "prevPosition" : 0,
        "components" : {
          "artillery" : [ "A1_Artillery", "B1_Artillery" ]
        },
        "ucTypeShort" : "artillery",
        "image" : "https://cdn.wowsft.com/images/modules/artillery.png"
      } ],
      "hull" : [ {
        "disabledAbilities" : [ "PCY004_Fighter", "PCY012_FighterPremium", "PCY026_FighterSuper" ],
        "name" : "PAUH632_Colorado_1942",
        "ucType" : "_Hull",
        "position" : 1,
        "elem" : 2,
        "prevType" : "hull",
        "prevPosition" : 0,
        "components" : {
          "airArmament" : [ "AB_AirArmament" ],
          "airDefense" : [ "A_AirDefense" ],
          "artillery" : [ "A1_Artillery" ],
          "atba" : [ "A_ATBA" ],
          "hull" : [ "A_Hull_1942" ],
          "torpedoes" : [ ]
        },
        "ucTypeShort" : "hull",
        "image" : "https://cdn.wowsft.com/images/modules/hull.png"
      }, {
        "disabledAbilities" : [ ],
        "nextShips" : [ "PASB012_North_Carolina_1945" ],
        "name" : "PAUH633_Colorado_1945",
        "prev" : "PAUH632_Colorado_1942",
        "ucType" : "_Hull",
        "position" : 2,
        "elem" : 2,
        "prevType" : "hull",
        "prevPosition" : 1,
        "prevElem" : 2,
        "components" : {
          "airArmament" : [ "AB_AirArmament" ],
          "airDefense" : [ "B_AirDefense" ],
          "artillery" : [ "B1_Artillery" ],
          "atba" : [ "B_ATBA" ],
          "hull" : [ "B_Hull_1945" ],
          "torpedoes" : [ ]
        },
        "ucTypeShort" : "hull",
        "image" : "https://cdn.wowsft.com/images/modules/hull.png"
      } ],
      "torpedoes" : [ ],
      "suo" : [ {
        "name" : "PAUS631_Suo",
        "ucType" : "_Suo",
        "position" : 1,
        "elem" : 4,
        "prevType" : "suo",
        "prevPosition" : 0,
        "components" : {
          "suo" : [ "AB1_FireControl" ]
        },
        "ucTypeShort" : "suo",
        "image" : "https://cdn.wowsft.com/images/modules/suo.png"
      }, {
        "name" : "PAUS632_Suo",
        "prev" : "PAUS631_Suo",
        "ucType" : "_Suo",
        "position" : 2,
        "elem" : 4,
        "prevType" : "suo",
        "prevPosition" : 1,
        "prevElem" : 4,
        "components" : {
          "suo" : [ "AB2_FireControl" ]
        },
        "ucTypeShort" : "suo",
        "image" : "https://cdn.wowsft.com/images/modules/suo.png"
      } ],
      "fighter" : [ ],
      "torpedoBomber" : [ ],
      "diveBomber" : [ ],
      "engine" : [ {
        "name" : "PAUE612_B7_ENG_STOCK",
        "ucType" : "_Engine",
        "position" : 1,
        "elem" : 8,
        "prevType" : "engine",
        "prevPosition" : 0,
        "components" : {
          "engine" : [ "AB1_Engine" ]
        },
        "ucTypeShort" : "engine",
        "image" : "https://cdn.wowsft.com/images/modules/engine.png"
      }, {
        "name" : "PAUE611_B7_ENG_TOP",
        "prev" : "PAUE612_B7_ENG_STOCK",
        "ucType" : "_Engine",
        "position" : 2,
        "elem" : 8,
        "prevType" : "engine",
        "prevPosition" : 1,
        "prevElem" : 8,
        "components" : {
          "engine" : [ "AB2_Engine" ]
        },
        "ucTypeShort" : "engine",
        "image" : "https://cdn.wowsft.com/images/modules/engine.png"
      } ]
    },
    "cols" : {
      "flightControl" : 0,
      "artillery" : 1,
      "hull" : 1,
      "torpedoes" : 0,
      "suo" : 1,
      "fighter" : 0,
      "torpedoBomber" : 0,
      "diveBomber" : 0,
      "engine" : 1
    },
    "maxRows" : 2,
    "costCR" : 6000000,
    "costXP" : 72500,
    "lockedConfig" : [ ],
    "value" : 1
  },
  "canEquipCamouflage" : true,
  "group" : "upgradeable",
  "id" : 4286527472,
  "index" : "PASB008",
  "level" : 7,
  "maxEquippedFlags" : 8,
  "name" : "PASB008_Colorado_1945",
  "navalFlag" : "usa",
  "needShowProjectYear" : true,
  "peculiarity" : "default",
  "steerAngle" : [ 0.2, 0.7, 1.0 ],
  "typeinfo" : {
    "nation" : "USA",
    "species" : "Battleship",
    "type" : "Ship"
  },
  "realShipType" : "Battleship",
  "realShipTypeId" : "BATTLESHIP",
  "research" : true,
  "prevShipIndex" : "PASB034",
  "prevShipName" : "PASB034_New_Mexico_1941",
  "prevShipXP" : 40000,
  "prevShipCompXP" : 16000,
  "typeImage" : "https://cdn.wowsft.com/images/vehicles/ship_classes/icon_battleship_standard.png",
  "imageSmall" : "https://cdn.wowsft.com/images/vehicles/ship_previews/PASB008.png"
}