{
  "components" : {
    "airDefense" : {
      "A_AirDefense" : {
        "auraMedium" : [ {
          "areaDamage" : 2.0,
          "areaDamageFrequency" : 0.285714285714,
          "enableBarrage" : true,
          "guns" : [ "HP_AGA_2" ],
          "hitChance" : 1.0,
          "joint" : true,
          "maxDistance" : 2500.0,
          "minDistance" : 100.0,
          "shotDelay" : 0.5,
          "shotTravelTime" : 1.5,
          "type" : "medium"
        } ],
        "ownerlessTracesScatterCoefficient" : 1.0,
        "sectors" : [ [ 0.0, 180.0 ], [ 180.0, 0.0 ] ],
        "prioritySectorPhases" : [ [ 5.0, "linear", 0.05, 1.0, 1.35 ], [ 5.0, "linear", 0.0, 1.35, 1.35 ] ],
        "prioritySectorPreparation" : 5.0,
        "prioritySectorDuration" : 5.0,
        "prioritySectorDamageInitial" : 0.05,
        "prioritySectorCoefficientInitial" : 1.0,
        "prioritySectorCoefficientDuring" : 1.35
      },
      "B_AirDefense" : {
        "auraMedium" : [ {
          "areaDamage" : 3.0,
          "areaDamageFrequency" : 0.285714285714,
          "enableBarrage" : true,
          "guns" : [ "HP_AGA_1", "HP_AGA_2" ],
          "hitChance" : 1.0,
          "joint" : true,
          "maxDistance" : 2500.0,
          "minDistance" : 100.0,
          "shotDelay" : 0.5,
          "shotTravelTime" : 1.5,
          "type" : "medium"
        } ],
        "ownerlessTracesScatterCoefficient" : 1.0,
        "sectors" : [ [ 0.0, 180.0 ], [ 180.0, 0.0 ] ],
        "prioritySectorPhases" : [ [ 5.0, "linear", 0.05, 1.0, 1.35 ], [ 5.0, "linear", 0.0, 1.35, 1.35 ] ],
        "prioritySectorPreparation" : 5.0,
        "prioritySectorDuration" : 5.0,
        "prioritySectorDamageInitial" : 0.05,
        "prioritySectorCoefficientInitial" : 1.0,
        "prioritySectorCoefficientDuring" : 1.35
      }
    },
    "artillery" : {
      "AB1_Artillery" : {
        "turrets" : [ {
          "ammoList" : [ "PAPA034_Shell_102mm_HE_HC_Mk_15", "PAPA033_Shell_102mm_AP_SC_Mk_16" ],
          "barrelDiameter" : 0.102,
          "coeffPerSecondMin" : 0.3,
          "deadZone" : [ [ 150.0, -150.0 ] ],
          "delim" : 0.5,
          "ellipseRangeMax" : 250.0,
          "ellipseRangeMin" : 50.0,
          "horizSector" : [ 0.0, 0.0 ],
          "id" : 4194953200,
          "idealDistance" : 1000.0,
          "idealRadius" : 8.0,
          "index" : "PAGM095",
          "maxEllipseRanging" : 1.003,
          "medEllipseRanging" : 1.002,
          "minEllipseRanging" : 1.001,
          "minRadius" : 0.5,
          "name" : "PAGM095_4in50_Mk12",
          "numBarrels" : 1,
          "onMoveTarPosCoeffDelim" : 1.001,
          "onMoveTarPosCoeffMaxDist" : 1.002,
          "onMoveTarPosCoeffZero" : 1.0,
          "onMoveTarPosDelim" : 0.1,
          "position" : [ 0.0, 1.0 ],
          "radiusOnDelim" : 0.5,
          "radiusOnMax" : 0.6,
          "radiusOnZero" : 0.2,
          "reduceTime" : 0.1,
          "rotationSpeed" : [ 11.5, 10.0 ],
          "shotDelay" : 7.0,
          "smokePenalty" : 1.0E-4,
          "typeinfo" : {
            "nation" : "USA",
            "species" : "Main",
            "type" : "Gun"
          },
          "vertSector" : [ -2.0, 20.0 ]
        }, {
          "ammoList" : [ "PAPA034_Shell_102mm_HE_HC_Mk_15", "PAPA033_Shell_102mm_AP_SC_Mk_16" ],
          "barrelDiameter" : 0.102,
          "coeffPerSecondMin" : 0.3,
          "deadZone" : [ ],
          "delim" : 0.5,
          "ellipseRangeMax" : 250.0,
          "ellipseRangeMin" : 50.0,
          "horizSector" : [ -170.0, 0.0 ],
          "id" : 4194953200,
          "idealDistance" : 1000.0,
          "idealRadius" : 8.0,
          "index" : "PAGM095",
          "maxEllipseRanging" : 1.003,
          "medEllipseRanging" : 1.002,
          "minEllipseRanging" : 1.001,
          "minRadius" : 0.5,
          "name" : "PAGM095_4in50_Mk12",
          "numBarrels" : 1,
          "onMoveTarPosCoeffDelim" : 1.001,
          "onMoveTarPosCoeffMaxDist" : 1.002,
          "onMoveTarPosCoeffZero" : 1.0,
          "onMoveTarPosDelim" : 0.1,
          "position" : [ 1.0, 1.75 ],
          "radiusOnDelim" : 0.5,
          "radiusOnMax" : 0.6,
          "radiusOnZero" : 0.2,
          "reduceTime" : 0.1,
          "rotationSpeed" : [ 11.5, 10.0 ],
          "shotDelay" : 7.0,
          "smokePenalty" : 1.0E-4,
          "typeinfo" : {
            "nation" : "USA",
            "species" : "Main",
            "type" : "Gun"
          },
          "vertSector" : [ -2.0, 20.0 ]
        }, {
          "ammoList" : [ "PAPA034_Shell_102mm_HE_HC_Mk_15", "PAPA033_Shell_102mm_AP_SC_Mk_16" ],
          "barrelDiameter" : 0.102,
          "coeffPerSecondMin" : 0.3,
          "deadZone" : [ ],
          "delim" : 0.5,
          "ellipseRangeMax" : 250.0,
          "ellipseRangeMin" : 50.0,
          "horizSector" : [ 0.0, 170.0 ],
          "id" : 4194953200,
          "idealDistance" : 1000.0,
          "idealRadius" : 8.0,
          "index" : "PAGM095",
          "maxEllipseRanging" : 1.003,
          "medEllipseRanging" : 1.002,
          "minEllipseRanging" : 1.001,
          "minRadius" : 0.5,
          "name" : "PAGM095_4in50_Mk12",
          "numBarrels" : 1,
          "onMoveTarPosCoeffDelim" : 1.001,
          "onMoveTarPosCoeffMaxDist" : 1.002,
          "onMoveTarPosCoeffZero" : 1.0,
          "onMoveTarPosDelim" : 0.1,
          "position" : [ 1.0, 0.25 ],
          "radiusOnDelim" : 0.5,
          "radiusOnMax" : 0.6,
          "radiusOnZero" : 0.2,
          "reduceTime" : 0.1,
          "rotationSpeed" : [ 11.5, 10.0 ],
          "shotDelay" : 7.0,
          "smokePenalty" : 1.0E-4,
          "typeinfo" : {
            "nation" : "USA",
            "species" : "Main",
            "type" : "Gun"
          },
          "vertSector" : [ -2.0, 20.0 ]
        }, {
          "ammoList" : [ "PAPA034_Shell_102mm_HE_HC_Mk_15", "PAPA033_Shell_102mm_AP_SC_Mk_16" ],
          "barrelDiameter" : 0.102,
          "coeffPerSecondMin" : 0.3,
          "deadZone" : [ ],
          "delim" : 0.5,
          "ellipseRangeMax" : 250.0,
          "ellipseRangeMin" : 50.0,
          "horizSector" : [ -150.0, 150.0 ],
          "id" : 4194953200,
          "idealDistance" : 1000.0,
          "idealRadius" : 8.0,
          "index" : "PAGM095",
          "maxEllipseRanging" : 1.003,
          "medEllipseRanging" : 1.002,
          "minEllipseRanging" : 1.001,
          "minRadius" : 0.5,
          "name" : "PAGM095_4in50_Mk12",
          "numBarrels" : 1,
          "onMoveTarPosCoeffDelim" : 1.001,
          "onMoveTarPosCoeffMaxDist" : 1.002,
          "onMoveTarPosCoeffZero" : 1.0,
          "onMoveTarPosDelim" : 0.1,
          "position" : [ 5.25, 1.0 ],
          "radiusOnDelim" : 0.5,
          "radiusOnMax" : 0.6,
          "radiusOnZero" : 0.2,
          "reduceTime" : 0.1,
          "rotationSpeed" : [ 11.5, 10.0 ],
          "shotDelay" : 7.0,
          "smokePenalty" : 1.0E-4,
          "typeinfo" : {
            "nation" : "USA",
            "species" : "Main",
            "type" : "Gun"
          },
          "vertSector" : [ -2.0, 20.0 ]
        } ],
        "turretTypes" : {
          "1" : [ 4, "PAGM095_4in50_Mk12" ]
        },
        "maxDist" : 7782.0,
        "minDistH" : 50.0,
        "minDistV" : 110.0,
        "normalDistribution" : true,
        "sigmaCount" : 2.0,
        "taperDist" : 4000.0,
        "GMIdealRadius" : 1.0,
        "barrelDiameter" : 0.102
      }
    },
    "hull" : {
      "A_Hull_1917" : {
        "backwardPowerCoef" : 2.0,
        "buoyancy" : 200000.0,
        "burnNodes" : [ [ 1.0, 0.3, 30.0 ], [ 1.0, 0.3, 30.0 ], [ 1.0, 0.3, 30.0 ], [ 1.0, 0.3, 30.0 ] ],
        "burnProb" : 1.0,
        "burnDamage" : 0.3,
        "burnTime" : 30.0,
        "burnSize" : 4.0,
        "deckHeight" : 4.1,
        "deepwaterVisibilityCoeff" : 0.1,
        "draft" : 11.0,
        "enginePower" : 17500.0,
        "floodNodes" : [ [ 0.333, 0.25, 40.0 ], [ 0.333, 0.25, 40.0 ] ],
        "floodProb" : 0.333,
        "floodProtection" : 0.09999999999999432,
        "floodDamage" : 0.25,
        "floodTime" : 40.0,
        "floodSize" : 2.0,
        "health" : 8500.0,
        "mass" : 1245000.0,
        "maxRudderAngle" : 30.0,
        "maxSpeed" : 29.5,
        "pushingMaxRudderAngle" : 16.0,
        "pushingMinRudderAngle" : 1.0,
        "rollEffect" : 1.9,
        "rudderPower" : 1.0E7,
        "rudderTime" : 5.25,
        "sideDragCoef" : 40000.0,
        "size" : [ 94.48, 9.08, 11.1 ],
        "smokeScanRadius" : 27.0,
        "speedCoef" : 1.0,
        "tonnage" : 1129.0,
        "torpedoImpactMassImpulseCoeff" : 0.5,
        "turningRadius" : 520.0,
        "underwaterVisibilityCoeff" : 0.5,
        "visibilityCoefATBA" : 1.0E-6,
        "visibilityCoefATBAByPlane" : 1.0E-6,
        "visibilityCoefFire" : 2.0,
        "visibilityCoefFireByPlane" : 3.0,
        "visibilityCoefGK" : 1.0E-6,
        "visibilityCoefGKByPlane" : 2.04,
        "visibilityCoefGKInSmoke" : 2.0,
        "visibilityCoeff" : 13.38,
        "visibilityFactor" : 5.94,
        "visibilityFactorByPlane" : 2.38,
        "visibilityFactorInSmoke" : 1.0E-6,
        "burnSizeSkill" : 4
      },
      "B_Hull_1931" : {
        "backwardPowerCoef" : 2.0,
        "buoyancy" : 200000.0,
        "burnNodes" : [ [ 1.0, 0.3, 30.0 ], [ 1.0, 0.3, 30.0 ], [ 1.0, 0.3, 30.0 ], [ 1.0, 0.3, 30.0 ] ],
        "burnProb" : 1.0,
        "burnDamage" : 0.3,
        "burnTime" : 30.0,
        "burnSize" : 4.0,
        "deckHeight" : 4.1,
        "deepwaterVisibilityCoeff" : 0.1,
        "draft" : 11.0,
        "enginePower" : 17500.0,
        "floodNodes" : [ [ 0.333, 0.25, 40.0 ], [ 0.333, 0.25, 40.0 ] ],
        "floodProb" : 0.333,
        "floodProtection" : 0.09999999999999432,
        "floodDamage" : 0.25,
        "floodTime" : 40.0,
        "floodSize" : 2.0,
        "health" : 9100.0,
        "mass" : 1245000.0,
        "maxRudderAngle" : 30.0,
        "maxSpeed" : 29.5,
        "pushingMaxRudderAngle" : 16.0,
        "pushingMinRudderAngle" : 1.0,
        "rollEffect" : 1.9,
        "rudderPower" : 1.0E7,
        "rudderTime" : 3.5,
        "sideDragCoef" : 40000.0,
        "size" : [ 94.48, 9.08, 11.1 ],
        "smokeScanRadius" : 27.0,
        "speedCoef" : 1.0,
        "tonnage" : 1245.0,
        "torpedoImpactMassImpulseCoeff" : 0.5,
        "turningRadius" : 520.0,
        "underwaterVisibilityCoeff" : 0.5,
        "visibilityCoefATBA" : 1.0E-6,
        "visibilityCoefATBAByPlane" : 1.0E-6,
        "visibilityCoefFire" : 2.0,
        "visibilityCoefFireByPlane" : 3.0,
        "visibilityCoefGK" : 1.0E-6,
        "visibilityCoefGKByPlane" : 2.04,
        "visibilityCoefGKInSmoke" : 2.0,
        "visibilityCoeff" : 13.38,
        "visibilityFactor" : 5.94,
        "visibilityFactorByPlane" : 2.38,
        "visibilityFactorInSmoke" : 1.0E-6,
        "burnSizeSkill" : 4
      }
    },
    "suo" : {
      "AB1_FireControl" : {
        "maxDistCoef" : 1.0,
        "sigmaCountCoef" : 1.0
      },
      "AB2_FireControl" : {
        "maxDistCoef" : 1.1,
        "sigmaCountCoef" : 1.0
      }
    },
    "torpedoes" : {
      "AB1_Torpedoes" : {
        "launchers" : [ {
          "ammoList" : [ "PAPT019_Whitehead_Mk5" ],
          "barrelDiameter" : 0.457,
          "canRotate" : true,
          "deadZone" : [ [ 0.0, 25.0 ] ],
          "horizSector" : [ 0.0, 150.0 ],
          "id" : 4189480944,
          "index" : "PAGT100",
          "mainSector" : [ -90.0, 90.0 ],
          "name" : "PAGT100_18in_Mk6_Torpedo_Twin_Tube",
          "numAmmos" : 1000,
          "numBarrels" : 2,
          "position" : [ 2.0, 0.0 ],
          "rotationSpeed" : [ 25.0, 25.0 ],
          "shootSector" : [ 0.0, 1.0 ],
          "shotDelay" : 22.0,
          "timeBetweenShots" : 0.2,
          "timeToChangeAngle" : 1.0,
          "timeToChangeSpeed" : 1.0,
          "torpedoAngles" : [ 2.4, 8.0 ],
          "typeinfo" : {
            "nation" : "USA",
            "species" : "Torpedo",
            "type" : "Gun"
          },
          "vertSector" : [ 0.0, 1.0 ]
        }, {
          "ammoList" : [ "PAPT019_Whitehead_Mk5" ],
          "barrelDiameter" : 0.457,
          "canRotate" : true,
          "deadZone" : [ [ -25.0, 0.0 ] ],
          "horizSector" : [ 210.0, 0.0 ],
          "id" : 4189480944,
          "index" : "PAGT100",
          "mainSector" : [ -90.0, 90.0 ],
          "name" : "PAGT100_18in_Mk6_Torpedo_Twin_Tube",
          "numAmmos" : 1000,
          "numBarrels" : 2,
          "position" : [ 2.75, 2.0 ],
          "rotationSpeed" : [ 25.0, 25.0 ],
          "shootSector" : [ 0.0, 1.0 ],
          "shotDelay" : 22.0,
          "timeBetweenShots" : 0.2,
          "timeToChangeAngle" : 1.0,
          "timeToChangeSpeed" : 1.0,
          "torpedoAngles" : [ 2.4, 8.0 ],
          "typeinfo" : {
            "nation" : "USA",
            "species" : "Torpedo",
            "type" : "Gun"
          },
          "vertSector" : [ 0.0, 1.0 ]
        }, {
          "ammoList" : [ "PAPT019_Whitehead_Mk5" ],
          "barrelDiameter" : 0.457,
          "canRotate" : true,
          "deadZone" : [ [ -30.0, 0.0 ] ],
          "horizSector" : [ -145.0, 0.0 ],
          "id" : 4189480944,
          "index" : "PAGT100",
          "mainSector" : [ -90.0, 90.0 ],
          "name" : "PAGT100_18in_Mk6_Torpedo_Twin_Tube",
          "numAmmos" : 1000,
          "numBarrels" : 2,
          "position" : [ 3.5, 0.0 ],
          "rotationSpeed" : [ 25.0, 25.0 ],
          "shootSector" : [ 0.0, 1.0 ],
          "shotDelay" : 22.0,
          "timeBetweenShots" : 0.2,
          "timeToChangeAngle" : 1.0,
          "timeToChangeSpeed" : 1.0,
          "torpedoAngles" : [ 2.4, 8.0 ],
          "typeinfo" : {
            "nation" : "USA",
            "species" : "Torpedo",
            "type" : "Gun"
          },
          "vertSector" : [ 0.0, 1.0 ]
        }, {
          "ammoList" : [ "PAPT019_Whitehead_Mk5" ],
          "barrelDiameter" : 0.457,
          "canRotate" : true,
          "deadZone" : [ [ 0.0, 25.0 ] ],
          "horizSector" : [ 0.0, 145.0 ],
          "id" : 4189480944,
          "index" : "PAGT100",
          "mainSector" : [ -90.0, 90.0 ],
          "name" : "PAGT100_18in_Mk6_Torpedo_Twin_Tube",
          "numAmmos" : 1000,
          "numBarrels" : 2,
          "position" : [ 4.25, 2.0 ],
          "rotationSpeed" : [ 25.0, 25.0 ],
          "shootSector" : [ 0.0, 1.0 ],
          "shotDelay" : 22.0,
          "timeBetweenShots" : 0.2,
          "timeToChangeAngle" : 1.0,
          "timeToChangeSpeed" : 1.0,
          "torpedoAngles" : [ 2.4, 8.0 ],
          "typeinfo" : {
            "nation" : "USA",
            "species" : "Torpedo",
            "type" : "Gun"
          },
          "vertSector" : [ 0.0, 1.0 ]
        } ],
        "launcherTypes" : {
          "2" : [ 4, "PAGT100_18in_Mk6_Torpedo_Twin_Tube" ]
        },
        "numTorpsInSalvo" : 2,
        "oneShotWaitTime" : 2.0
      },
      "B2_Torpedoes" : {
        "launchers" : [ {
          "ammoList" : [ "PAPT020_Bliss_Leavitt_Mk7_mod_0" ],
          "barrelDiameter" : 0.457,
          "canRotate" : true,
          "deadZone" : [ [ 0.0, 25.0 ] ],
          "horizSector" : [ 0.0, 150.0 ],
          "id" : 4189480944,
          "index" : "PAGT100",
          "mainSector" : [ -90.0, 90.0 ],
          "name" : "PAGT100_18in_Mk6_Torpedo_Twin_Tube",
          "numAmmos" : 1000,
          "numBarrels" : 2,
          "position" : [ 2.0, 0.0 ],
          "rotationSpeed" : [ 25.0, 25.0 ],
          "shootSector" : [ 0.0, 1.0 ],
          "shotDelay" : 23.0,
          "timeBetweenShots" : 0.2,
          "timeToChangeAngle" : 1.0,
          "timeToChangeSpeed" : 1.0,
          "torpedoAngles" : [ 2.4, 8.0 ],
          "typeinfo" : {
            "nation" : "USA",
            "species" : "Torpedo",
            "type" : "Gun"
          },
          "vertSector" : [ 0.0, 1.0 ]
        }, {
          "ammoList" : [ "PAPT020_Bliss_Leavitt_Mk7_mod_0" ],
          "barrelDiameter" : 0.457,
          "canRotate" : true,
          "deadZone" : [ [ -25.0, 0.0 ] ],
          "horizSector" : [ 210.0, 0.0 ],
          "id" : 4189480944,
          "index" : "PAGT100",
          "mainSector" : [ -90.0, 90.0 ],
          "name" : "PAGT100_18in_Mk6_Torpedo_Twin_Tube",
          "numAmmos" : 1000,
          "numBarrels" : 2,
          "position" : [ 2.75, 2.0 ],
          "rotationSpeed" : [ 25.0, 25.0 ],
          "shootSector" : [ 0.0, 1.0 ],
          "shotDelay" : 23.0,
          "timeBetweenShots" : 0.2,
          "timeToChangeAngle" : 1.0,
          "timeToChangeSpeed" : 1.0,
          "torpedoAngles" : [ 2.4, 8.0 ],
          "typeinfo" : {
            "nation" : "USA",
            "species" : "Torpedo",
            "type" : "Gun"
          },
          "vertSector" : [ 0.0, 1.0 ]
        }, {
          "ammoList" : [ "PAPT020_Bliss_Leavitt_Mk7_mod_0" ],
          "barrelDiameter" : 0.457,
          "canRotate" : true,
          "deadZone" : [ [ -30.0, 0.0 ] ],
          "horizSector" : [ -145.0, 0.0 ],
          "id" : 4189480944,
          "index" : "PAGT100",
          "mainSector" : [ -90.0, 90.0 ],
          "name" : "PAGT100_18in_Mk6_Torpedo_Twin_Tube",
          "numAmmos" : 1000,
          "numBarrels" : 2,
          "position" : [ 3.5, 0.0 ],
          "rotationSpeed" : [ 25.0, 25.0 ],
          "shootSector" : [ 0.0, 1.0 ],
          "shotDelay" : 23.0,
          "timeBetweenShots" : 0.2,
          "timeToChangeAngle" : 1.0,
          "timeToChangeSpeed" : 1.0,
          "torpedoAngles" : [ 2.4, 8.0 ],
          "typeinfo" : {
            "nation" : "USA",
            "species" : "Torpedo",
            "type" : "Gun"
          },
          "vertSector" : [ 0.0, 1.0 ]
        }, {
          "ammoList" : [ "PAPT020_Bliss_Leavitt_Mk7_mod_0" ],
          "barrelDiameter" : 0.457,
          "canRotate" : true,
          "deadZone" : [ [ 0.0, 25.0 ] ],
          "horizSector" : [ 0.0, 145.0 ],
          "id" : 4189480944,
          "index" : "PAGT100",
          "mainSector" : [ -90.0, 90.0 ],
          "name" : "PAGT100_18in_Mk6_Torpedo_Twin_Tube",
          "numAmmos" : 1000,
          "numBarrels" : 2,
          "position" : [ 4.25, 2.0 ],
          "rotationSpeed" : [ 25.0, 25.0 ],
          "shootSector" : [ 0.0, 1.0 ],
          "shotDelay" : 23.0,
          "timeBetweenShots" : 0.2,
          "timeToChangeAngle" : 1.0,
          "timeToChangeSpeed" : 1.0,
          "torpedoAngles" : [ 2.4, 8.0 ],
          "typeinfo" : {
            "nation" : "USA",
            "species" : "Torpedo",
            "type" : "Gun"
          },
          "vertSector" : [ 0.0, 1.0 ]
        } ],
        "launcherTypes" : {
          "2" : [ 4, "PAGT100_18in_Mk6_Torpedo_Twin_Tube" ]
        },
        "numTorpsInSalvo" : 2,
        "oneShotWaitTime" : 2.0
      }
    },
    "engine" : {
      "EngineDefault" : {
        "backwardEngineForsag" : 2.5,
        "backwardEngineForsagMaxSpeed" : 2.5,
        "backwardEngineUpTime" : 10.0,
        "backwardSpeedOnFlood" : -0.6,
        "damagedEnginePowerMultiplier" : -0.13,
        "damagedEnginePowerTimeMultiplier" : 6.5,
        "forwardEngineForsag" : 2.5,
        "forwardEngineForsagMaxSpeed" : 2.5,
        "forwardEngineUpTime" : 20.0,
        "forwardSpeedOnFlood" : -0.3,
        "histEnginePower" : 17500.0
      }
    }
  },
  "shipAbilities" : {
    "AbilitySlot0" : {
      "abils" : [ [ "PCY001_CrashCrew", "D" ], [ "PCY009_CrashCrewPremium", "D_Gold" ] ],
      "slot" : 0
    },
    "AbilitySlot1" : {
      "abils" : [ [ "PCY006_SmokeGenerator", "US_Lvl_2" ], [ "PCY014_SmokeGeneratorPremium", "US_Lvl_2_Gold" ] ],
      "slot" : 1
    },
    "AbilitySlot2" : {
      "abils" : [ [ "PCY007_SpeedBooster", "Default" ], [ "PCY015_SpeedBoosterPremium", "Default" ] ],
      "slot" : 2
    },
    "AbilitySlot3" : {
      "abils" : [ ],
      "slot" : 3
    },
    "AbilitySlot4" : {
      "abils" : [ ],
      "slot" : 4
    }
  },
  "shipUpgradeInfo" : {
    "components" : {
      "flightControl" : [ ],
      "artillery" : [ {
        "name" : "PAUA131_D2_ART_STOCK",
        "ucType" : "_Artillery",
        "position" : 1,
        "elem" : 1,
        "prevType" : "artillery",
        "prevPosition" : 0,
        "components" : {
          "artillery" : [ "AB1_Artillery" ]
        },
        "ucTypeShort" : "artillery",
        "image" : "https://cdn.wowsft.com/images/modules/artillery.png"
      } ],
      "hull" : [ {
        "disabledAbilities" : [ ],
        "name" : "PAUH111_Sampson_1917",
        "ucType" : "_Hull",
        "position" : 1,
        "elem" : 2,
        "prevType" : "hull",
        "prevPosition" : 0,
        "components" : {
          "airArmament" : [ ],
          "airDefense" : [ "A_AirDefense" ],
          "artillery" : [ "AB1_Artillery" ],
          "atba" : [ ],
          "hull" : [ "A_Hull_1917" ],
          "torpedoes" : [ "AB1_Torpedoes" ]
        },
        "ucTypeShort" : "hull",
        "image" : "https://cdn.wowsft.com/images/modules/hull.png"
      }, {
        "disabledAbilities" : [ ],
        "nextShips" : [ "PASD027_Wickes_1918" ],
        "name" : "PAUH112_Sampson_1931",
        "prev" : "PAUH111_Sampson_1917",
        "ucType" : "_Hull",
        "position" : 2,
        "elem" : 2,
        "prevType" : "hull",
        "prevPosition" : 1,
        "prevElem" : 2,
        "components" : {
          "airArmament" : [ ],
          "airDefense" : [ "B_AirDefense" ],
          "artillery" : [ "AB1_Artillery" ],
          "atba" : [ ],
          "hull" : [ "B_Hull_1931" ],
          "torpedoes" : [ "AB1_Torpedoes", "B2_Torpedoes" ]
        },
        "ucTypeShort" : "hull",
        "image" : "https://cdn.wowsft.com/images/modules/hull.png"
      } ],
      "torpedoes" : [ {
        "name" : "PAUT102_D2_TORP_STOCK",
        "ucType" : "_Torpedoes",
        "position" : 1,
        "elem" : 3,
        "prevType" : "torpedoes",
        "prevPosition" : 0,
        "components" : {
          "torpedoes" : [ "AB1_Torpedoes" ]
        },
        "ucTypeShort" : "torpedoes",
        "image" : "https://cdn.wowsft.com/images/modules/torpedoes.png"
      }, {
        "name" : "PAUT103_D2_TORP_TOP",
        "prev" : "PAUH112_Sampson_1931",
        "ucType" : "_Torpedoes",
        "position" : 2,
        "elem" : 3,
        "prevType" : "hull",
        "prevPosition" : 2,
        "prevElem" : 2,
        "components" : {
          "torpedoes" : [ "B2_Torpedoes" ]
        },
        "ucTypeShort" : "torpedoes",
        "image" : "https://cdn.wowsft.com/images/modules/torpedoes.png"
      } ],
      "suo" : [ {
        "name" : "PAUS211_Suo",
        "ucType" : "_Suo",
        "position" : 1,
        "elem" : 4,
        "prevType" : "suo",
        "prevPosition" : 0,
        "components" : {
          "suo" : [ "AB1_FireControl" ]
        },
        "ucTypeShort" : "suo",
        "image" : "https://cdn.wowsft.com/images/modules/suo.png"
      }, {
        "name" : "PAUS212_Suo",
        "prev" : "PAUS211_Suo",
        "ucType" : "_Suo",
        "position" : 2,
        "elem" : 4,
        "prevType" : "suo",
        "prevPosition" : 1,
        "prevElem" : 4,
        "components" : {
          "suo" : [ "AB2_FireControl" ]
        },
        "ucTypeShort" : "suo",
        "image" : "https://cdn.wowsft.com/images/modules/suo.png"
      } ],
      "fighter" : [ ],
      "torpedoBomber" : [ ],
      "diveBomber" : [ ],
      "engine" : [ {
        "name" : "PAUE103_D2_ENG_STOCK",
        "ucType" : "_Engine",
        "position" : 1,
        "elem" : 8,
        "prevType" : "engine",
        "prevPosition" : 0,
        "components" : {
          "engine" : [ "EngineDefault" ]
        },
        "ucTypeShort" : "engine",
        "image" : "https://cdn.wowsft.com/images/modules/engine.png"
      } ]
    },
    "cols" : {
      "flightControl" : 0,
      "artillery" : 1,
      "hull" : 1,
      "torpedoes" : 1,
      "suo" : 1,
      "fighter" : 0,
      "torpedoBomber" : 0,
      "diveBomber" : 0,
      "engine" : 1
    },
    "maxRows" : 2,
    "costCR" : 60000,
    "costXP" : 720,
    "lockedConfig" : [ ],
    "value" : 1
  },
  "apDamageLimitCoeff" : 0.1,
  "canEquipCamouflage" : true,
  "group" : "upgradeable",
  "id" : 4292753392,
  "index" : "PASD002",
  "level" : 2,
  "maxEquippedFlags" : 8,
  "name" : "PASD002_Sampson_1917",
  "navalFlag" : "usa",
  "needShowProjectYear" : true,
  "peculiarity" : "default",
  "steerAngle" : [ 0.2, 0.7, 1.0 ],
  "typeinfo" : {
    "nation" : "USA",
    "species" : "Destroyer",
    "type" : "Ship"
  },
  "realShipType" : "Destroyer",
  "realShipTypeId" : "DESTROYER",
  "research" : true,
  "prevShipIndex" : "PASC002",
  "prevShipName" : "PASC002_Chester_1908",
  "prevShipXP" : 350,
  "prevShipCompXP" : 170,
  "typeImage" : "https://cdn.wowsft.com/images/vehicles/ship_classes/icon_destroyer_standard.png",
  "imageSmall" : "https://cdn.wowsft.com/images/vehicles/ship_previews/PASD002.png"
}