{
  "alphaDamage" : 10300.0,
  "alphaPiercingCS" : 0,
  "alphaPiercingHE" : 0.0,
  "ammoType" : "AP",
  "bulletAirDrag" : 0.332,
  "bulletAlwaysRicochetAt" : 60.0,
  "bulletCap" : true,
  "bulletCapNormalizeMaxAngle" : 6.0,
  "bulletDetonator" : 0.033,
  "bulletDetonatorSpread" : 0.0,
  "bulletDetonatorThreshold" : 59.0,
  "bulletDiametr" : 0.356,
  "bulletKrupp" : 2604.0,
  "bulletMass" : 680.4,
  "bulletPenetrationSpread" : 0.0,
  "bulletRicochetAt" : 45.0,
  "bulletSpeed" : 792.0,
  "bulletUnderwaterDistFactor" : 0.8,
  "bulletUnderwaterPenetrationFactor" : 0.9,
  "bulletWaterDrag" : 10.0,
  "burnProb" : -0.5,
  "costCR" : 60,
  "createDepthCharge" : false,
  "crewSmokeTexture" : "particles/trails/Trail_smoke_commander_R.dds",
  "customTrails" : {
    "PAW404_Ovechkin" : "particles/trails/Trail_smoke_commander_B.dds",
    "PAW405_OvechkinPrem" : "particles/trails/Trail_smoke_commander_B.dds",
    "PAW406_OvechkinPremHell" : "particles/trails/Trail_smoke_commander_B.dds",
    "PFW405_Auboyneau" : "particles/trails/Trail_smoke_commander_LB.dds",
    "PGW103_Lutjens" : "particles/trails/Trail_smoke_commander_RBl.dds",
    "PIW101_Sansonetti" : "particles/trails/Trail_smoke_commander_GWR.dds",
    "PRW404_Ovechkin" : "particles/trails/Trail_smoke_commander_B.dds",
    "PRW406_Kuznetsov" : "particles/trails/Trail_smoke_commander_Kuznetsov.dds",
    "default" : "particles/trails/Trail_smoke_commander_R.dds"
  },
  "damage" : 0.0,
  "depthChargeName" : "PCPD010",
  "directDamage" : 0.0,
  "ground" : "particles/onGroundExplosion360mm.xml",
  "hatTracerTexture" : "particles/trails/Trail_Shell_Hat_Enemy.dds",
  "hitDecalSize" : 0.35,
  "id" : 4225745904,
  "index" : "PAPA066",
  "name" : "PAPA066_SHELL_356MM_AP_MK_16_TEXAS",
  "ownHatTracerTexture" : "particles/trails/Trail_Shell_Hat.dds",
  "ownTracerEffect" : "",
  "ownTracerTexture" : "particles/trails/Trail_Gk.dds",
  "projDestroyedEffect" : "particles/Explosion_360_AP_Void.xml",
  "shellGlow" : 2.5,
  "shellLength" : 1.6,
  "shellModelScale" : 0.1,
  "shipDestroyEffect" : "particles/onWaterExplosion127mm.xml",
  "shotSound" : "GameLogic.Shot.GK.IncomingShell",
  "smokeAlphaFalloff" : 70.0,
  "smokeOpacity" : 0.37,
  "smokeTexture" : "particles/trails/Trail_smoke.dds",
  "smokeThickness" : 0.2,
  "smokeTileLength" : 22.0,
  "splashArmorCoeff" : 0.0,
  "splashCubeSize" : 0.0,
  "tracerEffect" : "",
  "tracerLength" : 75.0,
  "tracerOpacity" : 1.0,
  "tracerTexture" : "particles/trails/Trail_Gk_Enemy.dds",
  "tracerThickness" : 0.075,
  "typeinfo" : {
    "nation" : "USA",
    "species" : "Artillery",
    "type" : "Projectile"
  },
  "useSpecialShellModel" : false,
  "uwAbility" : false,
  "uwCritical" : 0.0,
  "volume" : 0.0,
  "water" : "particles/onWaterExplosion360mm.xml",
  "waterRefractionReflectDeltaAngleInterval" : [ 2.0, 6.0 ]
}