{
  "alphaDamage" : 4900.0,
  "alphaPiercingCS" : 0,
  "alphaPiercingHE" : 59.0,
  "ammoType" : "HE",
  "bulletAirDrag" : 0.366,
  "bulletAlwaysRicochetAt" : 60.0,
  "bulletCap" : true,
  "bulletCapNormalizeMaxAngle" : 8.0,
  "bulletDetonator" : 0.001,
  "bulletDetonatorSpread" : 0.0,
  "bulletDetonatorThreshold" : 2.0,
  "bulletDiametr" : 0.356,
  "bulletKrupp" : 38.0,
  "bulletMass" : 635.0,
  "bulletPenetrationSpread" : 0.0,
  "bulletRicochetAt" : 91.0,
  "bulletSpeed" : 853.0,
  "bulletUnderwaterDistFactor" : 0.8,
  "bulletUnderwaterPenetrationFactor" : 0.9,
  "bulletWaterDrag" : 10.0,
  "burnProb" : 0.27,
  "costCR" : 60,
  "createDepthCharge" : false,
  "crewSmokeTexture" : "particles/trails/Trail_smoke_commander_R.dds",
  "customTrails" : {
    "PAW404_Ovechkin" : "particles/trails/Trail_smoke_commander_B.dds",
    "PAW405_OvechkinPrem" : "particles/trails/Trail_smoke_commander_B.dds",
    "PAW406_OvechkinPremHell" : "particles/trails/Trail_smoke_commander_B.dds",
    "PFW405_Auboyneau" : "particles/trails/Trail_smoke_commander_LB.dds",
    "PGW103_Lutjens" : "particles/trails/Trail_smoke_commander_RBl.dds",
    "PIW101_Sansonetti" : "particles/trails/Trail_smoke_commander_GWR.dds",
    "PRW404_Ovechkin" : "particles/trails/Trail_smoke_commander_B.dds",
    "PRW406_Kuznetsov" : "particles/trails/Trail_smoke_commander_Kuznetsov.dds",
    "default" : "particles/trails/Trail_smoke_commander_R.dds"
  },
  "damage" : 3300.0,
  "depthChargeName" : "PCPD010",
  "directDamage" : 0.0,
  "ground" : "particles/onGroundExplosion360mm.xml",
  "hatTracerTexture" : "particles/trails/Trail_Shell_Hat_HE_Enemy.dds",
  "hitDecalSize" : 0.5,
  "id" : 4240425968,
  "index" : "PAPA052",
  "name" : "PAPA052_356mm_HE_Common_1400lbs",
  "ownHatTracerTexture" : "particles/trails/Trail_Shell_Hat_HE.dds",
  "ownTracerEffect" : "",
  "ownTracerTexture" : "particles/trails/Trail_Gk_HE.dds",
  "projDestroyedEffect" : "particles/Explosion_360_HE_Void.xml",
  "shellGlow" : 10.0,
  "shellLength" : 3.5,
  "shellModelScale" : 0.11,
  "shipDestroyEffect" : "particles/onWaterExplosion127mm.xml",
  "shotSound" : "GameLogic.Shot.GK.IncomingShell",
  "smokeAlphaFalloff" : 70.0,
  "smokeOpacity" : 0.8,
  "smokeTexture" : "particles/trails/Trail_smoke_R.dds",
  "smokeThickness" : 0.2,
  "smokeTileLength" : 22.0,
  "splashArmorCoeff" : -0.15,
  "splashCubeSize" : 1.95,
  "tracerEffect" : "",
  "tracerLength" : 75.0,
  "tracerOpacity" : 1.0,
  "tracerTexture" : "particles/trails/Trail_Gk_HE_Enemy.dds",
  "tracerThickness" : 0.11,
  "typeinfo" : {
    "nation" : "USA",
    "species" : "Artillery",
    "type" : "Projectile"
  },
  "useSpecialShellModel" : false,
  "uwAbility" : false,
  "uwCritical" : 0.0,
  "volume" : 4.68,
  "water" : "particles/onWaterExplosion360mm.xml",
  "waterRefractionReflectDeltaAngleInterval" : [ 2.0, 6.0 ]
}