{
  "additionalShips" : [ ],
  "alertDist" : 100,
  "alphaDamage" : 10000.0,
  "alphaPiercingHE" : 1000.0,
  "ammoType" : "torpedo",
  "armingTime" : 5.0,
  "bulletDiametr" : 0.569,
  "burnProb" : 0.0,
  "costCR" : 75,
  "damage" : 900.0,
  "damageUW" : 43900.0,
  "depth" : 0.14,
  "directDamage" : 0.0,
  "dropToTheGroundEffect" : "particles/airplanes/Air_torpedo_ground_1.xml",
  "fallingTimeCoef" : 1,
  "fallingTracerEffect" : "particles/Empty_FX.xml",
  "ground" : "particles/onGroundExplosionTorpedo.xml",
  "hitDecalSize" : 0.0,
  "id" : 4178985968,
  "ignoreClasses" : [ ],
  "index" : "PAPT110",
  "isDeepWater" : false,
  "maxDist" : 133.0,
  "model" : "content/gameplay/usa/projectile/torpedo/APT009_Avia_Bliss_Leavitt_Mk7D/APT009_Avia_Bliss_Leavitt_Mk7D.model",
  "name" : "PAPT110_Midway_stock",
  "ownTracerEffect" : "particles/tracerTorpedo_avatar.xml",
  "planeAmmoType" : "torpedo",
  "projDestroyedEffect" : "particles/onShipHitTorpedo_J.xml",
  "shipDestroyEffect" : "particles/onWaterExplosion127mm.xml",
  "speed" : 35.0,
  "splashArmorCoeff" : 0.1,
  "splashCubeSize" : 0.7,
  "tracerEffect" : "particles/tracerTorpedo.xml",
  "typeinfo" : {
    "nation" : "USA",
    "species" : "Torpedo",
    "type" : "Projectile"
  },
  "uwAbility" : true,
  "uwCritical" : 0.33,
  "visibilityFactor" : 1.1,
  "volume" : 0.6,
  "water" : "particles/airplanes/Air_torpedo_drop.xml"
}