{
  "additionalShips" : [ ],
  "alertDist" : 100,
  "alphaDamage" : 32500.0,
  "alphaPiercingHE" : 1000.0,
  "ammoType" : "torpedo",
  "armingTime" : 1,
  "bulletDiametr" : 0.533,
  "burnProb" : 0.0,
  "costCR" : 250,
  "damage" : 900.0,
  "damageUW" : 43900.0,
  "depth" : 0.14,
  "directDamage" : 0.0,
  "dropToTheGroundEffect" : "particles/airplanes/Air_torpedo_ground_1.xml",
  "fallingTimeCoef" : 1,
  "fallingTracerEffect" : "particles/airplanes/Air_state_3_fire.xml",
  "ground" : "particles/onGroundExplosionTorpedo.xml",
  "hitDecalSize" : 0.0,
  "id" : 4270212080,
  "ignoreClasses" : [ ],
  "index" : "PAPT023",
  "isDeepWater" : false,
  "maxDist" : 213.0,
  "model" : "content/gameplay/usa/projectile/torpedo/APT011_Sea_Torpedo_Mk_11/APT011_Sea_Torpedo_Mk_11.model",
  "name" : "PAPT023_Mk_12",
  "ownTracerEffect" : "particles/tracerTorpedo_avatar.xml",
  "planeAmmoType" : "torpedo",
  "projDestroyedEffect" : "particles/onShipHitTorpedo_J.xml",
  "shipDestroyEffect" : "particles/onWaterExplosion127mm.xml",
  "speed" : 64.0,
  "splashArmorCoeff" : 0.3,
  "splashCubeSize" : 1.0,
  "tracerEffect" : "particles/tracerTorpedo.xml",
  "typeinfo" : {
    "nation" : "USA",
    "species" : "Torpedo",
    "type" : "Projectile"
  },
  "uwAbility" : true,
  "uwCritical" : 1.92,
  "visibilityFactor" : 1.3,
  "volume" : 0.8,
  "water" : "particles/onShipHitTorpedo.xml"
}