{
  "components" : {
    "flightControl" : {
      "AB1_FlightControl" : {
        "consumablePlanesReserve" : {
          "Fighter" : 1,
          "Scout" : 0
        },
        "consumableSquadrons" : [ ],
        "hasConsumablePlanes" : false,
        "planesReserveAssignment" : {
          "Auxiliary" : 0,
          "Bomber" : 1,
          "Dive" : 1,
          "Fighter" : 1,
          "Scout" : 0
        },
        "prepareTimeFactor" : 1.0,
        "squadrons" : [ "Fighter", "Bomber", "Dive" ],
        "isGroundAttackEnabled" : true
      }
    },
    "airArmament" : {
      "A1_AirArmament" : {
        "auraCoeff" : 1.0,
        "deckPlaceCount" : 24.0,
        "launchPrepareTime" : 0.0,
        "launchpadType" : "deck",
        "planesReserveCapacity" : 24.0,
        "independentLaunchpad" : false
      },
      "B2_AirArmament" : {
        "auraCoeff" : 1.0,
        "deckPlaceCount" : 24.0,
        "launchPrepareTime" : 0.0,
        "launchpadType" : "deck",
        "planesReserveCapacity" : 30.0,
        "independentLaunchpad" : false
      }
    },
    "airDefense" : {
      "B_AirDefense" : {
        "auraMedium" : [ {
          "areaDamage" : 11.0,
          "areaDamageFrequency" : 0.2857143,
          "enableBarrage" : true,
          "guns" : [ "HP_AGA_7", "HP_AGA_8", "HP_AGA_9", "HP_AGA_10" ],
          "hitChance" : 1.0,
          "joint" : true,
          "maxDistance" : 3500.0,
          "minDistance" : 100.0,
          "shotDelay" : 0.5,
          "shotTravelTime" : 1.5,
          "type" : "medium"
        } ],
        "auraNear" : [ {
          "areaDamage" : 66.0,
          "areaDamageFrequency" : 0.2857143,
          "enableBarrage" : true,
          "guns" : [ "HP_AGA_1", "HP_AGA_2", "HP_AGA_3", "HP_AGA_4", "HP_AGA_5", "HP_AGA_6", "HP_AGA_11", "HP_AGA_12", "HP_AGA_13", "HP_AGA_14", "HP_AGA_15", "HP_AGA_16", "HP_AGA_17", "HP_AGA_18", "HP_AGA_19", "HP_AGA_20" ],
          "hitChance" : 0.95,
          "joint" : true,
          "maxDistance" : 1500.0,
          "minDistance" : 100.0,
          "shotDelay" : 0.1,
          "shotTravelTime" : 1.0,
          "type" : "near"
        } ],
        "ownerlessTracesScatterCoefficient" : 1.0,
        "sectors" : [ [ 0.0, 180.0 ], [ 180.0, 0.0 ] ],
        "prioritySectorPhases" : [ [ 5.0, "linear", 0.035, 1.0, 1.35 ], [ 10.0, "linear", 0.0, 1.35, 1.35 ] ],
        "prioritySectorPreparation" : 5.0,
        "prioritySectorDuration" : 10.0,
        "prioritySectorDamageInitial" : 0.035,
        "prioritySectorCoefficientInitial" : 1.0,
        "prioritySectorCoefficientDuring" : 1.35
      }
    },
    "atba" : {
      "ATBADefault" : {
        "secondaries" : {
          "PAGS029_5in51_Mk_7" : {
            "ammoList" : [ "PAPA008_Shell_127mm_HE_HC_Mk_39" ],
            "barrelDiameter" : 0.127,
            "deadZone" : [ ],
            "delim" : 0.6,
            "horizSector" : [ 230.0, 0.0 ],
            "id" : 4263962608,
            "idealDistance" : 333.333,
            "idealRadius" : 20.0,
            "index" : "PAGS029",
            "minRadius" : 1.0,
            "name" : "PAGS029_5in51_Mk_7",
            "numBarrels" : 1,
            "radiusOnDelim" : 0.8,
            "radiusOnMax" : 1.0,
            "radiusOnZero" : 0.1,
            "rotationSpeed" : [ 60.0, 1.0 ],
            "shotDelay" : 7.0,
            "smallGun" : true,
            "smokePenalty" : 1.0E-4,
            "typeinfo" : {
              "nation" : "USA",
              "species" : "Secondary",
              "type" : "Gun"
            },
            "vertSector" : [ 0.0, 18.0 ],
            "GSIdealRadius" : 1.0,
            "count" : 4
          }
        },
        "maxDist" : 3500.0,
        "minDistH" : 50.0,
        "minDistV" : 110.0,
        "sigmaCount" : 1.0,
        "GSIdealRadius" : 1.0
      }
    },
    "hull" : {
      "A_Hull_1929" : {
        "backwardPowerCoef" : 4.0,
        "buoyancy" : 200000.0,
        "burnNodes" : [ [ 0.8002, 1.0, 5.0 ], [ 0.8002, 1.0, 5.0 ], [ 0.8002, 1.0, 5.0 ], [ 0.8002, 1.0, 5.0 ] ],
        "burnProb" : 0.8002,
        "burnDamage" : 1.0,
        "burnTime" : 5.0,
        "burnSize" : 4.0,
        "deckHeight" : 16.77,
        "deepwaterVisibilityCoeff" : 0.1,
        "dockYOffset" : -0.12,
        "draft" : 6.7,
        "enginePower" : 7150.0,
        "floodNodes" : [ [ 0.333, 0.25, 30.0 ], [ 0.333, 0.25, 30.0 ] ],
        "floodProb" : 0.333,
        "floodProtection" : 0.099998474,
        "floodDamage" : 0.25,
        "floodTime" : 30.0,
        "floodSize" : 2.0,
        "health" : 33300.0,
        "mass" : 1.515E7,
        "maxRudderAngle" : 30.0,
        "maxSpeed" : 15.0,
        "pushingMaxRudderAngle" : 16.0,
        "pushingMinRudderAngle" : 1.0,
        "rollEffect" : 23.0,
        "rudderPower" : 7200000.0,
        "rudderTime" : 16.8,
        "sideDragCoef" : 2000000.0,
        "size" : [ 165.3, 20.0, 21.31 ],
        "smokeScanRadius" : 27.0,
        "speedCoef" : 1.0,
        "tonnage" : 15150.0,
        "torpedoImpactMassImpulseCoeff" : 0.5,
        "turningRadius" : 730.0,
        "underwaterVisibilityCoeff" : 0.5,
        "visibilityCoefATBA" : 1.0E-6,
        "visibilityCoefATBAByPlane" : 1.0E-6,
        "visibilityCoefFire" : 2.0,
        "visibilityCoefFireByPlane" : 3.0,
        "visibilityCoefGK" : 1.0E-6,
        "visibilityCoefGKByPlane" : 1.0E-6,
        "visibilityCoefGKInSmoke" : 1.0E-6,
        "visibilityCoeff" : 20.0,
        "visibilityFactor" : 10.08,
        "visibilityFactorByPlane" : 5.93,
        "visibilityFactorInSmoke" : 1.0E-6,
        "burnSizeSkill" : 4
      },
      "B_Hull_1944" : {
        "backwardPowerCoef" : 4.0,
        "buoyancy" : 200000.0,
        "burnNodes" : [ [ 0.8002, 1.0, 5.0 ], [ 0.8002, 1.0, 5.0 ], [ 0.8002, 1.0, 5.0 ], [ 0.8002, 1.0, 5.0 ] ],
        "burnProb" : 0.8002,
        "burnDamage" : 1.0,
        "burnTime" : 5.0,
        "burnSize" : 4.0,
        "deckHeight" : 16.77,
        "deepwaterVisibilityCoeff" : 0.1,
        "dockYOffset" : -0.12,
        "draft" : 6.7,
        "enginePower" : 7150.0,
        "floodNodes" : [ [ 0.333, 0.25, 30.0 ], [ 0.333, 0.25, 30.0 ] ],
        "floodProb" : 0.333,
        "floodProtection" : 0.099998474,
        "floodDamage" : 0.25,
        "floodTime" : 30.0,
        "floodSize" : 2.0,
        "health" : 33700.0,
        "mass" : 1.515E7,
        "maxRudderAngle" : 30.0,
        "maxSpeed" : 15.0,
        "pushingMaxRudderAngle" : 16.0,
        "pushingMinRudderAngle" : 1.0,
        "rollEffect" : 23.0,
        "rudderPower" : 7200000.0,
        "rudderTime" : 12.0,
        "sideDragCoef" : 2000000.0,
        "size" : [ 165.3, 20.0, 21.31 ],
        "smokeScanRadius" : 27.0,
        "speedCoef" : 1.0,
        "tonnage" : 15150.0,
        "torpedoImpactMassImpulseCoeff" : 0.5,
        "turningRadius" : 730.0,
        "underwaterVisibilityCoeff" : 0.5,
        "visibilityCoefATBA" : 1.0E-6,
        "visibilityCoefATBAByPlane" : 1.0E-6,
        "visibilityCoefFire" : 2.0,
        "visibilityCoefFireByPlane" : 3.0,
        "visibilityCoefGK" : 1.0E-6,
        "visibilityCoefGKByPlane" : 1.0E-6,
        "visibilityCoefGKInSmoke" : 1.0E-6,
        "visibilityCoeff" : 20.0,
        "visibilityFactor" : 10.08,
        "visibilityFactorByPlane" : 5.93,
        "visibilityFactorInSmoke" : 1.0E-6,
        "burnSizeSkill" : 4
      }
    },
    "engine" : {
      "EngineDefault" : {
        "backwardEngineForsag" : 2.5,
        "backwardEngineForsagMaxSpeed" : 2.5,
        "backwardEngineUpTime" : 30.0,
        "backwardSpeedOnFlood" : -0.6,
        "damagedEnginePowerMultiplier" : -0.325,
        "damagedEnginePowerTimeMultiplier" : 7.0,
        "forwardEngineForsag" : 2.5,
        "forwardEngineForsagMaxSpeed" : 2.5,
        "forwardEngineUpTime" : 60.0,
        "forwardSpeedOnFlood" : -0.3,
        "histEnginePower" : 7150.0
      }
    }
  },
  "shipAbilities" : {
    "AbilitySlot0" : {
      "abils" : [ [ "PCY037_CrashCrewAuto", "CV" ] ],
      "slot" : 0
    },
    "AbilitySlot1" : {
      "abils" : [ [ "PCY038_FighterAuto", "CV_USA_4" ] ],
      "slot" : 1
    },
    "AbilitySlot2" : {
      "abils" : [ ],
      "slot" : 2
    },
    "AbilitySlot3" : {
      "abils" : [ ],
      "slot" : 3
    },
    "AbilitySlot4" : {
      "abils" : [ ],
      "slot" : 4
    }
  },
  "shipUpgradeInfo" : {
    "components" : {
      "flightControl" : [ {
        "name" : "PAUF391_FC1_LANGLEY",
        "ucType" : "_FlightControl",
        "position" : 1,
        "elem" : 0,
        "prevType" : "flightControl",
        "prevPosition" : 0,
        "components" : {
          "flightControl" : [ "AB1_FlightControl" ]
        },
        "ucTypeShort" : "flightControl",
        "image" : "https://cdn.wowsft.com/images/modules/module_flightcontrol.png"
      } ],
      "artillery" : [ ],
      "hull" : [ {
        "disabledAbilities" : [ ],
        "name" : "PAUH313_Langley_1929",
        "ucType" : "_Hull",
        "position" : 1,
        "elem" : 2,
        "prevType" : "hull",
        "prevPosition" : 0,
        "components" : {
          "airArmament" : [ "A1_AirArmament" ],
          "airDefense" : [ ],
          "artillery" : [ ],
          "atba" : [ "ATBADefault" ],
          "hull" : [ "A_Hull_1929" ],
          "torpedoes" : [ ]
        },
        "ucTypeShort" : "hull",
        "image" : "https://cdn.wowsft.com/images/modules/module_hull.png"
      }, {
        "disabledAbilities" : [ ],
        "nextShips" : [ "PASA106_Ranger" ],
        "name" : "PAUH314_Langley_1944",
        "prev" : "PAUH313_Langley_1929",
        "ucType" : "_Hull",
        "position" : 2,
        "elem" : 2,
        "prevType" : "hull",
        "prevPosition" : 1,
        "prevElem" : 2,
        "components" : {
          "airArmament" : [ "B2_AirArmament" ],
          "airDefense" : [ "B_AirDefense" ],
          "artillery" : [ ],
          "atba" : [ "ATBADefault" ],
          "hull" : [ "B_Hull_1944" ],
          "torpedoes" : [ ]
        },
        "ucTypeShort" : "hull",
        "image" : "https://cdn.wowsft.com/images/modules/module_hull.png"
      } ],
      "torpedoes" : [ ],
      "suo" : [ ],
      "fighter" : [ {
        "name" : "PAUI303_CV4_F_STOCK",
        "ucType" : "_Fighter",
        "position" : 1,
        "elem" : 5,
        "prevType" : "fighter",
        "prevPosition" : 0,
        "components" : {
          "fighter" : [ "PAUI017_Boeing_F4B" ]
        },
        "ucTypeShort" : "fighter",
        "image" : "https://cdn.wowsft.com/images/modules/module_fighter.png"
      } ],
      "torpedoBomber" : [ {
        "name" : "PAUB303_CV4_TB_STOCK",
        "ucType" : "_TorpedoBomber",
        "position" : 1,
        "elem" : 6,
        "prevType" : "torpedoBomber",
        "prevPosition" : 0,
        "components" : {
          "torpedoBomber" : [ "AB1_TorpedoBomber" ]
        },
        "ucTypeShort" : "torpedoBomber",
        "image" : "https://cdn.wowsft.com/images/modules/module_torpedobomber.png"
      } ],
      "diveBomber" : [ {
        "name" : "PAUD303_CV4_DB_STOCK",
        "ucType" : "_DiveBomber",
        "position" : 1,
        "elem" : 7,
        "prevType" : "diveBomber",
        "prevPosition" : 0,
        "components" : {
          "diveBomber" : [ "PAUD007_Martin_BM2" ]
        },
        "ucTypeShort" : "diveBomber",
        "image" : "https://cdn.wowsft.com/images/modules/module_divebomber.png"
      } ],
      "engine" : [ {
        "name" : "PAUE302_CV4_ENG_STOCK",
        "ucType" : "_Engine",
        "position" : 1,
        "elem" : 8,
        "prevType" : "engine",
        "prevPosition" : 0,
        "components" : {
          "engine" : [ "EngineDefault" ]
        },
        "ucTypeShort" : "engine",
        "image" : "https://cdn.wowsft.com/images/modules/module_engine.png"
      } ]
    },
    "cols" : {
      "flightControl" : 1,
      "artillery" : 0,
      "hull" : 1,
      "torpedoes" : 0,
      "suo" : 0,
      "fighter" : 1,
      "torpedoBomber" : 1,
      "diveBomber" : 1,
      "engine" : 1
    },
    "maxRows" : 2,
    "costCR" : 1000000,
    "costXP" : 11000,
    "lockedConfig" : [ ],
    "value" : 1
  },
  "canEquipCamouflage" : true,
  "group" : "upgradeable",
  "id" : 4185896944,
  "index" : "PASA104",
  "level" : 4,
  "maxEquippedFlags" : 8,
  "name" : "PASA104_Langley",
  "navalFlag" : "usa",
  "needShowProjectYear" : true,
  "peculiarity" : "default",
  "steerAngle" : [ 0.2, 0.7, 1.0 ],
  "typeinfo" : {
    "nation" : "USA",
    "species" : "AirCarrier",
    "type" : "Ship"
  },
  "realShipType" : "AirCarrier",
  "realShipTypeId" : "AIRCARRIER",
  "research" : true,
  "prevShipIndex" : "PASD019",
  "prevShipName" : "PASD019_Clemson_1920",
  "prevShipXP" : 6000,
  "prevShipCompXP" : 650,
  "typeImage" : "https://cdn.wowsft.com/images/vehicles/types/AirCarrier/normal.png",
  "imageSmall" : "https://cdn.wowsft.com/images/vehicles/ship_previews/PASA104.png",
  "planes" : {
    "PAUI017_Boeing_F4B" : "PAAF104_Langley_stock",
    "AB1_TorpedoBomber" : "PAAB104_Langley_stock",
    "PAUD007_Martin_BM2" : "PAAD104_Langley_stock"
  }
}