{
  "components" : {
    "flightControl" : {
      "A1_FlightControl" : {
        "consumablePlanesReserve" : {
          "Fighter" : 1,
          "Scout" : 0
        },
        "consumableSquadrons" : [ ],
        "hasConsumablePlanes" : false,
        "planesReserveAssignment" : {
          "Auxiliary" : 0,
          "Bomber" : 1,
          "Dive" : 1,
          "Fighter" : 1,
          "Scout" : 0
        },
        "prepareTimeFactor" : 1.0,
        "squadrons" : [ "Fighter", "Bomber", "Dive" ],
        "isGroundAttackEnabled" : true
      }
    },
    "airArmament" : {
      "A_AirArmament" : {
        "auraCoeff" : 1.0,
        "deckPlaceCount" : 30.0,
        "launchPrepareTime" : 0.0,
        "launchpadType" : "deck",
        "planesReserveCapacity" : 116.0,
        "independentLaunchpad" : false
      }
    },
    "airDefense" : {
      "AirDefenseDefault" : {
        "auraMedium" : [ {
          "areaDamage" : 129.0,
          "areaDamageFrequency" : 0.2857143,
          "enableBarrage" : true,
          "guns" : [ "HP_AGA_1", "HP_AGA_15", "HP_AGA_16", "HP_AGA_17", "HP_AGA_18", "HP_AGA_2", "HP_AGA_20", "HP_AGA_22", "HP_AGA_23", "HP_AGA_24", "HP_AGA_25", "HP_AGA_26", "HP_AGA_33", "HP_AGA_34", "HP_AGA_35", "HP_AGA_36", "HP_AGA_37", "HP_AGA_38", "HP_AGA_39", "HP_AGA_48", "HP_AGA_49" ],
          "hitChance" : 1.0,
          "joint" : true,
          "maxDistance" : 3500.0,
          "minDistance" : 100.0,
          "shotDelay" : 0.5,
          "shotTravelTime" : 1.5,
          "type" : "medium"
        } ],
        "auraNear" : [ {
          "areaDamage" : 93.0,
          "areaDamageFrequency" : 0.2857143,
          "enableBarrage" : true,
          "guns" : [ "HP_AGA_10", "HP_AGA_11", "HP_AGA_12", "HP_AGA_13", "HP_AGA_14", "HP_AGA_19", "HP_AGA_21", "HP_AGA_27", "HP_AGA_28", "HP_AGA_29", "HP_AGA_3", "HP_AGA_30", "HP_AGA_31", "HP_AGA_32", "HP_AGA_4", "HP_AGA_40", "HP_AGA_41", "HP_AGA_42", "HP_AGA_43", "HP_AGA_44", "HP_AGA_45", "HP_AGA_46", "HP_AGA_47", "HP_AGA_5", "HP_AGA_6", "HP_AGA_7", "HP_AGA_8", "HP_AGA_9" ],
          "hitChance" : 0.95,
          "joint" : true,
          "maxDistance" : 2000.0,
          "minDistance" : 100.0,
          "shotDelay" : 0.1,
          "shotTravelTime" : 1.0,
          "type" : "near"
        } ],
        "ownerlessTracesScatterCoefficient" : 1.0,
        "sectors" : [ [ 0.0, 180.0 ], [ 180.0, 0.0 ] ],
        "prioritySectorPhases" : [ [ 5.0, "linear", 0.035, 1.0, 1.35 ], [ 10.0, "linear", 0.0, 1.35, 1.35 ] ],
        "prioritySectorPreparation" : 5.0,
        "prioritySectorDuration" : 10.0,
        "prioritySectorDamageInitial" : 0.035,
        "prioritySectorCoefficientInitial" : 1.0,
        "prioritySectorCoefficientDuring" : 1.35
      }
    },
    "atba" : {
      "ATBADefault" : {
        "auraFar" : [ {
          "areaDamage" : 64.0,
          "areaDamageFrequency" : 0.2857143,
          "bubbleDuration" : 3.0,
          "enableBarrage" : true,
          "enableCrewSelectedTargetCoeff" : true,
          "explosionCount" : 2.0,
          "guns" : [ "HP_AGS_1", "HP_AGS_2", "HP_AGS_3", "HP_AGS_4", "HP_AGS_5", "HP_AGS_6", "HP_AGS_7", "HP_AGS_8", "HP_AGS_9", "HP_AGS_10", "HP_AGS_11", "HP_AGS_12", "HP_AGS_13", "HP_AGS_14", "HP_AGS_15", "HP_AGS_16", "HP_AGS_17", "HP_AGS_18" ],
          "halfOuterBubbleZone" : 50.0,
          "hitChance" : 1.0,
          "innerBubbleCount" : 3.0,
          "innerBubbleSpawnTimeRange" : [ 2.65, 3.15 ],
          "innerBubbleZone" : 20.0,
          "joint" : true,
          "maxBubbleActivationDelay" : 0.4,
          "maxDistance" : 6000.0,
          "minBubbleActivationDelay" : 0.1,
          "minDistance" : 100.0,
          "outerBubbleSpawnTimeRange" : [ 2.45, 2.65 ],
          "shotDelay" : 5.0,
          "shotTravelTime" : 1.56,
          "type" : "far"
        }, {
          "areaDamageFrequency" : 0.2857143,
          "bubbleDamage" : 230.0,
          "bubbleDuration" : 3.0,
          "bubbleRadius" : 2.75,
          "enableBarrage" : true,
          "enableCrewSelectedTargetCoeff" : true,
          "explosionCount" : 3.0,
          "guns" : [ "HP_AGS_1", "HP_AGS_2", "HP_AGS_3", "HP_AGS_4", "HP_AGS_5", "HP_AGS_6", "HP_AGS_7", "HP_AGS_8", "HP_AGS_9", "HP_AGS_10", "HP_AGS_11", "HP_AGS_12", "HP_AGS_13", "HP_AGS_14", "HP_AGS_15", "HP_AGS_16", "HP_AGS_17", "HP_AGS_18" ],
          "halfOuterBubbleZone" : 50.0,
          "hitChance" : 1.0,
          "innerBubbleCount" : 6.0,
          "innerBubbleSpawnTimeRange" : [ 2.65, 3.15 ],
          "innerBubbleZone" : 20.0,
          "joint" : true,
          "maxBubbleActivationDelay" : 0.4,
          "maxDistance" : 6000.0,
          "minBubbleActivationDelay" : 0.1,
          "minDistance" : 3500.0,
          "outerBubbleCount" : 3.0,
          "outerBubbleSpawnTimeRange" : [ 2.45, 2.65 ],
          "shotDelay" : 5.0,
          "shotTravelTime" : 1.56,
          "type" : "far"
        } ],
        "secondaries" : {
          "PAGS099_5in54_MK16" : {
            "ammoList" : [ "PAPA058_127mm_HE_HC_Mk41" ],
            "antiAirAuraDistance" : 173.0,
            "antiAirAuraStrength" : 0.111,
            "barrelDiameter" : 0.127,
            "deadZone" : [ ],
            "delim" : 0.6,
            "horizSector" : [ 0.0, 166.0 ],
            "id" : 4190562288,
            "idealDistance" : 333.333,
            "idealRadius" : 20.0,
            "index" : "PAGS099",
            "minRadius" : 1.0,
            "name" : "PAGS099_5in54_MK16",
            "numBarrels" : 1,
            "radiusOnDelim" : 0.8,
            "radiusOnMax" : 1.0,
            "radiusOnZero" : 0.1,
            "rotationSpeed" : [ 60.0, 1.0 ],
            "shotDelay" : 4.0,
            "smallGun" : true,
            "smokePenalty" : 1.0E-4,
            "typeinfo" : {
              "nation" : "USA",
              "species" : "Secondary",
              "type" : "Gun"
            },
            "vertSector" : [ -1.0, 85.0 ],
            "GSIdealRadius" : 1.0,
            "count" : 18
          }
        },
        "maxDist" : 5000.0,
        "minDistH" : 183.0,
        "minDistV" : 690.0,
        "sigmaCount" : 1.0,
        "GSIdealRadius" : 1.0
      }
    },
    "hull" : {
      "HullDefault" : {
        "backwardPowerCoef" : 4.0,
        "buoyancy" : 200000.0,
        "burnNodes" : [ [ 0.8002, 1.0, 5.0 ], [ 0.8002, 1.0, 5.0 ], [ 0.8002, 1.0, 5.0 ], [ 0.8002, 1.0, 5.0 ] ],
        "burnProb" : 0.8002,
        "burnDamage" : 1.0,
        "burnTime" : 5.0,
        "burnSize" : 4.0,
        "deckHeight" : 0.5,
        "deepwaterVisibilityCoeff" : 0.1,
        "draft" : 11.0,
        "enginePower" : 212000.0,
        "floodNodes" : [ [ 0.25, 0.25, 30.0 ], [ 0.25, 0.25, 30.0 ] ],
        "floodProb" : 0.25,
        "floodProtection" : 25.0,
        "floodDamage" : 0.25,
        "floodTime" : 30.0,
        "floodSize" : 2.0,
        "health" : 67600.0,
        "mass" : 5.9901E7,
        "maxRudderAngle" : 30.0,
        "maxSpeed" : 33.0,
        "pushingMaxRudderAngle" : 16.0,
        "pushingMinRudderAngle" : 1.0,
        "rollEffect" : 90.0,
        "rudderPower" : 1.198E8,
        "rudderTime" : 23.73,
        "sideDragCoef" : 2800000.0,
        "size" : [ 260.0, 20.0, 37.0 ],
        "smokeScanRadius" : 27.0,
        "speedCoef" : 1.0,
        "tonnage" : 59901.0,
        "torpedoImpactMassImpulseCoeff" : 0.5,
        "turningRadius" : 1230.0,
        "underwaterVisibilityCoeff" : 0.5,
        "visibilityCoefATBA" : 1.0E-6,
        "visibilityCoefATBAByPlane" : 1.0E-6,
        "visibilityCoefFire" : 2.0,
        "visibilityCoefFireByPlane" : 3.0,
        "visibilityCoefGK" : 1.0E-6,
        "visibilityCoefGKByPlane" : 1.0E-6,
        "visibilityCoefGKInSmoke" : 1.0E-6,
        "visibilityCoeff" : 20.0,
        "visibilityFactor" : 15.86,
        "visibilityFactorByPlane" : 12.45,
        "visibilityFactorInSmoke" : 1.0E-6,
        "burnSizeSkill" : 4
      }
    },
    "engine" : {
      "EngineDefault" : {
        "backwardEngineForsag" : 2.5,
        "backwardEngineForsagMaxSpeed" : 2.5,
        "backwardEngineUpTime" : 30.0,
        "backwardSpeedOnFlood" : -0.6,
        "damagedEnginePowerMultiplier" : -0.325,
        "damagedEnginePowerTimeMultiplier" : 7.0,
        "forwardEngineForsag" : 2.5,
        "forwardEngineForsagMaxSpeed" : 2.5,
        "forwardEngineUpTime" : 30.0,
        "forwardSpeedOnFlood" : -0.3,
        "histEnginePower" : 212000.0
      }
    }
  },
  "shipAbilities" : {
    "AbilitySlot0" : {
      "abils" : [ [ "PCY037_CrashCrewAuto", "CV" ] ],
      "slot" : 0
    },
    "AbilitySlot1" : {
      "abils" : [ [ "PCY038_FighterAuto", "CV_USA_10" ] ],
      "slot" : 1
    },
    "AbilitySlot2" : {
      "abils" : [ ],
      "slot" : 2
    },
    "AbilitySlot3" : {
      "abils" : [ ],
      "slot" : 3
    },
    "AbilitySlot4" : {
      "abils" : [ ],
      "slot" : 4
    }
  },
  "shipUpgradeInfo" : {
    "components" : {
      "flightControl" : [ {
        "name" : "PAUF991_FC1_MIDWAY",
        "ucType" : "_FlightControl",
        "position" : 1,
        "elem" : 0,
        "prevType" : "flightControl",
        "prevPosition" : 0,
        "components" : {
          "flightControl" : [ "A1_FlightControl" ]
        },
        "ucTypeShort" : "flightControl",
        "image" : "https://cdn.wowsft.com/images/modules/module_flightcontrol.png"
      } ],
      "artillery" : [ ],
      "hull" : [ {
        "disabledAbilities" : [ ],
        "name" : "PAUH942_MIDWAY",
        "ucType" : "_Hull",
        "position" : 1,
        "elem" : 2,
        "prevType" : "hull",
        "prevPosition" : 0,
        "components" : {
          "airArmament" : [ "A_AirArmament" ],
          "airDefense" : [ "AirDefenseDefault" ],
          "artillery" : [ ],
          "atba" : [ "ATBADefault" ],
          "hull" : [ "HullDefault" ],
          "torpedoes" : [ ]
        },
        "ucTypeShort" : "hull",
        "image" : "https://cdn.wowsft.com/images/modules/module_hull.png"
      } ],
      "torpedoes" : [ ],
      "suo" : [ ],
      "fighter" : [ {
        "name" : "PAUI904_CV10_F_STOCK",
        "ucType" : "_Fighter",
        "position" : 1,
        "elem" : 5,
        "prevType" : "fighter",
        "prevPosition" : 0,
        "components" : {
          "fighter" : [ "PAUI029_Vought_F4U_1A" ]
        },
        "ucTypeShort" : "fighter",
        "image" : "https://cdn.wowsft.com/images/modules/module_fighter.png"
      }, {
        "name" : "PAUI905_CV10_F_TOP",
        "prev" : "PAUI904_CV10_F_STOCK",
        "ucType" : "_Fighter",
        "position" : 2,
        "elem" : 5,
        "prevType" : "fighter",
        "prevPosition" : 1,
        "prevElem" : 5,
        "components" : {
          "fighter" : [ "PAUI229_Vought_F4U_1A" ]
        },
        "ucTypeShort" : "fighter",
        "image" : "https://cdn.wowsft.com/images/modules/module_fighter.png"
      }, {
        "name" : "PAUI906_CV10_F_TOP",
        "prev" : "PAUI904_CV10_F_STOCK",
        "ucType" : "_Fighter",
        "position" : 2,
        "elem" : 5,
        "prevType" : "fighter",
        "prevPosition" : 1,
        "prevElem" : 5,
        "components" : {
          "fighter" : [ "PAUI239_Vought_F4U_1A" ]
        },
        "ucTypeShort" : "fighter",
        "image" : "https://cdn.wowsft.com/images/modules/module_fighter.png"
      } ],
      "torpedoBomber" : [ {
        "name" : "PAUB905_CV10_TB_STOCK",
        "ucType" : "_TorpedoBomber",
        "position" : 1,
        "elem" : 6,
        "prevType" : "torpedoBomber",
        "prevPosition" : 0,
        "components" : {
          "torpedoBomber" : [ "PAUB905_CV10_TB_STOCK" ]
        },
        "ucTypeShort" : "torpedoBomber",
        "image" : "https://cdn.wowsft.com/images/modules/module_torpedobomber.png"
      }, {
        "name" : "PAUB906_CV10_TB_TOP",
        "prev" : "PAUB905_CV10_TB_STOCK",
        "ucType" : "_TorpedoBomber",
        "position" : 2,
        "elem" : 6,
        "prevType" : "torpedoBomber",
        "prevPosition" : 1,
        "prevElem" : 6,
        "components" : {
          "torpedoBomber" : [ "PAUB906_CV10_TB_TOP" ]
        },
        "ucTypeShort" : "torpedoBomber",
        "image" : "https://cdn.wowsft.com/images/modules/module_torpedobomber.png"
      } ],
      "diveBomber" : [ {
        "name" : "PAUD905_CV10_DB_STOCK",
        "ucType" : "_DiveBomber",
        "position" : 1,
        "elem" : 7,
        "prevType" : "diveBomber",
        "prevPosition" : 0,
        "components" : {
          "diveBomber" : [ "PAUD010_Douglas_BTD_1" ]
        },
        "ucTypeShort" : "diveBomber",
        "image" : "https://cdn.wowsft.com/images/modules/module_divebomber.png"
      }, {
        "name" : "PAUD906_CV10_DB_TOP",
        "prev" : "PAUD905_CV10_DB_STOCK",
        "ucType" : "_DiveBomber",
        "position" : 2,
        "elem" : 7,
        "prevType" : "diveBomber",
        "prevPosition" : 1,
        "prevElem" : 7,
        "components" : {
          "diveBomber" : [ "PAUD011_Kaiser_Fleetwings_XBTK" ]
        },
        "ucTypeShort" : "diveBomber",
        "image" : "https://cdn.wowsft.com/images/modules/module_divebomber.png"
      } ],
      "engine" : [ {
        "name" : "PAUE906_CV10_ENG_STOCK",
        "ucType" : "_Engine",
        "position" : 1,
        "elem" : 8,
        "prevType" : "engine",
        "prevPosition" : 0,
        "components" : {
          "engine" : [ "EngineDefault" ]
        },
        "ucTypeShort" : "engine",
        "image" : "https://cdn.wowsft.com/images/modules/module_engine.png"
      } ]
    },
    "cols" : {
      "flightControl" : 1,
      "artillery" : 0,
      "hull" : 1,
      "torpedoes" : 0,
      "suo" : 0,
      "fighter" : 2,
      "torpedoBomber" : 1,
      "diveBomber" : 1,
      "engine" : 1
    },
    "maxRows" : 2,
    "costCR" : 28000000,
    "costXP" : 330000,
    "lockedConfig" : [ ],
    "value" : 1
  },
  "canEquipCamouflage" : true,
  "group" : "upgradeable",
  "id" : 4179605488,
  "index" : "PASA110",
  "level" : 10,
  "maxEquippedFlags" : 8,
  "name" : "PASA110_Midway",
  "navalFlag" : "usa",
  "needShowProjectYear" : true,
  "peculiarity" : "default",
  "steerAngle" : [ 0.2, 0.7, 1.0 ],
  "typeinfo" : {
    "nation" : "USA",
    "species" : "AirCarrier",
    "type" : "Ship"
  },
  "realShipType" : "AirCarrier",
  "realShipTypeId" : "AIRCARRIER",
  "research" : true,
  "prevShipIndex" : "PASA108",
  "prevShipName" : "PASA108_Lexington",
  "prevShipXP" : 158000,
  "prevShipCompXP" : 27000,
  "typeImage" : "https://cdn.wowsft.com/images/vehicles/types/AirCarrier/normal.png",
  "imageSmall" : "https://cdn.wowsft.com/images/vehicles/ship_previews/PASA110.png",
  "planes" : {
    "PAUI029_Vought_F4U_1A" : "PAAF110_Midway_stock",
    "PAUI229_Vought_F4U_1A" : "PAAF210_Midway_top",
    "PAUI239_Vought_F4U_1A" : "PAAF310_Midway_top",
    "PAUB905_CV10_TB_STOCK" : "PAAB110_Midway_stock",
    "PAUB906_CV10_TB_TOP" : "PAAB210_Midway_top",
    "PAUD010_Douglas_BTD_1" : "PAAD110_Midway_stock",
    "PAUD011_Kaiser_Fleetwings_XBTK" : "PAAD210_Midway_top"
  }
}