{
  "components" : {
    "flightControl" : {
      "AB1_FlightControl" : {
        "consumablePlanesReserve" : {
          "Fighter" : 1,
          "Scout" : 0
        },
        "consumableSquadrons" : [ ],
        "hasConsumablePlanes" : false,
        "planesReserveAssignment" : {
          "Auxiliary" : 0,
          "Bomber" : 1,
          "Dive" : 1,
          "Fighter" : 1,
          "Scout" : 0
        },
        "prepareTimeFactor" : 1.0,
        "squadrons" : [ "Fighter", "Bomber", "Dive" ],
        "isGroundAttackEnabled" : true
      }
    },
    "airArmament" : {
      "A1_AirArmament" : {
        "auraCoeff" : 1.0,
        "deckPlaceCount" : 24.0,
        "launchPrepareTime" : 0.0,
        "launchpadType" : "deck",
        "planesReserveCapacity" : 58.0,
        "independentLaunchpad" : false
      },
      "B2_AirArmament" : {
        "auraCoeff" : 1.0,
        "deckPlaceCount" : 24.0,
        "launchPrepareTime" : 0.0,
        "launchpadType" : "deck",
        "planesReserveCapacity" : 73.0,
        "independentLaunchpad" : false
      }
    },
    "airDefense" : {
      "A_AirDefense" : {
        "auraNear" : [ {
          "areaDamage" : 10.0,
          "areaDamageFrequency" : 0.2857143,
          "enableBarrage" : true,
          "guns" : [ "HP_AGA_1", "HP_AGA_10", "HP_AGA_11", "HP_AGA_30", "HP_AGA_8", "HP_AGA_9" ],
          "hitChance" : 0.95,
          "joint" : true,
          "maxDistance" : 2400.0,
          "minDistance" : 100.0,
          "shotDelay" : 0.1,
          "shotTravelTime" : 1.0,
          "type" : "near"
        }, {
          "areaDamage" : 63.0,
          "areaDamageFrequency" : 0.2857143,
          "enableBarrage" : true,
          "guns" : [ "HP_AGA_2", "HP_AGA_4", "HP_AGA_6", "HP_AGA_3", "HP_AGA_5", "HP_AGA_7", "HP_AGA_13", "HP_AGA_15", "HP_AGA_17", "HP_AGA_19", "HP_AGA_12", "HP_AGA_14", "HP_AGA_16", "HP_AGA_18", "HP_AGA_21", "HP_AGA_23", "HP_AGA_25", "HP_AGA_27", "HP_AGA_26", "HP_AGA_24", "HP_AGA_22", "HP_AGA_20", "HP_AGA_28", "HP_AGA_29" ],
          "hitChance" : 0.95,
          "joint" : true,
          "maxDistance" : 2400.0,
          "minDistance" : 100.0,
          "shotDelay" : 0.1,
          "shotTravelTime" : 1.0,
          "type" : "near"
        } ],
        "ownerlessTracesScatterCoefficient" : 1.0,
        "sectors" : [ [ 0.0, 180.0 ], [ 180.0, 0.0 ] ],
        "prioritySectorPhases" : [ [ 5.0, "linear", 0.035, 1.0, 1.35 ], [ 10.0, "linear", 0.0, 1.35, 1.35 ] ],
        "prioritySectorPreparation" : 5.0,
        "prioritySectorDuration" : 10.0,
        "prioritySectorDamageInitial" : 0.035,
        "prioritySectorCoefficientInitial" : 1.0,
        "prioritySectorCoefficientDuring" : 1.35
      },
      "B_AirDefense" : {
        "auraMedium" : [ {
          "areaDamage" : 41.0,
          "areaDamageFrequency" : 0.2857143,
          "enableBarrage" : true,
          "guns" : [ "HP_AGA_1", "HP_AGA_12", "HP_AGA_13", "HP_AGA_30", "HP_AGA_31" ],
          "hitChance" : 1.0,
          "joint" : true,
          "maxDistance" : 3500.0,
          "minDistance" : 100.0,
          "shotDelay" : 0.5,
          "shotTravelTime" : 1.5,
          "type" : "medium"
        } ],
        "auraNear" : [ {
          "areaDamage" : 105.0,
          "areaDamageFrequency" : 0.2857143,
          "enableBarrage" : true,
          "guns" : [ "HP_AGA_2", "HP_AGA_3", "HP_AGA_4", "HP_AGA_5", "HP_AGA_6", "HP_AGA_7", "HP_AGA_8", "HP_AGA_9", "HP_AGA_10", "HP_AGA_11", "HP_AGA_14", "HP_AGA_15", "HP_AGA_16", "HP_AGA_17", "HP_AGA_18", "HP_AGA_19", "HP_AGA_20", "HP_AGA_21", "HP_AGA_22", "HP_AGA_23", "HP_AGA_24", "HP_AGA_25", "HP_AGA_26", "HP_AGA_27", "HP_AGA_28", "HP_AGA_29", "HP_AGA_32", "HP_AGA_33", "HP_AGA_34", "HP_AGA_35", "HP_AGA_36", "HP_AGA_37", "HP_AGA_38", "HP_AGA_39", "HP_AGA_40", "HP_AGA_41", "HP_AGA_42", "HP_AGA_43", "HP_AGA_44", "HP_AGA_45", "HP_AGA_46", "HP_AGA_47", "HP_AGA_48", "HP_AGA_49", "HP_AGA_50", "HP_AGA_51", "HP_AGA_52" ],
          "hitChance" : 0.95,
          "joint" : true,
          "maxDistance" : 2000.0,
          "minDistance" : 100.0,
          "shotDelay" : 0.1,
          "shotTravelTime" : 1.0,
          "type" : "near"
        } ],
        "ownerlessTracesScatterCoefficient" : 1.0,
        "sectors" : [ [ 0.0, 180.0 ], [ 180.0, 0.0 ] ],
        "prioritySectorPhases" : [ [ 5.0, "linear", 0.035, 1.0, 1.35 ], [ 10.0, "linear", 0.0, 1.35, 1.35 ] ],
        "prioritySectorPreparation" : 5.0,
        "prioritySectorDuration" : 10.0,
        "prioritySectorDamageInitial" : 0.035,
        "prioritySectorCoefficientInitial" : 1.0,
        "prioritySectorCoefficientDuring" : 1.35
      }
    },
    "atba" : {
      "A_ATBA" : {
        "auraFar" : [ {
          "areaDamage" : 24.0,
          "areaDamageFrequency" : 0.2857143,
          "bubbleDuration" : 3.0,
          "enableBarrage" : true,
          "enableCrewSelectedTargetCoeff" : true,
          "explosionCount" : 2.0,
          "guns" : [ "HP_AGS_1", "HP_AGS_2", "HP_AGS_3", "HP_AGS_4", "HP_AGS_5", "HP_AGS_6", "HP_AGS_7", "HP_AGS_8" ],
          "halfOuterBubbleZone" : 50.0,
          "hitChance" : 1.0,
          "innerBubbleCount" : 3.0,
          "innerBubbleSpawnTimeRange" : [ 2.65, 3.15 ],
          "innerBubbleZone" : 20.0,
          "joint" : true,
          "maxBubbleActivationDelay" : 0.4,
          "maxDistance" : 4800.0,
          "minBubbleActivationDelay" : 0.1,
          "minDistance" : 100.0,
          "outerBubbleSpawnTimeRange" : [ 2.45, 2.65 ],
          "shotDelay" : 5.0,
          "shotTravelTime" : 1.25,
          "type" : "far"
        }, {
          "areaDamageFrequency" : 0.2857143,
          "bubbleDamage" : 180.0,
          "bubbleDuration" : 3.0,
          "bubbleRadius" : 2.383,
          "enableBarrage" : true,
          "enableCrewSelectedTargetCoeff" : true,
          "explosionCount" : 2.0,
          "guns" : [ "HP_AGS_1", "HP_AGS_2", "HP_AGS_3", "HP_AGS_4", "HP_AGS_5", "HP_AGS_6", "HP_AGS_7", "HP_AGS_8" ],
          "halfOuterBubbleZone" : 50.0,
          "hitChance" : 1.0,
          "innerBubbleCount" : 2.0,
          "innerBubbleSpawnTimeRange" : [ 2.65, 3.15 ],
          "innerBubbleZone" : 20.0,
          "joint" : true,
          "maxBubbleActivationDelay" : 0.4,
          "maxDistance" : 4800.0,
          "minBubbleActivationDelay" : 0.1,
          "minDistance" : 3500.0,
          "outerBubbleCount" : 1.0,
          "outerBubbleSpawnTimeRange" : [ 2.45, 2.65 ],
          "shotDelay" : 5.0,
          "shotTravelTime" : 1.25,
          "type" : "far"
        } ],
        "secondaries" : {
          "PAGS007_5in25_Mk19_Mod6" : {
            "ammoList" : [ "PAPA003_Shell_127mm_HE_HC_Mk_36" ],
            "antiAirAuraDistance" : 140.0,
            "antiAirAuraStrength" : 0.073,
            "barrelDiameter" : 0.127,
            "deadZone" : [ ],
            "delim" : 0.6,
            "horizSector" : [ -160.0, -15.0 ],
            "id" : 4287031280,
            "idealDistance" : 333.333,
            "idealRadius" : 20.0,
            "index" : "PAGS007",
            "minRadius" : 1.0,
            "name" : "PAGS007_5in25_Mk19_Mod6",
            "numBarrels" : 1,
            "radiusOnDelim" : 0.8,
            "radiusOnMax" : 1.0,
            "radiusOnZero" : 0.1,
            "rotationSpeed" : [ 60.0, 1.0 ],
            "shotDelay" : 4.5,
            "smallGun" : true,
            "smokePenalty" : 1.0E-4,
            "typeinfo" : {
              "nation" : "USA",
              "species" : "Secondary",
              "type" : "Gun"
            },
            "vertSector" : [ -2.0, 85.0 ],
            "GSIdealRadius" : 1.0,
            "count" : 8
          }
        },
        "maxDist" : 4500.0,
        "minDistH" : 167.0,
        "minDistV" : 569.0,
        "sigmaCount" : 1.0,
        "GSIdealRadius" : 1.0
      },
      "B_ATBA" : {
        "auraFar" : [ {
          "areaDamage" : 21.0,
          "areaDamageFrequency" : 0.2857143,
          "bubbleDuration" : 3.0,
          "enableBarrage" : true,
          "enableCrewSelectedTargetCoeff" : true,
          "explosionCount" : 2.0,
          "guns" : [ "HP_AGS_1", "HP_AGS_2", "HP_AGS_3", "HP_AGS_4", "HP_AGS_5", "HP_AGS_6", "HP_AGS_7", "HP_AGS_8" ],
          "halfOuterBubbleZone" : 50.0,
          "hitChance" : 1.0,
          "innerBubbleCount" : 3.0,
          "innerBubbleSpawnTimeRange" : [ 2.65, 3.15 ],
          "innerBubbleZone" : 20.0,
          "joint" : true,
          "maxBubbleActivationDelay" : 0.4,
          "maxDistance" : 4800.0,
          "minBubbleActivationDelay" : 0.1,
          "minDistance" : 100.0,
          "outerBubbleSpawnTimeRange" : [ 2.45, 2.65 ],
          "shotDelay" : 5.0,
          "shotTravelTime" : 1.25,
          "type" : "far"
        }, {
          "areaDamageFrequency" : 0.2857143,
          "bubbleDamage" : 180.0,
          "bubbleDuration" : 3.0,
          "bubbleRadius" : 2.383,
          "enableBarrage" : true,
          "enableCrewSelectedTargetCoeff" : true,
          "explosionCount" : 2.0,
          "guns" : [ "HP_AGS_1", "HP_AGS_2", "HP_AGS_3", "HP_AGS_4", "HP_AGS_5", "HP_AGS_6", "HP_AGS_7", "HP_AGS_8" ],
          "halfOuterBubbleZone" : 50.0,
          "hitChance" : 1.0,
          "innerBubbleCount" : 2.0,
          "innerBubbleSpawnTimeRange" : [ 2.65, 3.15 ],
          "innerBubbleZone" : 20.0,
          "joint" : true,
          "maxBubbleActivationDelay" : 0.4,
          "maxDistance" : 4800.0,
          "minBubbleActivationDelay" : 0.1,
          "minDistance" : 3500.0,
          "outerBubbleCount" : 1.0,
          "outerBubbleSpawnTimeRange" : [ 2.45, 2.65 ],
          "shotDelay" : 5.0,
          "shotTravelTime" : 1.25,
          "type" : "far"
        } ],
        "secondaries" : {
          "PAGS007_5in25_Mk19_Mod6" : {
            "ammoList" : [ "PAPA003_Shell_127mm_HE_HC_Mk_36" ],
            "antiAirAuraDistance" : 140.0,
            "antiAirAuraStrength" : 0.073,
            "barrelDiameter" : 0.127,
            "deadZone" : [ ],
            "delim" : 0.6,
            "horizSector" : [ -160.0, -15.0 ],
            "id" : 4287031280,
            "idealDistance" : 333.333,
            "idealRadius" : 20.0,
            "index" : "PAGS007",
            "minRadius" : 1.0,
            "name" : "PAGS007_5in25_Mk19_Mod6",
            "numBarrels" : 1,
            "radiusOnDelim" : 0.8,
            "radiusOnMax" : 1.0,
            "radiusOnZero" : 0.1,
            "rotationSpeed" : [ 60.0, 1.0 ],
            "shotDelay" : 4.5,
            "smallGun" : true,
            "smokePenalty" : 1.0E-4,
            "typeinfo" : {
              "nation" : "USA",
              "species" : "Secondary",
              "type" : "Gun"
            },
            "vertSector" : [ -2.0, 85.0 ],
            "GSIdealRadius" : 1.0,
            "count" : 8
          }
        },
        "maxDist" : 4500.0,
        "minDistH" : 167.0,
        "minDistV" : 569.0,
        "sigmaCount" : 1.0,
        "GSIdealRadius" : 1.0
      }
    },
    "hull" : {
      "A_Hull_1941" : {
        "backwardPowerCoef" : 4.0,
        "buoyancy" : 200000.0,
        "burnNodes" : [ [ 0.8002, 1.0, 5.0 ], [ 0.8002, 1.0, 5.0 ], [ 0.8002, 1.0, 5.0 ], [ 0.8002, 1.0, 5.0 ] ],
        "burnProb" : 0.8002,
        "burnDamage" : 1.0,
        "burnTime" : 5.0,
        "burnSize" : 4.0,
        "deckHeight" : 0.5,
        "deepwaterVisibilityCoeff" : 0.1,
        "draft" : 6.8,
        "enginePower" : 53500.0,
        "floodNodes" : [ [ 0.333, 0.25, 30.0 ], [ 0.333, 0.25, 30.0 ] ],
        "floodProb" : 0.333,
        "floodProtection" : 0.099998474,
        "floodDamage" : 0.25,
        "floodTime" : 30.0,
        "floodSize" : 2.0,
        "health" : 43700.0,
        "mass" : 1.9907E7,
        "maxRudderAngle" : 30.0,
        "maxSpeed" : 29.5,
        "pushingMaxRudderAngle" : 16.0,
        "pushingMinRudderAngle" : 1.0,
        "rollEffect" : 30.0,
        "rudderPower" : 1.88E7,
        "rudderTime" : 20.8,
        "sideDragCoef" : 1300000.0,
        "size" : [ 234.4, 33.4, 37.0 ],
        "smokeScanRadius" : 27.0,
        "speedCoef" : 1.0,
        "tonnage" : 19907.0,
        "torpedoImpactMassImpulseCoeff" : 0.5,
        "turningRadius" : 1010.0,
        "underwaterVisibilityCoeff" : 0.5,
        "visibilityCoefATBA" : 1.0E-6,
        "visibilityCoefATBAByPlane" : 1.0E-6,
        "visibilityCoefFire" : 2.0,
        "visibilityCoefFireByPlane" : 3.0,
        "visibilityCoefGK" : 1.0E-6,
        "visibilityCoefGKByPlane" : 1.0E-6,
        "visibilityCoefGKInSmoke" : 1.0E-6,
        "visibilityCoeff" : 20.0,
        "visibilityFactor" : 14.22,
        "visibilityFactorByPlane" : 10.66,
        "visibilityFactorInSmoke" : 1.0E-6,
        "burnSizeSkill" : 4
      },
      "B_Hull_1943" : {
        "backwardPowerCoef" : 4.0,
        "buoyancy" : 200000.0,
        "burnNodes" : [ [ 0.8002, 1.0, 5.0 ], [ 0.8002, 1.0, 5.0 ], [ 0.8002, 1.0, 5.0 ], [ 0.8002, 1.0, 5.0 ] ],
        "burnProb" : 0.8002,
        "burnDamage" : 1.0,
        "burnTime" : 5.0,
        "burnSize" : 4.0,
        "deckHeight" : 0.5,
        "deepwaterVisibilityCoeff" : 0.1,
        "draft" : 6.8,
        "enginePower" : 53500.0,
        "floodNodes" : [ [ 0.333, 0.25, 30.0 ], [ 0.333, 0.25, 30.0 ] ],
        "floodProb" : 0.333,
        "floodProtection" : 0.099998474,
        "floodDamage" : 0.25,
        "floodTime" : 30.0,
        "floodSize" : 2.0,
        "health" : 44900.0,
        "mass" : 1.9907E7,
        "maxRudderAngle" : 30.0,
        "maxSpeed" : 29.5,
        "pushingMaxRudderAngle" : 16.0,
        "pushingMinRudderAngle" : 1.0,
        "rollEffect" : 30.0,
        "rudderPower" : 1.88E7,
        "rudderTime" : 14.9,
        "sideDragCoef" : 1300000.0,
        "size" : [ 234.4, 33.4, 37.0 ],
        "smokeScanRadius" : 27.0,
        "speedCoef" : 1.0,
        "tonnage" : 19907.0,
        "torpedoImpactMassImpulseCoeff" : 0.5,
        "turningRadius" : 1010.0,
        "underwaterVisibilityCoeff" : 0.5,
        "visibilityCoefATBA" : 1.0E-6,
        "visibilityCoefATBAByPlane" : 1.0E-6,
        "visibilityCoefFire" : 2.0,
        "visibilityCoefFireByPlane" : 3.0,
        "visibilityCoefGK" : 1.0E-6,
        "visibilityCoefGKByPlane" : 1.0E-6,
        "visibilityCoefGKInSmoke" : 1.0E-6,
        "visibilityCoeff" : 20.0,
        "visibilityFactor" : 14.22,
        "visibilityFactorByPlane" : 10.66,
        "visibilityFactorInSmoke" : 1.0E-6,
        "burnSizeSkill" : 4
      }
    },
    "engine" : {
      "EngineDefault" : {
        "backwardEngineForsag" : 2.5,
        "backwardEngineForsagMaxSpeed" : 2.5,
        "backwardEngineUpTime" : 30.0,
        "backwardSpeedOnFlood" : -0.6,
        "damagedEnginePowerMultiplier" : -0.325,
        "damagedEnginePowerTimeMultiplier" : 7.0,
        "forwardEngineForsag" : 2.5,
        "forwardEngineForsagMaxSpeed" : 2.5,
        "forwardEngineUpTime" : 60.0,
        "forwardSpeedOnFlood" : -0.3,
        "histEnginePower" : 53500.0
      }
    }
  },
  "shipAbilities" : {
    "AbilitySlot0" : {
      "abils" : [ [ "PCY037_CrashCrewAuto", "CV" ] ],
      "slot" : 0
    },
    "AbilitySlot1" : {
      "abils" : [ [ "PCY038_FighterAuto", "CV_USA_6" ] ],
      "slot" : 1
    },
    "AbilitySlot2" : {
      "abils" : [ ],
      "slot" : 2
    },
    "AbilitySlot3" : {
      "abils" : [ ],
      "slot" : 3
    },
    "AbilitySlot4" : {
      "abils" : [ ],
      "slot" : 4
    }
  },
  "shipUpgradeInfo" : {
    "components" : {
      "flightControl" : [ {
        "name" : "PAUF591_FC1_RANGER",
        "ucType" : "_FlightControl",
        "position" : 1,
        "elem" : 0,
        "prevType" : "flightControl",
        "prevPosition" : 0,
        "components" : {
          "flightControl" : [ "AB1_FlightControl" ]
        },
        "ucTypeShort" : "flightControl",
        "image" : "https://cdn.wowsft.com/images/modules/module_flightcontrol.png"
      } ],
      "artillery" : [ ],
      "hull" : [ {
        "disabledAbilities" : [ ],
        "name" : "PAUH613_Ranger_1941",
        "ucType" : "_Hull",
        "position" : 1,
        "elem" : 2,
        "prevType" : "hull",
        "prevPosition" : 0,
        "components" : {
          "airArmament" : [ "A1_AirArmament" ],
          "airDefense" : [ "A_AirDefense" ],
          "artillery" : [ ],
          "atba" : [ "A_ATBA" ],
          "hull" : [ "A_Hull_1941" ],
          "torpedoes" : [ ]
        },
        "ucTypeShort" : "hull",
        "image" : "https://cdn.wowsft.com/images/modules/module_hull.png"
      }, {
        "disabledAbilities" : [ ],
        "nextShips" : [ "PASA108_Lexington" ],
        "name" : "PAUH614_Ranger_1943",
        "prev" : "PAUH613_Ranger_1941",
        "ucType" : "_Hull",
        "position" : 2,
        "elem" : 2,
        "prevType" : "hull",
        "prevPosition" : 1,
        "prevElem" : 2,
        "components" : {
          "airArmament" : [ "B2_AirArmament" ],
          "airDefense" : [ "B_AirDefense" ],
          "artillery" : [ ],
          "atba" : [ "B_ATBA" ],
          "hull" : [ "B_Hull_1943" ],
          "torpedoes" : [ ]
        },
        "ucTypeShort" : "hull",
        "image" : "https://cdn.wowsft.com/images/modules/module_hull.png"
      } ],
      "torpedoes" : [ ],
      "suo" : [ ],
      "fighter" : [ {
        "name" : "PAUI504_CV6_F_STOCK",
        "ucType" : "_Fighter",
        "position" : 1,
        "elem" : 5,
        "prevType" : "fighter",
        "prevPosition" : 0,
        "components" : {
          "fighter" : [ "PAUI028_Grumman_F6F_3" ]
        },
        "ucTypeShort" : "fighter",
        "image" : "https://cdn.wowsft.com/images/modules/module_fighter.png"
      }, {
        "name" : "PAUI505_CV6_F_TOP",
        "prev" : "PAUI504_CV6_F_STOCK",
        "ucType" : "_Fighter",
        "position" : 2,
        "elem" : 5,
        "prevType" : "fighter",
        "prevPosition" : 1,
        "prevElem" : 5,
        "components" : {
          "fighter" : [ "PAUI002_Grumman_F6F" ]
        },
        "ucTypeShort" : "fighter",
        "image" : "https://cdn.wowsft.com/images/modules/module_fighter.png"
      } ],
      "torpedoBomber" : [ {
        "name" : "PAUB503_CV6_TB_STOCK",
        "ucType" : "_TorpedoBomber",
        "position" : 1,
        "elem" : 6,
        "prevType" : "torpedoBomber",
        "prevPosition" : 0,
        "components" : {
          "torpedoBomber" : [ "PAUB002_Grumman_TBF" ]
        },
        "ucTypeShort" : "torpedoBomber",
        "image" : "https://cdn.wowsft.com/images/modules/module_torpedobomber.png"
      }, {
        "name" : "PAUB504_CV6_TB_TOP",
        "prev" : "PAUB503_CV6_TB_STOCK",
        "ucType" : "_TorpedoBomber",
        "position" : 2,
        "elem" : 6,
        "prevType" : "torpedoBomber",
        "prevPosition" : 1,
        "prevElem" : 6,
        "components" : {
          "torpedoBomber" : [ "PAUB102_Grumman_TBF_top" ]
        },
        "ucTypeShort" : "torpedoBomber",
        "image" : "https://cdn.wowsft.com/images/modules/module_torpedobomber.png"
      } ],
      "diveBomber" : [ {
        "name" : "PAUD504_CV6_DB_STOCK",
        "ucType" : "_DiveBomber",
        "position" : 1,
        "elem" : 7,
        "prevType" : "diveBomber",
        "prevPosition" : 0,
        "components" : {
          "diveBomber" : [ "PAUD013_Douglas_SBD5" ]
        },
        "ucTypeShort" : "diveBomber",
        "image" : "https://cdn.wowsft.com/images/modules/module_divebomber.png"
      }, {
        "name" : "PAUD505_CV6_DB_TOP",
        "prev" : "PAUD504_CV6_DB_STOCK",
        "ucType" : "_DiveBomber",
        "position" : 2,
        "elem" : 7,
        "prevType" : "diveBomber",
        "prevPosition" : 1,
        "prevElem" : 7,
        "components" : {
          "diveBomber" : [ "PAUD113_Douglas_SBD5_top" ]
        },
        "ucTypeShort" : "diveBomber",
        "image" : "https://cdn.wowsft.com/images/modules/module_divebomber.png"
      } ],
      "engine" : [ {
        "name" : "PAUE510_CV7_ENG_STOCK",
        "ucType" : "_Engine",
        "position" : 1,
        "elem" : 8,
        "prevType" : "engine",
        "prevPosition" : 0,
        "components" : {
          "engine" : [ "EngineDefault" ]
        },
        "ucTypeShort" : "engine",
        "image" : "https://cdn.wowsft.com/images/modules/module_engine.png"
      } ]
    },
    "cols" : {
      "flightControl" : 1,
      "artillery" : 0,
      "hull" : 1,
      "torpedoes" : 0,
      "suo" : 0,
      "fighter" : 1,
      "torpedoBomber" : 1,
      "diveBomber" : 1,
      "engine" : 1
    },
    "maxRows" : 2,
    "costCR" : 4500000,
    "costXP" : 68000,
    "lockedConfig" : [ ],
    "value" : 1
  },
  "canEquipCamouflage" : true,
  "group" : "upgradeable",
  "id" : 4183799792,
  "index" : "PASA106",
  "level" : 6,
  "maxEquippedFlags" : 8,
  "name" : "PASA106_Ranger",
  "navalFlag" : "usa",
  "needShowProjectYear" : true,
  "peculiarity" : "default",
  "steerAngle" : [ 0.2, 0.7, 1.0 ],
  "typeinfo" : {
    "nation" : "USA",
    "species" : "AirCarrier",
    "type" : "Ship"
  },
  "realShipType" : "AirCarrier",
  "realShipTypeId" : "AIRCARRIER",
  "research" : true,
  "prevShipIndex" : "PASA104",
  "prevShipName" : "PASA104_Langley",
  "prevShipXP" : 11000,
  "prevShipCompXP" : 3000,
  "typeImage" : "https://cdn.wowsft.com/images/vehicles/types/AirCarrier/normal.png",
  "imageSmall" : "https://cdn.wowsft.com/images/vehicles/ship_previews/PASA106.png",
  "planes" : {
    "PAUI028_Grumman_F6F_3" : "PAAF106_Ranger_stock",
    "PAUI002_Grumman_F6F" : "PAAF206_Ranger_top",
    "PAUB002_Grumman_TBF" : "PAAB106_Ranger_stock",
    "PAUB102_Grumman_TBF_top" : "PAAB206_Ranger_top",
    "PAUD013_Douglas_SBD5" : "PAAD106_Ranger_stock",
    "PAUD113_Douglas_SBD5_top" : "PAAD206_Ranger_top"
  }
}