{
  "components" : {
    "flightControl" : {
      "A1_FlightControl" : {
        "consumablePlanesReserve" : {
          "Fighter" : 1,
          "Scout" : 0
        },
        "consumableSquadrons" : [ ],
        "hasConsumablePlanes" : false,
        "planesReserveAssignment" : {
          "Auxiliary" : 0,
          "Bomber" : 1,
          "Dive" : 1,
          "Fighter" : 1,
          "Scout" : 0
        },
        "prepareTimeFactor" : 1.0,
        "squadrons" : [ "Fighter", "Bomber", "Dive" ],
        "isGroundAttackEnabled" : true
      }
    },
    "airArmament" : {
      "A1_AirArmament" : {
        "auraCoeff" : 1.0,
        "deckPlaceCount" : 21.0,
        "launchPrepareTime" : 0.0,
        "launchpadType" : "deck",
        "planesReserveCapacity" : 48.0,
        "independentLaunchpad" : false
      }
    },
    "airDefense" : {
      "A_AirDefense" : {
        "auraMedium" : [ {
          "areaDamage" : 97.0,
          "areaDamageFrequency" : 0.2857143,
          "enableBarrage" : true,
          "guns" : [ "HP_AGA_1", "HP_AGA_10", "HP_AGA_13", "HP_AGA_15", "HP_AGA_16", "HP_AGA_17", "HP_AGA_2", "HP_AGA_20", "HP_AGA_21", "HP_AGA_22", "HP_AGA_29", "HP_AGA_30", "HP_AGA_7", "HP_AGA_8", "HP_AGA_9" ],
          "hitChance" : 1.0,
          "joint" : true,
          "maxDistance" : 3500.0,
          "minDistance" : 100.0,
          "shotDelay" : 0.5,
          "shotTravelTime" : 1.5,
          "type" : "medium"
        } ],
        "auraNear" : [ {
          "areaDamage" : 57.0,
          "areaDamageFrequency" : 0.2857143,
          "enableBarrage" : true,
          "guns" : [ "HP_AGA_11", "HP_AGA_12", "HP_AGA_14", "HP_AGA_18", "HP_AGA_19", "HP_AGA_23", "HP_AGA_24", "HP_AGA_25", "HP_AGA_26", "HP_AGA_27", "HP_AGA_28", "HP_AGA_3", "HP_AGA_4", "HP_AGA_5", "HP_AGA_6" ],
          "hitChance" : 0.95,
          "joint" : true,
          "maxDistance" : 2000.0,
          "minDistance" : 100.0,
          "shotDelay" : 0.1,
          "shotTravelTime" : 1.0,
          "type" : "near"
        } ],
        "ownerlessTracesScatterCoefficient" : 1.0,
        "sectors" : [ [ 0.0, 180.0 ], [ 180.0, 0.0 ] ],
        "prioritySectorPhases" : [ [ 5.0, "linear", 0.035, 1.0, 1.35 ], [ 10.0, "linear", 0.0, 1.35, 1.35 ] ],
        "prioritySectorPreparation" : 5.0,
        "prioritySectorDuration" : 10.0,
        "prioritySectorDamageInitial" : 0.035,
        "prioritySectorCoefficientInitial" : 1.0,
        "prioritySectorCoefficientDuring" : 1.35
      }
    },
    "hull" : {
      "A_Hull" : {
        "backwardPowerCoef" : 4.0,
        "buoyancy" : 200000.0,
        "burnNodes" : [ [ 0.8002, 1.0, 5.0 ], [ 0.8002, 1.0, 5.0 ], [ 0.8002, 1.0, 5.0 ], [ 0.8002, 1.0, 5.0 ] ],
        "burnProb" : 0.8002,
        "burnDamage" : 1.0,
        "burnTime" : 5.0,
        "burnSize" : 4.0,
        "deckHeight" : 0.5,
        "deepwaterVisibilityCoeff" : 0.1,
        "draft" : 6.8,
        "enginePower" : 120000.0,
        "floodNodes" : [ [ 0.32, 0.25, 30.0 ], [ 0.32, 0.25, 30.0 ] ],
        "floodProb" : 0.32,
        "floodProtection" : 4.0,
        "floodDamage" : 0.25,
        "floodTime" : 30.0,
        "floodSize" : 2.0,
        "health" : 47900.0,
        "mass" : 1.9051E7,
        "maxRudderAngle" : 30.0,
        "maxSpeed" : 33.0,
        "pushingMaxRudderAngle" : 16.0,
        "pushingMinRudderAngle" : 1.0,
        "rollEffect" : 22.0,
        "rudderPower" : 3.0E7,
        "rudderTime" : 20.8,
        "sideDragCoef" : 1300000.0,
        "size" : [ 260.0, 20.0, 37.0 ],
        "smokeScanRadius" : 27.0,
        "speedCoef" : 1.0,
        "tonnage" : 19051.0,
        "torpedoImpactMassImpulseCoeff" : 0.5,
        "turningRadius" : 920.0,
        "underwaterVisibilityCoeff" : 0.5,
        "visibilityCoefATBA" : 1.0E-6,
        "visibilityCoefATBAByPlane" : 1.0E-6,
        "visibilityCoefFire" : 2.0,
        "visibilityCoefFireByPlane" : 3.0,
        "visibilityCoefGK" : 1.0E-6,
        "visibilityCoefGKByPlane" : 1.0E-6,
        "visibilityCoefGKInSmoke" : 1.0E-6,
        "visibilityCoeff" : 20.0,
        "visibilityFactor" : 12.24,
        "visibilityFactorByPlane" : 10.18,
        "visibilityFactorInSmoke" : 1.0E-6,
        "burnSizeSkill" : 4
      }
    },
    "engine" : {
      "A_Engine" : {
        "backwardEngineForsag" : 2.5,
        "backwardEngineForsagMaxSpeed" : 2.5,
        "backwardEngineUpTime" : 30.0,
        "backwardSpeedOnFlood" : -0.6,
        "damagedEnginePowerMultiplier" : -0.325,
        "damagedEnginePowerTimeMultiplier" : 7.0,
        "forwardEngineForsag" : 2.5,
        "forwardEngineForsagMaxSpeed" : 2.5,
        "forwardEngineUpTime" : 60.0,
        "forwardSpeedOnFlood" : -0.3,
        "histEnginePower" : 120000.0
      }
    }
  },
  "shipAbilities" : {
    "AbilitySlot0" : {
      "abils" : [ [ "PCY037_CrashCrewAuto", "CV" ] ],
      "slot" : 0
    },
    "AbilitySlot1" : {
      "abils" : [ [ "PCY038_FighterAuto", "CV_USA_8" ] ],
      "slot" : 1
    },
    "AbilitySlot2" : {
      "abils" : [ ],
      "slot" : 2
    },
    "AbilitySlot3" : {
      "abils" : [ ],
      "slot" : 3
    },
    "AbilitySlot4" : {
      "abils" : [ ],
      "slot" : 4
    }
  },
  "shipUpgradeInfo" : {
    "components" : {
      "flightControl" : [ {
        "name" : "PAUF793_FC1_SAIPAN",
        "ucType" : "_FlightControl",
        "position" : 1,
        "elem" : 0,
        "prevType" : "flightControl",
        "prevPosition" : 0,
        "components" : {
          "flightControl" : [ "A1_FlightControl" ]
        },
        "ucTypeShort" : "flightControl",
        "image" : "https://cdn.wowsft.com/images/modules/module_flightcontrol.png"
      } ],
      "artillery" : [ ],
      "hull" : [ {
        "disabledAbilities" : [ ],
        "name" : "PAUH511_SAIPAN",
        "ucType" : "_Hull",
        "position" : 1,
        "elem" : 2,
        "prevType" : "hull",
        "prevPosition" : 0,
        "components" : {
          "airArmament" : [ "A1_AirArmament" ],
          "airDefense" : [ "A_AirDefense" ],
          "artillery" : [ ],
          "atba" : [ ],
          "hull" : [ "A_Hull" ],
          "torpedoes" : [ ]
        },
        "ucTypeShort" : "hull",
        "image" : "https://cdn.wowsft.com/images/modules/module_hull.png"
      } ],
      "torpedoes" : [ ],
      "suo" : [ ],
      "fighter" : [ {
        "name" : "PAUI503_F_SAIPAN",
        "ucType" : "_Fighter",
        "position" : 1,
        "elem" : 5,
        "prevType" : "fighter",
        "prevPosition" : 0,
        "components" : {
          "fighter" : [ "PAUI512_VOUGHT_F4U_SAIPAN" ]
        },
        "ucTypeShort" : "fighter",
        "image" : "https://cdn.wowsft.com/images/modules/module_fighter.png"
      } ],
      "torpedoBomber" : [ {
        "name" : "PAUB502_TB_SAIPAN",
        "ucType" : "_TorpedoBomber",
        "position" : 1,
        "elem" : 6,
        "prevType" : "torpedoBomber",
        "prevPosition" : 0,
        "components" : {
          "torpedoBomber" : [ "PAUB509_DOUGLAS_AD1_SAIPAN" ]
        },
        "ucTypeShort" : "torpedoBomber",
        "image" : "https://cdn.wowsft.com/images/modules/module_torpedobomber.png"
      } ],
      "diveBomber" : [ {
        "name" : "PAUD502_DB_SAIPAN",
        "ucType" : "_DiveBomber",
        "position" : 1,
        "elem" : 7,
        "prevType" : "diveBomber",
        "prevPosition" : 0,
        "components" : {
          "diveBomber" : [ "PAUD008_Douglas_AD2" ]
        },
        "ucTypeShort" : "diveBomber",
        "image" : "https://cdn.wowsft.com/images/modules/module_divebomber.png"
      } ],
      "engine" : [ {
        "name" : "PAUE509_ENG_SAIPAN",
        "ucType" : "_Engine",
        "position" : 1,
        "elem" : 8,
        "prevType" : "engine",
        "prevPosition" : 0,
        "components" : {
          "engine" : [ "A_Engine" ]
        },
        "ucTypeShort" : "engine",
        "image" : "https://cdn.wowsft.com/images/modules/module_engine.png"
      } ]
    },
    "cols" : {
      "flightControl" : 1,
      "artillery" : 0,
      "hull" : 1,
      "torpedoes" : 0,
      "suo" : 0,
      "fighter" : 1,
      "torpedoBomber" : 1,
      "diveBomber" : 1,
      "engine" : 1
    },
    "maxRows" : 1,
    "costGold" : 11000,
    "lockedConfig" : [ ],
    "value" : 1
  },
  "canEquipCamouflage" : true,
  "group" : "special",
  "id" : 3741300720,
  "index" : "PASA528",
  "level" : 8,
  "maxEquippedFlags" : 8,
  "name" : "PASA528_Saipan",
  "navalFlag" : "usa",
  "needShowProjectYear" : true,
  "peculiarity" : "default",
  "steerAngle" : [ 0.2, 0.7, 1.0 ],
  "typeinfo" : {
    "nation" : "USA",
    "species" : "AirCarrier",
    "type" : "Ship"
  },
  "realShipType" : "Premium",
  "realShipTypeId" : "FILTER_PREMIUM",
  "typeImage" : "https://cdn.wowsft.com/images/vehicles/types/AirCarrier/premium.png",
  "imageSmall" : "https://cdn.wowsft.com/images/vehicles/ship_previews/PASA528.png",
  "planes" : {
    "PAUI512_VOUGHT_F4U_SAIPAN" : "PAAF518_Saipan_stock",
    "PAUB509_DOUGLAS_AD1_SAIPAN" : "PAAB518_Saipan_stock",
    "PAUD008_Douglas_AD2" : "PAAD518_Saipan_stock"
  }
}