{
  "components" : {
    "airArmament" : {
      "AirArmamentDefault" : {
        "auraCoeff" : 1.0,
        "deckPlaceCount" : 0.0,
        "launchPrepareTime" : 0.0,
        "launchpadType" : "catapult",
        "planesReserveCapacity" : 0.0,
        "independentLaunchpad" : false
      }
    },
    "airDefense" : {
      "A_AirDefense" : {
        "auraMedium" : [ {
          "areaDamage" : 105.0,
          "areaDamageFrequency" : 0.2857143,
          "enableBarrage" : true,
          "guns" : [ "HP_AGA_11", "HP_AGA_12", "HP_AGA_19", "HP_AGA_20", "HP_AGA_23", "HP_AGA_24", "HP_AGA_25", "HP_AGA_26", "HP_AGA_27", "HP_AGA_28", "HP_AGA_34", "HP_AGA_35", "HP_AGA_7", "HP_AGA_8" ],
          "hitChance" : 0.75,
          "joint" : true,
          "maxDistance" : 3500.0,
          "minDistance" : 100.0,
          "shotDelay" : 0.5,
          "shotTravelTime" : 1.5,
          "type" : "medium"
        } ],
        "auraNear" : [ {
          "areaDamage" : 43.0,
          "areaDamageFrequency" : 0.2857143,
          "enableBarrage" : true,
          "guns" : [ "HP_AGA_1", "HP_AGA_10", "HP_AGA_13", "HP_AGA_14", "HP_AGA_15", "HP_AGA_16", "HP_AGA_17", "HP_AGA_18", "HP_AGA_2", "HP_AGA_21", "HP_AGA_22", "HP_AGA_29", "HP_AGA_3", "HP_AGA_30", "HP_AGA_31", "HP_AGA_32", "HP_AGA_33", "HP_AGA_4", "HP_AGA_5", "HP_AGA_6", "HP_AGA_9" ],
          "hitChance" : 0.7,
          "joint" : true,
          "maxDistance" : 2000.0,
          "minDistance" : 100.0,
          "shotDelay" : 0.1,
          "shotTravelTime" : 1.0,
          "type" : "near"
        } ],
        "ownerlessTracesScatterCoefficient" : 1.0,
        "sectors" : [ [ 0.0, 180.0 ], [ 180.0, 0.0 ] ],
        "prioritySectorPhases" : [ [ 5.0, "linear", 0.035, 1.0, 1.35 ], [ 10.0, "linear", 0.0, 1.35, 1.35 ] ],
        "prioritySectorPreparation" : 5.0,
        "prioritySectorDuration" : 10.0,
        "prioritySectorDamageInitial" : 0.035,
        "prioritySectorCoefficientInitial" : 1.0,
        "prioritySectorCoefficientDuring" : 1.35
      },
      "B_AirDefense" : {
        "auraMedium" : [ {
          "areaDamage" : 132.0,
          "areaDamageFrequency" : 0.2857143,
          "enableBarrage" : true,
          "guns" : [ "HP_AGA_5", "HP_AGA_6", "HP_AGA_13", "HP_AGA_14", "HP_AGA_19", "HP_AGA_20", "HP_AGA_35", "HP_AGA_36", "HP_AGA_43", "HP_AGA_44", "HP_AGA_45", "HP_AGA_46", "HP_AGA_47", "HP_AGA_48", "HP_AGA_49", "HP_AGA_50", "HP_AGA_66", "HP_AGA_67" ],
          "hitChance" : 0.75,
          "joint" : true,
          "maxDistance" : 3500.0,
          "minDistance" : 100.0,
          "shotDelay" : 0.5,
          "shotTravelTime" : 1.5,
          "type" : "medium"
        } ],
        "auraNear" : [ {
          "areaDamage" : 97.0,
          "areaDamageFrequency" : 0.2857143,
          "enableBarrage" : true,
          "guns" : [ "HP_AGA_1", "HP_AGA_10", "HP_AGA_11", "HP_AGA_12", "HP_AGA_15", "HP_AGA_16", "HP_AGA_17", "HP_AGA_18", "HP_AGA_2", "HP_AGA_21", "HP_AGA_22", "HP_AGA_23", "HP_AGA_24", "HP_AGA_25", "HP_AGA_26", "HP_AGA_27", "HP_AGA_28", "HP_AGA_29", "HP_AGA_3", "HP_AGA_30", "HP_AGA_31", "HP_AGA_32", "HP_AGA_33", "HP_AGA_34", "HP_AGA_37", "HP_AGA_38", "HP_AGA_39", "HP_AGA_4", "HP_AGA_40", "HP_AGA_41", "HP_AGA_42", "HP_AGA_51", "HP_AGA_52", "HP_AGA_53", "HP_AGA_54", "HP_AGA_55", "HP_AGA_56", "HP_AGA_57", "HP_AGA_58", "HP_AGA_59", "HP_AGA_60", "HP_AGA_61", "HP_AGA_62", "HP_AGA_63", "HP_AGA_64", "HP_AGA_65", "HP_AGA_7", "HP_AGA_8", "HP_AGA_9" ],
          "hitChance" : 0.7,
          "joint" : true,
          "maxDistance" : 2000.0,
          "minDistance" : 100.0,
          "shotDelay" : 0.1,
          "shotTravelTime" : 1.0,
          "type" : "near"
        } ],
        "ownerlessTracesScatterCoefficient" : 1.0,
        "sectors" : [ [ 0.0, 180.0 ], [ 180.0, 0.0 ] ],
        "prioritySectorPhases" : [ [ 5.0, "linear", 0.035, 1.0, 1.35 ], [ 10.0, "linear", 0.0, 1.35, 1.35 ] ],
        "prioritySectorPreparation" : 5.0,
        "prioritySectorDuration" : 10.0,
        "prioritySectorDamageInitial" : 0.035,
        "prioritySectorCoefficientInitial" : 1.0,
        "prioritySectorCoefficientDuring" : 1.35
      },
      "C_AirDefense" : {
        "auraMedium" : [ {
          "areaDamage" : 138.0,
          "areaDamageFrequency" : 0.2857143,
          "enableBarrage" : true,
          "guns" : [ "HP_AGA_1", "HP_AGA_10", "HP_AGA_15", "HP_AGA_16", "HP_AGA_2", "HP_AGA_29", "HP_AGA_30", "HP_AGA_35", "HP_AGA_36", "HP_AGA_37", "HP_AGA_38", "HP_AGA_39", "HP_AGA_40", "HP_AGA_41", "HP_AGA_42", "HP_AGA_49", "HP_AGA_50", "HP_AGA_9", "HP_AGM_3_HP_AGA_4" ],
          "hitChance" : 0.75,
          "joint" : true,
          "maxDistance" : 3500.0,
          "minDistance" : 100.0,
          "shotDelay" : 0.5,
          "shotTravelTime" : 1.5,
          "type" : "medium"
        } ],
        "auraNear" : [ {
          "areaDamage" : 107.0,
          "areaDamageFrequency" : 0.2857143,
          "enableBarrage" : true,
          "guns" : [ "HP_AGA_11", "HP_AGA_12", "HP_AGA_13", "HP_AGA_14", "HP_AGA_17", "HP_AGA_18", "HP_AGA_19", "HP_AGA_20", "HP_AGA_21", "HP_AGA_22", "HP_AGA_23", "HP_AGA_24", "HP_AGA_25", "HP_AGA_26", "HP_AGA_27", "HP_AGA_28", "HP_AGA_3", "HP_AGA_31", "HP_AGA_32", "HP_AGA_33", "HP_AGA_34", "HP_AGA_4", "HP_AGA_43", "HP_AGA_44", "HP_AGA_45", "HP_AGA_46", "HP_AGA_47", "HP_AGA_48", "HP_AGA_5", "HP_AGA_6", "HP_AGA_7", "HP_AGA_8" ],
          "hitChance" : 0.7,
          "joint" : true,
          "maxDistance" : 2000.0,
          "minDistance" : 100.0,
          "shotDelay" : 0.1,
          "shotTravelTime" : 1.0,
          "type" : "near"
        } ],
        "ownerlessTracesScatterCoefficient" : 1.0,
        "sectors" : [ [ 0.0, 180.0 ], [ 180.0, 0.0 ] ],
        "prioritySectorPhases" : [ [ 5.0, "linear", 0.035, 1.0, 1.35 ], [ 10.0, "linear", 0.0, 1.35, 1.35 ] ],
        "prioritySectorPreparation" : 5.0,
        "prioritySectorDuration" : 10.0,
        "prioritySectorDamageInitial" : 0.035,
        "prioritySectorCoefficientInitial" : 1.0,
        "prioritySectorCoefficientDuring" : 1.35
      }
    },
    "artillery" : {
      "A_Artillery" : {
        "turrets" : [ {
          "ammoList" : [ "PAPA015_Shell_406mm_HE_HC_Mk_13", "PAPA014_Shell_406mm_AP_AP_Mk_8" ],
          "barrelDiameter" : 0.406,
          "coeffPerSecondMin" : 0.3,
          "deadZone" : [ ],
          "delim" : 0.5,
          "ellipseRangeMax" : 250.0,
          "ellipseRangeMin" : 50.0,
          "horizSector" : [ -150.0, 150.0 ],
          "id" : 4258916336,
          "idealDistance" : 1000.0,
          "idealRadius" : 12.0,
          "index" : "PAGM034",
          "maxEllipseRanging" : 1.003,
          "medEllipseRanging" : 1.002,
          "minEllipseRanging" : 1.001,
          "minRadius" : 2.0,
          "name" : "PAGM034_16in50_Mk7",
          "numBarrels" : 3,
          "onMoveTarPosCoeffDelim" : 1.001,
          "onMoveTarPosCoeffMaxDist" : 1.002,
          "onMoveTarPosCoeffZero" : 1.0,
          "onMoveTarPosDelim" : 0.1,
          "position" : [ 1.0, 1.0 ],
          "radiusOnDelim" : 0.5,
          "radiusOnMax" : 0.6,
          "radiusOnZero" : 0.2,
          "reduceTime" : 0.1,
          "rotationSpeed" : [ 4.0, 12.0 ],
          "shotDelay" : 30.0,
          "smokePenalty" : 1.0E-4,
          "typeinfo" : {
            "nation" : "USA",
            "species" : "Main",
            "type" : "Gun"
          },
          "vertSector" : [ 0.0, 45.0 ]
        }, {
          "ammoList" : [ "PAPA015_Shell_406mm_HE_HC_Mk_13", "PAPA014_Shell_406mm_AP_AP_Mk_8" ],
          "barrelDiameter" : 0.406,
          "coeffPerSecondMin" : 0.3,
          "deadZone" : [ ],
          "delim" : 0.5,
          "ellipseRangeMax" : 250.0,
          "ellipseRangeMin" : 50.0,
          "horizSector" : [ -142.5, 142.5 ],
          "id" : 4258916336,
          "idealDistance" : 1000.0,
          "idealRadius" : 12.0,
          "index" : "PAGM034",
          "maxEllipseRanging" : 1.003,
          "medEllipseRanging" : 1.002,
          "minEllipseRanging" : 1.001,
          "minRadius" : 2.0,
          "name" : "PAGM034_16in50_Mk7",
          "numBarrels" : 3,
          "onMoveTarPosCoeffDelim" : 1.001,
          "onMoveTarPosCoeffMaxDist" : 1.002,
          "onMoveTarPosCoeffZero" : 1.0,
          "onMoveTarPosDelim" : 0.1,
          "position" : [ 2.0, 1.0 ],
          "radiusOnDelim" : 0.5,
          "radiusOnMax" : 0.6,
          "radiusOnZero" : 0.2,
          "reduceTime" : 0.1,
          "rotationSpeed" : [ 4.0, 12.0 ],
          "shotDelay" : 30.0,
          "smokePenalty" : 1.0E-4,
          "typeinfo" : {
            "nation" : "USA",
            "species" : "Main",
            "type" : "Gun"
          },
          "vertSector" : [ 0.0, 45.0 ]
        }, {
          "ammoList" : [ "PAPA015_Shell_406mm_HE_HC_Mk_13", "PAPA014_Shell_406mm_AP_AP_Mk_8" ],
          "barrelDiameter" : 0.406,
          "coeffPerSecondMin" : 0.3,
          "deadZone" : [ ],
          "delim" : 0.5,
          "ellipseRangeMax" : 250.0,
          "ellipseRangeMin" : 50.0,
          "horizSector" : [ -148.0, 148.0 ],
          "id" : 4258916336,
          "idealDistance" : 1000.0,
          "idealRadius" : 12.0,
          "index" : "PAGM034",
          "maxEllipseRanging" : 1.003,
          "medEllipseRanging" : 1.002,
          "minEllipseRanging" : 1.001,
          "minRadius" : 2.0,
          "name" : "PAGM034_16in50_Mk7",
          "numBarrels" : 3,
          "onMoveTarPosCoeffDelim" : 1.001,
          "onMoveTarPosCoeffMaxDist" : 1.002,
          "onMoveTarPosCoeffZero" : 1.0,
          "onMoveTarPosDelim" : 0.1,
          "position" : [ 5.0, 1.0 ],
          "radiusOnDelim" : 0.5,
          "radiusOnMax" : 0.6,
          "radiusOnZero" : 0.2,
          "reduceTime" : 0.1,
          "rotationSpeed" : [ 4.0, 12.0 ],
          "shotDelay" : 30.0,
          "smokePenalty" : 1.0E-4,
          "typeinfo" : {
            "nation" : "USA",
            "species" : "Main",
            "type" : "Gun"
          },
          "vertSector" : [ 0.0, 45.0 ]
        } ],
        "turretTypes" : {
          "3" : [ 3, "PAGM034_16in50_Mk7" ]
        },
        "maxDist" : 21227.0,
        "minDistH" : 166.0,
        "minDistV" : 625.0,
        "normalDistribution" : true,
        "sigmaCount" : 1.9,
        "taperDist" : 5000.0,
        "GMIdealRadius" : 1.0,
        "barrelDiameter" : 0.406
      },
      "B_Artillery" : {
        "turrets" : [ {
          "ammoList" : [ "PAPA015_Shell_406mm_HE_HC_Mk_13", "PAPA014_Shell_406mm_AP_AP_Mk_8" ],
          "barrelDiameter" : 0.406,
          "coeffPerSecondMin" : 0.3,
          "deadZone" : [ ],
          "delim" : 0.5,
          "ellipseRangeMax" : 250.0,
          "ellipseRangeMin" : 50.0,
          "horizSector" : [ -149.5, 149.5 ],
          "id" : 4258916336,
          "idealDistance" : 1000.0,
          "idealRadius" : 12.0,
          "index" : "PAGM034",
          "maxEllipseRanging" : 1.003,
          "medEllipseRanging" : 1.002,
          "minEllipseRanging" : 1.001,
          "minRadius" : 2.0,
          "name" : "PAGM034_16in50_Mk7",
          "numBarrels" : 3,
          "onMoveTarPosCoeffDelim" : 1.001,
          "onMoveTarPosCoeffMaxDist" : 1.002,
          "onMoveTarPosCoeffZero" : 1.0,
          "onMoveTarPosDelim" : 0.1,
          "position" : [ 1.0, 1.0 ],
          "radiusOnDelim" : 0.5,
          "radiusOnMax" : 0.6,
          "radiusOnZero" : 0.2,
          "reduceTime" : 0.1,
          "rotationSpeed" : [ 4.0, 12.0 ],
          "shotDelay" : 30.0,
          "smokePenalty" : 1.0E-4,
          "typeinfo" : {
            "nation" : "USA",
            "species" : "Main",
            "type" : "Gun"
          },
          "vertSector" : [ 0.0, 45.0 ]
        }, {
          "ammoList" : [ "PAPA015_Shell_406mm_HE_HC_Mk_13", "PAPA014_Shell_406mm_AP_AP_Mk_8" ],
          "barrelDiameter" : 0.406,
          "coeffPerSecondMin" : 0.3,
          "deadZone" : [ ],
          "delim" : 0.5,
          "ellipseRangeMax" : 250.0,
          "ellipseRangeMin" : 50.0,
          "horizSector" : [ -142.5, 142.5 ],
          "id" : 4258916336,
          "idealDistance" : 1000.0,
          "idealRadius" : 12.0,
          "index" : "PAGM034",
          "maxEllipseRanging" : 1.003,
          "medEllipseRanging" : 1.002,
          "minEllipseRanging" : 1.001,
          "minRadius" : 2.0,
          "name" : "PAGM034_16in50_Mk7",
          "numBarrels" : 3,
          "onMoveTarPosCoeffDelim" : 1.001,
          "onMoveTarPosCoeffMaxDist" : 1.002,
          "onMoveTarPosCoeffZero" : 1.0,
          "onMoveTarPosDelim" : 0.1,
          "position" : [ 2.0, 1.0 ],
          "radiusOnDelim" : 0.5,
          "radiusOnMax" : 0.6,
          "radiusOnZero" : 0.2,
          "reduceTime" : 0.1,
          "rotationSpeed" : [ 4.0, 12.0 ],
          "shotDelay" : 30.0,
          "smokePenalty" : 1.0E-4,
          "typeinfo" : {
            "nation" : "USA",
            "species" : "Main",
            "type" : "Gun"
          },
          "vertSector" : [ 0.0, 45.0 ]
        }, {
          "ammoList" : [ "PAPA015_Shell_406mm_HE_HC_Mk_13", "PAPA014_Shell_406mm_AP_AP_Mk_8" ],
          "barrelDiameter" : 0.406,
          "coeffPerSecondMin" : 0.3,
          "deadZone" : [ ],
          "delim" : 0.5,
          "ellipseRangeMax" : 250.0,
          "ellipseRangeMin" : 50.0,
          "horizSector" : [ -148.0, 148.0 ],
          "id" : 4258916336,
          "idealDistance" : 1000.0,
          "idealRadius" : 12.0,
          "index" : "PAGM034",
          "maxEllipseRanging" : 1.003,
          "medEllipseRanging" : 1.002,
          "minEllipseRanging" : 1.001,
          "minRadius" : 2.0,
          "name" : "PAGM034_16in50_Mk7",
          "numBarrels" : 3,
          "onMoveTarPosCoeffDelim" : 1.001,
          "onMoveTarPosCoeffMaxDist" : 1.002,
          "onMoveTarPosCoeffZero" : 1.0,
          "onMoveTarPosDelim" : 0.1,
          "position" : [ 5.0, 1.0 ],
          "radiusOnDelim" : 0.5,
          "radiusOnMax" : 0.6,
          "radiusOnZero" : 0.2,
          "reduceTime" : 0.1,
          "rotationSpeed" : [ 4.0, 12.0 ],
          "shotDelay" : 30.0,
          "smokePenalty" : 1.0E-4,
          "typeinfo" : {
            "nation" : "USA",
            "species" : "Main",
            "type" : "Gun"
          },
          "vertSector" : [ 0.0, 45.0 ]
        } ],
        "turretTypes" : {
          "3" : [ 3, "PAGM034_16in50_Mk7" ]
        },
        "maxDist" : 21227.0,
        "minDistH" : 166.0,
        "minDistV" : 625.0,
        "normalDistribution" : true,
        "sigmaCount" : 1.9,
        "taperDist" : 5000.0,
        "GMIdealRadius" : 1.0,
        "barrelDiameter" : 0.406
      },
      "C_Artillery" : {
        "turrets" : [ {
          "ammoList" : [ "PAPA015_Shell_406mm_HE_HC_Mk_13", "PAPA014_Shell_406mm_AP_AP_Mk_8" ],
          "barrelDiameter" : 0.406,
          "coeffPerSecondMin" : 0.3,
          "deadZone" : [ ],
          "delim" : 0.5,
          "ellipseRangeMax" : 250.0,
          "ellipseRangeMin" : 50.0,
          "horizSector" : [ -149.5, 149.5 ],
          "id" : 4258916336,
          "idealDistance" : 1000.0,
          "idealRadius" : 12.0,
          "index" : "PAGM034",
          "maxEllipseRanging" : 1.003,
          "medEllipseRanging" : 1.002,
          "minEllipseRanging" : 1.001,
          "minRadius" : 2.0,
          "name" : "PAGM034_16in50_Mk7",
          "numBarrels" : 3,
          "onMoveTarPosCoeffDelim" : 1.001,
          "onMoveTarPosCoeffMaxDist" : 1.002,
          "onMoveTarPosCoeffZero" : 1.0,
          "onMoveTarPosDelim" : 0.1,
          "position" : [ 1.0, 1.0 ],
          "radiusOnDelim" : 0.5,
          "radiusOnMax" : 0.6,
          "radiusOnZero" : 0.2,
          "reduceTime" : 0.1,
          "rotationSpeed" : [ 4.0, 12.0 ],
          "shotDelay" : 30.0,
          "smokePenalty" : 1.0E-4,
          "typeinfo" : {
            "nation" : "USA",
            "species" : "Main",
            "type" : "Gun"
          },
          "vertSector" : [ 0.0, 45.0 ]
        }, {
          "ammoList" : [ "PAPA015_Shell_406mm_HE_HC_Mk_13", "PAPA014_Shell_406mm_AP_AP_Mk_8" ],
          "barrelDiameter" : 0.406,
          "coeffPerSecondMin" : 0.3,
          "deadZone" : [ ],
          "delim" : 0.5,
          "ellipseRangeMax" : 250.0,
          "ellipseRangeMin" : 50.0,
          "horizSector" : [ -142.5, 142.5 ],
          "id" : 4258916336,
          "idealDistance" : 1000.0,
          "idealRadius" : 12.0,
          "index" : "PAGM034",
          "maxEllipseRanging" : 1.003,
          "medEllipseRanging" : 1.002,
          "minEllipseRanging" : 1.001,
          "minRadius" : 2.0,
          "name" : "PAGM034_16in50_Mk7",
          "numBarrels" : 3,
          "onMoveTarPosCoeffDelim" : 1.001,
          "onMoveTarPosCoeffMaxDist" : 1.002,
          "onMoveTarPosCoeffZero" : 1.0,
          "onMoveTarPosDelim" : 0.1,
          "position" : [ 2.0, 1.0 ],
          "radiusOnDelim" : 0.5,
          "radiusOnMax" : 0.6,
          "radiusOnZero" : 0.2,
          "reduceTime" : 0.1,
          "rotationSpeed" : [ 4.0, 12.0 ],
          "shotDelay" : 30.0,
          "smokePenalty" : 1.0E-4,
          "typeinfo" : {
            "nation" : "USA",
            "species" : "Main",
            "type" : "Gun"
          },
          "vertSector" : [ 0.0, 45.0 ]
        }, {
          "ammoList" : [ "PAPA015_Shell_406mm_HE_HC_Mk_13", "PAPA014_Shell_406mm_AP_AP_Mk_8" ],
          "barrelDiameter" : 0.406,
          "coeffPerSecondMin" : 0.3,
          "deadZone" : [ ],
          "delim" : 0.5,
          "ellipseRangeMax" : 250.0,
          "ellipseRangeMin" : 50.0,
          "horizSector" : [ -148.0, 148.0 ],
          "id" : 4258916336,
          "idealDistance" : 1000.0,
          "idealRadius" : 12.0,
          "index" : "PAGM034",
          "maxEllipseRanging" : 1.003,
          "medEllipseRanging" : 1.002,
          "minEllipseRanging" : 1.001,
          "minRadius" : 2.0,
          "name" : "PAGM034_16in50_Mk7",
          "numBarrels" : 3,
          "onMoveTarPosCoeffDelim" : 1.001,
          "onMoveTarPosCoeffMaxDist" : 1.002,
          "onMoveTarPosCoeffZero" : 1.0,
          "onMoveTarPosDelim" : 0.1,
          "position" : [ 5.0, 1.0 ],
          "radiusOnDelim" : 0.5,
          "radiusOnMax" : 0.6,
          "radiusOnZero" : 0.2,
          "reduceTime" : 0.1,
          "rotationSpeed" : [ 4.0, 12.0 ],
          "shotDelay" : 30.0,
          "smokePenalty" : 1.0E-4,
          "typeinfo" : {
            "nation" : "USA",
            "species" : "Main",
            "type" : "Gun"
          },
          "vertSector" : [ 0.0, 45.0 ]
        } ],
        "turretTypes" : {
          "3" : [ 3, "PAGM034_16in50_Mk7" ]
        },
        "maxDist" : 21227.0,
        "minDistH" : 166.0,
        "minDistV" : 625.0,
        "normalDistribution" : true,
        "sigmaCount" : 1.9,
        "taperDist" : 5000.0,
        "GMIdealRadius" : 1.0,
        "barrelDiameter" : 0.406
      }
    },
    "atba" : {
      "ATBADefault" : {
        "auraFar" : [ {
          "areaDamage" : 50.0,
          "areaDamageFrequency" : 0.2857143,
          "bubbleDuration" : 3.0,
          "enableBarrage" : true,
          "enableCrewSelectedTargetCoeff" : true,
          "explosionCount" : 2.0,
          "guns" : [ "HP_AGS_1", "HP_AGS_2", "HP_AGS_3", "HP_AGS_4", "HP_AGS_5", "HP_AGS_6", "HP_AGS_7", "HP_AGS_8", "HP_AGS_9", "HP_AGS_10" ],
          "halfOuterBubbleZone" : 50.0,
          "hitChance" : 0.75,
          "innerBubbleCount" : 3.0,
          "innerBubbleSpawnTimeRange" : [ 2.65, 3.15 ],
          "innerBubbleZone" : 20.0,
          "joint" : true,
          "maxBubbleActivationDelay" : 0.4,
          "maxDistance" : 5800.0,
          "minBubbleActivationDelay" : 0.1,
          "minDistance" : 100.0,
          "outerBubbleSpawnTimeRange" : [ 2.45, 2.65 ],
          "shotDelay" : 5.0,
          "shotTravelTime" : 1.51,
          "type" : "far"
        }, {
          "areaDamageFrequency" : 0.2857143,
          "bubbleDamage" : 230.0,
          "bubbleDuration" : 3.0,
          "bubbleRadius" : 2.658,
          "enableBarrage" : true,
          "enableCrewSelectedTargetCoeff" : true,
          "explosionCount" : 2.0,
          "guns" : [ "HP_AGS_1", "HP_AGS_2", "HP_AGS_3", "HP_AGS_4", "HP_AGS_5", "HP_AGS_6", "HP_AGS_7", "HP_AGS_8", "HP_AGS_9", "HP_AGS_10" ],
          "halfOuterBubbleZone" : 50.0,
          "hitChance" : 0.75,
          "innerBubbleCount" : 6.0,
          "innerBubbleSpawnTimeRange" : [ 2.65, 3.15 ],
          "innerBubbleZone" : 20.0,
          "joint" : true,
          "maxBubbleActivationDelay" : 0.4,
          "maxDistance" : 5800.0,
          "minBubbleActivationDelay" : 0.1,
          "minDistance" : 3500.0,
          "outerBubbleCount" : 2.0,
          "outerBubbleSpawnTimeRange" : [ 2.45, 2.65 ],
          "shotDelay" : 5.0,
          "shotTravelTime" : 1.51,
          "type" : "far"
        } ],
        "secondaries" : {
          "PAGS010_5in38_Mk32_Mod12" : {
            "ammoList" : [ "PAPA018_Main_127mm_HE_C_Mk_32" ],
            "antiAirAuraDistance" : 167.0,
            "antiAirAuraStrength" : 0.151,
            "barrelDiameter" : 0.127,
            "deadZone" : [ [ -5.0, 0.0 ] ],
            "delim" : 0.6,
            "horizSector" : [ -165.0, 0.0 ],
            "id" : 4283885552,
            "idealDistance" : 333.333,
            "idealRadius" : 20.0,
            "index" : "PAGS010",
            "minRadius" : 1.0,
            "name" : "PAGS010_5in38_Mk32_Mod12",
            "numBarrels" : 2,
            "radiusOnDelim" : 0.8,
            "radiusOnMax" : 1.0,
            "radiusOnZero" : 0.1,
            "rotationSpeed" : [ 60.0, 1.0 ],
            "shotDelay" : 6.0,
            "smallGun" : true,
            "smokePenalty" : 1.0E-4,
            "typeinfo" : {
              "nation" : "USA",
              "species" : "Secondary",
              "type" : "Gun"
            },
            "vertSector" : [ 358.0, 85.0 ],
            "GSIdealRadius" : 1.0,
            "count" : 10
          }
        },
        "maxDist" : 6000.0,
        "minDistH" : 166.0,
        "minDistV" : 625.0,
        "sigmaCount" : 1.0,
        "GSIdealRadius" : 1.0
      }
    },
    "hull" : {
      "A_Hull" : {
        "backwardPowerCoef" : 4.0,
        "buoyancy" : 200000.0,
        "burnNodes" : [ [ 0.6004, 0.3, 60.0 ], [ 0.6004, 0.3, 60.0 ], [ 0.6004, 0.3, 60.0 ], [ 0.6004, 0.3, 60.0 ] ],
        "burnProb" : 0.6004,
        "burnDamage" : 0.3,
        "burnTime" : 60.0,
        "burnSize" : 4.0,
        "deckHeight" : 0.5,
        "deepwaterVisibilityCoeff" : 0.1,
        "draft" : 11.0,
        "enginePower" : 212000.0,
        "floodNodes" : [ [ 0.25, 0.5, 40.0 ], [ 0.25, 0.5, 40.0 ] ],
        "floodProb" : 0.25,
        "floodProtection" : 25.0,
        "floodDamage" : 0.5,
        "floodTime" : 40.0,
        "floodSize" : 2.0,
        "health" : 68100.0,
        "mass" : 5.754E7,
        "maxRudderAngle" : 30.0,
        "maxSpeed" : 33.0,
        "pushingMaxRudderAngle" : 16.0,
        "pushingMinRudderAngle" : 1.0,
        "rollEffect" : 86.0,
        "rudderPower" : 7.12E7,
        "rudderTime" : 29.38,
        "sideDragCoef" : 2500000.0,
        "size" : [ 260.0, 20.0, 37.0 ],
        "smokeScanRadius" : 27.0,
        "speedCoef" : 1.0,
        "tonnage" : 57540.0,
        "torpedoImpactMassImpulseCoeff" : 0.5,
        "turningRadius" : 920.0,
        "underwaterVisibilityCoeff" : 0.5,
        "visibilityCoefATBA" : 1.0E-6,
        "visibilityCoefATBAByPlane" : 1.0E-6,
        "visibilityCoefFire" : 2.0,
        "visibilityCoefFireByPlane" : 3.0,
        "visibilityCoefGK" : 1.0E-6,
        "visibilityCoefGKByPlane" : 8.12,
        "visibilityCoefGKInSmoke" : 15.64,
        "visibilityCoeff" : 33.0,
        "visibilityFactor" : 16.2,
        "visibilityFactorByPlane" : 11.4,
        "visibilityFactorInSmoke" : 1.0E-6,
        "burnSizeSkill" : 4
      },
      "B_Hull" : {
        "backwardPowerCoef" : 4.0,
        "buoyancy" : 200000.0,
        "burnNodes" : [ [ 0.5671, 0.3, 60.0 ], [ 0.5671, 0.3, 60.0 ], [ 0.5671, 0.3, 60.0 ], [ 0.5671, 0.3, 60.0 ] ],
        "burnProb" : 0.5671,
        "burnDamage" : 0.3,
        "burnTime" : 60.0,
        "burnSize" : 4.0,
        "deckHeight" : 0.5,
        "deepwaterVisibilityCoeff" : 0.1,
        "draft" : 11.0,
        "enginePower" : 212000.0,
        "floodNodes" : [ [ 0.25, 0.5, 40.0 ], [ 0.25, 0.5, 40.0 ] ],
        "floodProb" : 0.25,
        "floodProtection" : 25.0,
        "floodDamage" : 0.5,
        "floodTime" : 40.0,
        "floodSize" : 2.0,
        "health" : 79000.0,
        "mass" : 5.754E7,
        "maxRudderAngle" : 30.0,
        "maxSpeed" : 33.0,
        "pushingMaxRudderAngle" : 16.0,
        "pushingMinRudderAngle" : 1.0,
        "rollEffect" : 86.0,
        "rudderPower" : 7.12E7,
        "rudderTime" : 29.38,
        "sideDragCoef" : 2500000.0,
        "size" : [ 260.0, 20.0, 37.0 ],
        "smokeScanRadius" : 27.0,
        "speedCoef" : 1.0,
        "tonnage" : 57540.0,
        "torpedoImpactMassImpulseCoeff" : 0.5,
        "turningRadius" : 920.0,
        "underwaterVisibilityCoeff" : 0.5,
        "visibilityCoefATBA" : 1.0E-6,
        "visibilityCoefATBAByPlane" : 1.0E-6,
        "visibilityCoefFire" : 2.0,
        "visibilityCoefFireByPlane" : 3.0,
        "visibilityCoefGK" : 1.0E-6,
        "visibilityCoefGKByPlane" : 8.12,
        "visibilityCoefGKInSmoke" : 15.64,
        "visibilityCoeff" : 33.0,
        "visibilityFactor" : 16.2,
        "visibilityFactorByPlane" : 11.4,
        "visibilityFactorInSmoke" : 1.0E-6,
        "burnSizeSkill" : 4
      },
      "C_Hull" : {
        "backwardPowerCoef" : 4.0,
        "buoyancy" : 200000.0,
        "burnNodes" : [ [ 0.5671, 0.3, 60.0 ], [ 0.5671, 0.3, 60.0 ], [ 0.5671, 0.3, 60.0 ], [ 0.5671, 0.3, 60.0 ] ],
        "burnProb" : 0.5671,
        "burnDamage" : 0.3,
        "burnTime" : 60.0,
        "burnSize" : 4.0,
        "deckHeight" : 0.5,
        "deepwaterVisibilityCoeff" : 0.1,
        "draft" : 11.0,
        "enginePower" : 212000.0,
        "floodNodes" : [ [ 0.25, 0.5, 40.0 ], [ 0.25, 0.5, 40.0 ] ],
        "floodProb" : 0.25,
        "floodProtection" : 25.0,
        "floodDamage" : 0.5,
        "floodTime" : 40.0,
        "floodSize" : 2.0,
        "health" : 79000.0,
        "mass" : 5.754E7,
        "maxRudderAngle" : 30.0,
        "maxSpeed" : 33.0,
        "pushingMaxRudderAngle" : 16.0,
        "pushingMinRudderAngle" : 1.0,
        "rollEffect" : 86.0,
        "rudderPower" : 7.12E7,
        "rudderTime" : 22.38,
        "sideDragCoef" : 2500000.0,
        "size" : [ 260.0, 20.0, 37.0 ],
        "smokeScanRadius" : 27.0,
        "speedCoef" : 1.0,
        "tonnage" : 57540.0,
        "torpedoImpactMassImpulseCoeff" : 0.5,
        "turningRadius" : 920.0,
        "underwaterVisibilityCoeff" : 0.5,
        "visibilityCoefATBA" : 1.0E-6,
        "visibilityCoefATBAByPlane" : 1.0E-6,
        "visibilityCoefFire" : 2.0,
        "visibilityCoefFireByPlane" : 3.0,
        "visibilityCoefGK" : 1.0E-6,
        "visibilityCoefGKByPlane" : 8.12,
        "visibilityCoefGKInSmoke" : 15.64,
        "visibilityCoeff" : 33.0,
        "visibilityFactor" : 16.2,
        "visibilityFactorByPlane" : 11.4,
        "visibilityFactorInSmoke" : 1.0E-6,
        "burnSizeSkill" : 4
      }
    },
    "suo" : {
      "ABC1_FireControl" : {
        "maxDistCoef" : 1.0,
        "sigmaCountCoef" : 1.0
      },
      "BC2_FireControl" : {
        "maxDistCoef" : 1.1,
        "sigmaCountCoef" : 1.0
      }
    },
    "engine" : {
      "ABC2_Engine" : {
        "backwardEngineForsag" : 2.5,
        "backwardEngineForsagMaxSpeed" : 2.5,
        "backwardEngineUpTime" : 30.0,
        "backwardSpeedOnFlood" : -0.6,
        "damagedEnginePowerMultiplier" : -0.325,
        "damagedEnginePowerTimeMultiplier" : 6.5,
        "forwardEngineForsag" : 2.5,
        "forwardEngineForsagMaxSpeed" : 2.5,
        "forwardEngineUpTime" : 60.0,
        "forwardSpeedOnFlood" : -0.3,
        "histEnginePower" : 212000.0
      },
      "ABC1_Engine" : {
        "backwardEngineForsag" : 2.5,
        "backwardEngineForsagMaxSpeed" : 2.5,
        "backwardEngineUpTime" : 30.0,
        "backwardSpeedOnFlood" : -0.6,
        "damagedEnginePowerMultiplier" : -0.325,
        "damagedEnginePowerTimeMultiplier" : 6.5,
        "forwardEngineForsag" : 2.5,
        "forwardEngineForsagMaxSpeed" : 2.5,
        "forwardEngineUpTime" : 60.0,
        "forwardSpeedOnFlood" : -0.3,
        "histEnginePower" : 172000.0,
        "speedCoef" : -0.128
      }
    }
  },
  "shipAbilities" : {
    "AbilitySlot0" : {
      "abils" : [ [ "PCY001_CrashCrew", "B_USA" ], [ "PCY009_CrashCrewPremium", "B_USA_Gold" ], [ "PCY023_CrashCrewSuper", "B_USA" ] ],
      "slot" : 0
    },
    "AbilitySlot1" : {
      "abils" : [ [ "PCY002_RegenCrew", "B_Colorado" ], [ "PCY010_RegenCrewPremium", "B_Colorado_Gold" ], [ "PCY024_RegenCrewSuper", "B_Colorado" ] ],
      "slot" : 1
    },
    "AbilitySlot2" : {
      "abils" : [ [ "PCY005_Spotter", "Default" ], [ "PCY013_SpotterPremium", "Default" ], [ "PCY027_SpotterSuper", "Default" ], [ "PCY004_Fighter", "Fighter_4" ], [ "PCY012_FighterPremium", "Fighter_4" ], [ "PCY026_FighterSuper", "Fighter_4" ] ],
      "slot" : 2
    },
    "AbilitySlot3" : {
      "abils" : [ ],
      "slot" : 3
    },
    "AbilitySlot4" : {
      "abils" : [ ],
      "slot" : 4
    }
  },
  "shipUpgradeInfo" : {
    "components" : {
      "flightControl" : [ ],
      "artillery" : [ {
        "name" : "PAUA821_B9_ART_STOCK",
        "ucType" : "_Artillery",
        "position" : 1,
        "elem" : 1,
        "prevType" : "artillery",
        "prevPosition" : 0,
        "components" : {
          "artillery" : [ "A_Artillery", "B_Artillery", "C_Artillery" ]
        },
        "ucTypeShort" : "artillery",
        "image" : "https://cdn.wowsft.com/images/modules/module_artillery.png"
      } ],
      "hull" : [ {
        "disabledAbilities" : [ ],
        "name" : "PAUH831_Iowa_1943",
        "ucType" : "_Hull",
        "position" : 1,
        "elem" : 2,
        "prevType" : "hull",
        "prevPosition" : 0,
        "components" : {
          "airArmament" : [ "AirArmamentDefault" ],
          "airDefense" : [ "A_AirDefense" ],
          "artillery" : [ "A_Artillery" ],
          "atba" : [ "ATBADefault" ],
          "hull" : [ "A_Hull" ],
          "torpedoes" : [ ]
        },
        "ucTypeShort" : "hull",
        "image" : "https://cdn.wowsft.com/images/modules/module_hull.png"
      }, {
        "disabledAbilities" : [ ],
        "name" : "PAUH832_Iowa_1944",
        "prev" : "PAUH831_Iowa_1943",
        "ucType" : "_Hull",
        "position" : 2,
        "elem" : 2,
        "prevType" : "hull",
        "prevPosition" : 1,
        "prevElem" : 2,
        "components" : {
          "airArmament" : [ "AirArmamentDefault" ],
          "airDefense" : [ "B_AirDefense" ],
          "artillery" : [ "B_Artillery" ],
          "atba" : [ "ATBADefault" ],
          "hull" : [ "B_Hull" ],
          "torpedoes" : [ ]
        },
        "ucTypeShort" : "hull",
        "image" : "https://cdn.wowsft.com/images/modules/module_hull.png"
      }, {
        "disabledAbilities" : [ ],
        "nextShips" : [ "PASB017_Montana_1945" ],
        "name" : "PAUH833_Iowa_1945",
        "prev" : "PAUH832_Iowa_1944",
        "ucType" : "_Hull",
        "position" : 3,
        "elem" : 2,
        "prevType" : "hull",
        "prevPosition" : 2,
        "prevElem" : 2,
        "components" : {
          "airArmament" : [ "AirArmamentDefault" ],
          "airDefense" : [ "C_AirDefense" ],
          "artillery" : [ "C_Artillery" ],
          "atba" : [ "ATBADefault" ],
          "hull" : [ "C_Hull" ],
          "torpedoes" : [ ]
        },
        "ucTypeShort" : "hull",
        "image" : "https://cdn.wowsft.com/images/modules/module_hull.png"
      } ],
      "torpedoes" : [ ],
      "suo" : [ {
        "name" : "PAUS821_Suo",
        "ucType" : "_Suo",
        "position" : 1,
        "elem" : 4,
        "prevType" : "suo",
        "prevPosition" : 0,
        "components" : {
          "suo" : [ "ABC1_FireControl" ]
        },
        "ucTypeShort" : "suo",
        "image" : "https://cdn.wowsft.com/images/modules/module_suo.png"
      }, {
        "name" : "PAUS822_Suo",
        "prev" : "PAUH832_Iowa_1944",
        "ucType" : "_Suo",
        "position" : 2,
        "elem" : 4,
        "prevType" : "hull",
        "prevPosition" : 2,
        "prevElem" : 2,
        "components" : {
          "suo" : [ "BC2_FireControl" ]
        },
        "ucTypeShort" : "suo",
        "image" : "https://cdn.wowsft.com/images/modules/module_suo.png"
      } ],
      "fighter" : [ ],
      "torpedoBomber" : [ ],
      "diveBomber" : [ ],
      "engine" : [ {
        "name" : "PAUE832_B9_ENG_STOCK",
        "ucType" : "_Engine",
        "position" : 1,
        "elem" : 8,
        "prevType" : "engine",
        "prevPosition" : 0,
        "components" : {
          "engine" : [ "ABC1_Engine" ]
        },
        "ucTypeShort" : "engine",
        "image" : "https://cdn.wowsft.com/images/modules/module_engine.png"
      }, {
        "name" : "PAUE831_B9_ENG_TOP",
        "prev" : "PAUE832_B9_ENG_STOCK",
        "ucType" : "_Engine",
        "position" : 2,
        "elem" : 8,
        "prevType" : "engine",
        "prevPosition" : 1,
        "prevElem" : 8,
        "components" : {
          "engine" : [ "ABC2_Engine" ]
        },
        "ucTypeShort" : "engine",
        "image" : "https://cdn.wowsft.com/images/modules/module_engine.png"
      } ]
    },
    "cols" : {
      "flightControl" : 0,
      "artillery" : 1,
      "hull" : 1,
      "torpedoes" : 0,
      "suo" : 1,
      "fighter" : 0,
      "torpedoBomber" : 0,
      "diveBomber" : 0,
      "engine" : 1
    },
    "maxRows" : 3,
    "costCR" : 15500000,
    "costXP" : 175000,
    "lockedConfig" : [ ],
    "value" : 1
  },
  "canEquipCamouflage" : true,
  "group" : "upgradeable",
  "id" : 4276041712,
  "index" : "PASB018",
  "level" : 9,
  "maxEquippedFlags" : 8,
  "name" : "PASB018_Iowa_1944",
  "navalFlag" : "usa",
  "needShowProjectYear" : true,
  "peculiarity" : "default",
  "steerAngle" : [ 0.2, 0.7, 1.0 ],
  "typeinfo" : {
    "nation" : "USA",
    "species" : "Battleship",
    "type" : "Ship"
  },
  "realShipType" : "Battleship",
  "realShipTypeId" : "BATTLESHIP",
  "research" : true,
  "prevShipIndex" : "PASB012",
  "prevShipName" : "PASB012_North_Carolina_1945",
  "prevShipXP" : 120000,
  "prevShipCompXP" : 57500,
  "typeImage" : "https://cdn.wowsft.com/images/vehicles/types/Battleship/normal.png",
  "imageSmall" : "https://cdn.wowsft.com/images/vehicles/ship_previews/PASB018.png"
}