{
  "components" : {
    "airArmament" : {
      "AB_AirArmament" : {
        "auraCoeff" : 1.0,
        "deckPlaceCount" : 0.0,
        "launchPrepareTime" : 0.0,
        "launchpadType" : "catapult",
        "planesReserveCapacity" : 0.0,
        "independentLaunchpad" : false
      }
    },
    "airDefense" : {
      "A_AirDefense" : {
        "auraNear" : [ {
          "areaDamage" : 37.0,
          "areaDamageFrequency" : 0.2857143,
          "enableBarrage" : true,
          "guns" : [ "HP_AGA_1", "HP_AGA_2", "HP_AGA_3", "HP_AGA_4", "HP_AGA_5", "HP_AGA_6", "HP_AGA_7", "HP_AGA_8", "HP_AGA_9", "HP_AGA_10", "HP_AGA_11", "HP_AGA_12" ],
          "hitChance" : 0.7,
          "joint" : true,
          "maxDistance" : 1500.0,
          "minDistance" : 100.0,
          "shotDelay" : 0.1,
          "shotTravelTime" : 1.0,
          "type" : "near"
        } ],
        "ownerlessTracesScatterCoefficient" : 1.0,
        "sectors" : [ [ 0.0, 180.0 ], [ 180.0, 0.0 ] ],
        "prioritySectorPhases" : [ [ 5.0, "linear", 0.035, 1.0, 1.35 ], [ 10.0, "linear", 0.0, 1.35, 1.35 ] ],
        "prioritySectorPreparation" : 5.0,
        "prioritySectorDuration" : 10.0,
        "prioritySectorDamageInitial" : 0.035,
        "prioritySectorCoefficientInitial" : 1.0,
        "prioritySectorCoefficientDuring" : 1.35
      },
      "B_AirDefense" : {
        "auraMedium" : [ {
          "areaDamage" : 42.0,
          "areaDamageFrequency" : 0.2857143,
          "enableBarrage" : true,
          "guns" : [ "HP_AGA_7", "HP_AGA_8", "HP_AGA_9", "HP_AGA_10", "HP_AGA_13", "HP_AGA_14", "HP_AGA_15", "HP_AGA_16" ],
          "hitChance" : 0.75,
          "joint" : true,
          "maxDistance" : 3500.0,
          "minDistance" : 100.0,
          "shotDelay" : 0.5,
          "shotTravelTime" : 1.5,
          "type" : "medium"
        } ],
        "auraNear" : [ {
          "areaDamage" : 39.0,
          "areaDamageFrequency" : 0.2857143,
          "enableBarrage" : true,
          "guns" : [ "HP_AGA_1", "HP_AGA_11", "HP_AGA_12", "HP_AGA_2", "HP_AGA_3", "HP_AGA_4", "HP_AGA_5", "HP_AGA_6", "HP_AGM_3_HP_AGA_1", "HP_AGM_3_HP_AGA_2", "HP_AGM_3_HP_AGA_3" ],
          "hitChance" : 0.7,
          "joint" : true,
          "maxDistance" : 2000.0,
          "minDistance" : 100.0,
          "shotDelay" : 0.1,
          "shotTravelTime" : 1.0,
          "type" : "near"
        } ],
        "ownerlessTracesScatterCoefficient" : 1.0,
        "sectors" : [ [ 0.0, 180.0 ], [ 180.0, 0.0 ] ],
        "prioritySectorPhases" : [ [ 5.0, "linear", 0.035, 1.0, 1.35 ], [ 10.0, "linear", 0.0, 1.35, 1.35 ] ],
        "prioritySectorPreparation" : 5.0,
        "prioritySectorDuration" : 10.0,
        "prioritySectorDamageInitial" : 0.035,
        "prioritySectorCoefficientInitial" : 1.0,
        "prioritySectorCoefficientDuring" : 1.35
      }
    },
    "artillery" : {
      "A1_Artillery" : {
        "turrets" : [ {
          "ammoList" : [ "PAPA007_Shell_356mm_HE_HC_Mk_22", "PAPA006_Shell_356mm_AP_AP_Mk_16" ],
          "barrelDiameter" : 0.356,
          "coeffPerSecondMin" : 0.3,
          "deadZone" : [ ],
          "delim" : 0.5,
          "ellipseRangeMax" : 250.0,
          "ellipseRangeMin" : 50.0,
          "horizSector" : [ -147.0, 147.0 ],
          "id" : 4249479152,
          "idealDistance" : 1000.0,
          "idealRadius" : 12.0,
          "index" : "PAGM043",
          "maxEllipseRanging" : 1.003,
          "medEllipseRanging" : 1.002,
          "minEllipseRanging" : 1.001,
          "minRadius" : 2.0,
          "name" : "PAGM043_14in50_3Gun_Turret",
          "numBarrels" : 3,
          "onMoveTarPosCoeffDelim" : 1.001,
          "onMoveTarPosCoeffMaxDist" : 1.002,
          "onMoveTarPosCoeffZero" : 1.0,
          "onMoveTarPosDelim" : 0.1,
          "position" : [ 1.0, 1.0 ],
          "radiusOnDelim" : 0.5,
          "radiusOnMax" : 0.6,
          "radiusOnZero" : 0.2,
          "reduceTime" : 0.1,
          "rotationSpeed" : [ 3.0, 9.0 ],
          "shotDelay" : 34.2,
          "smokePenalty" : 1.0E-4,
          "typeinfo" : {
            "nation" : "USA",
            "species" : "Main",
            "type" : "Gun"
          },
          "vertSector" : [ -2.0, 30.0 ]
        }, {
          "ammoList" : [ "PAPA007_Shell_356mm_HE_HC_Mk_22", "PAPA006_Shell_356mm_AP_AP_Mk_16" ],
          "barrelDiameter" : 0.356,
          "coeffPerSecondMin" : 0.3,
          "deadZone" : [ ],
          "delim" : 0.5,
          "ellipseRangeMax" : 250.0,
          "ellipseRangeMin" : 50.0,
          "horizSector" : [ -143.0, 143.0 ],
          "id" : 4249479152,
          "idealDistance" : 1000.0,
          "idealRadius" : 12.0,
          "index" : "PAGM043",
          "maxEllipseRanging" : 1.003,
          "medEllipseRanging" : 1.002,
          "minEllipseRanging" : 1.001,
          "minRadius" : 2.0,
          "name" : "PAGM043_14in50_3Gun_Turret",
          "numBarrels" : 3,
          "onMoveTarPosCoeffDelim" : 1.001,
          "onMoveTarPosCoeffMaxDist" : 1.002,
          "onMoveTarPosCoeffZero" : 1.0,
          "onMoveTarPosDelim" : 0.1,
          "position" : [ 2.0, 1.0 ],
          "radiusOnDelim" : 0.5,
          "radiusOnMax" : 0.6,
          "radiusOnZero" : 0.2,
          "reduceTime" : 0.1,
          "rotationSpeed" : [ 3.0, 9.0 ],
          "shotDelay" : 34.2,
          "smokePenalty" : 1.0E-4,
          "typeinfo" : {
            "nation" : "USA",
            "species" : "Main",
            "type" : "Gun"
          },
          "vertSector" : [ -2.0, 30.0 ]
        }, {
          "ammoList" : [ "PAPA007_Shell_356mm_HE_HC_Mk_22", "PAPA006_Shell_356mm_AP_AP_Mk_16" ],
          "barrelDiameter" : 0.356,
          "coeffPerSecondMin" : 0.3,
          "deadZone" : [ ],
          "delim" : 0.5,
          "ellipseRangeMax" : 250.0,
          "ellipseRangeMin" : 50.0,
          "horizSector" : [ -147.0, 147.0 ],
          "id" : 4249479152,
          "idealDistance" : 1000.0,
          "idealRadius" : 12.0,
          "index" : "PAGM043",
          "maxEllipseRanging" : 1.003,
          "medEllipseRanging" : 1.002,
          "minEllipseRanging" : 1.001,
          "minRadius" : 2.0,
          "name" : "PAGM043_14in50_3Gun_Turret",
          "numBarrels" : 3,
          "onMoveTarPosCoeffDelim" : 1.001,
          "onMoveTarPosCoeffMaxDist" : 1.002,
          "onMoveTarPosCoeffZero" : 1.0,
          "onMoveTarPosDelim" : 0.1,
          "position" : [ 4.0, 1.0 ],
          "radiusOnDelim" : 0.5,
          "radiusOnMax" : 0.6,
          "radiusOnZero" : 0.2,
          "reduceTime" : 0.1,
          "rotationSpeed" : [ 3.0, 9.0 ],
          "shotDelay" : 34.2,
          "smokePenalty" : 1.0E-4,
          "typeinfo" : {
            "nation" : "USA",
            "species" : "Main",
            "type" : "Gun"
          },
          "vertSector" : [ -2.0, 30.0 ]
        }, {
          "ammoList" : [ "PAPA007_Shell_356mm_HE_HC_Mk_22", "PAPA006_Shell_356mm_AP_AP_Mk_16" ],
          "barrelDiameter" : 0.356,
          "coeffPerSecondMin" : 0.3,
          "deadZone" : [ ],
          "delim" : 0.5,
          "ellipseRangeMax" : 250.0,
          "ellipseRangeMin" : 50.0,
          "horizSector" : [ -147.0, 147.0 ],
          "id" : 4249479152,
          "idealDistance" : 1000.0,
          "idealRadius" : 12.0,
          "index" : "PAGM043",
          "maxEllipseRanging" : 1.003,
          "medEllipseRanging" : 1.002,
          "minEllipseRanging" : 1.001,
          "minRadius" : 2.0,
          "name" : "PAGM043_14in50_3Gun_Turret",
          "numBarrels" : 3,
          "onMoveTarPosCoeffDelim" : 1.001,
          "onMoveTarPosCoeffMaxDist" : 1.002,
          "onMoveTarPosCoeffZero" : 1.0,
          "onMoveTarPosDelim" : 0.1,
          "position" : [ 5.0, 1.0 ],
          "radiusOnDelim" : 0.5,
          "radiusOnMax" : 0.6,
          "radiusOnZero" : 0.2,
          "reduceTime" : 0.1,
          "rotationSpeed" : [ 3.0, 9.0 ],
          "shotDelay" : 34.2,
          "smokePenalty" : 1.0E-4,
          "typeinfo" : {
            "nation" : "USA",
            "species" : "Main",
            "type" : "Gun"
          },
          "vertSector" : [ -2.0, 30.0 ]
        } ],
        "turretTypes" : {
          "3" : [ 4, "PAGM043_14in50_3Gun_Turret" ]
        },
        "maxDist" : 14620.0,
        "minDistH" : 164.0,
        "minDistV" : 481.0,
        "normalDistribution" : true,
        "sigmaCount" : 1.5,
        "taperDist" : 4000.0,
        "GMIdealRadius" : 1.0,
        "barrelDiameter" : 0.356
      },
      "B1_Artillery" : {
        "turrets" : [ {
          "ammoList" : [ "PAPA007_Shell_356mm_HE_HC_Mk_22", "PAPA006_Shell_356mm_AP_AP_Mk_16" ],
          "barrelDiameter" : 0.356,
          "coeffPerSecondMin" : 0.3,
          "deadZone" : [ ],
          "delim" : 0.5,
          "ellipseRangeMax" : 250.0,
          "ellipseRangeMin" : 50.0,
          "horizSector" : [ -147.0, 147.0 ],
          "id" : 4226410480,
          "idealDistance" : 1000.0,
          "idealRadius" : 12.0,
          "index" : "PAGM065",
          "maxEllipseRanging" : 1.003,
          "medEllipseRanging" : 1.002,
          "minEllipseRanging" : 1.001,
          "minRadius" : 2.0,
          "name" : "PAGM065_14in50_3Gun_Turret",
          "numBarrels" : 3,
          "onMoveTarPosCoeffDelim" : 1.001,
          "onMoveTarPosCoeffMaxDist" : 1.002,
          "onMoveTarPosCoeffZero" : 1.0,
          "onMoveTarPosDelim" : 0.1,
          "position" : [ 1.0, 1.0 ],
          "radiusOnDelim" : 0.5,
          "radiusOnMax" : 0.6,
          "radiusOnZero" : 0.2,
          "reduceTime" : 0.1,
          "rotationSpeed" : [ 3.0, 9.0 ],
          "shotDelay" : 34.2,
          "smokePenalty" : 1.0E-4,
          "typeinfo" : {
            "nation" : "USA",
            "species" : "Main",
            "type" : "Gun"
          },
          "vertSector" : [ -1.0, 30.0 ]
        }, {
          "ammoList" : [ "PAPA007_Shell_356mm_HE_HC_Mk_22", "PAPA006_Shell_356mm_AP_AP_Mk_16" ],
          "barrelDiameter" : 0.356,
          "coeffPerSecondMin" : 0.3,
          "deadZone" : [ ],
          "delim" : 0.5,
          "ellipseRangeMax" : 250.0,
          "ellipseRangeMin" : 50.0,
          "horizSector" : [ -143.0, 143.0 ],
          "id" : 4226410480,
          "idealDistance" : 1000.0,
          "idealRadius" : 12.0,
          "index" : "PAGM065",
          "maxEllipseRanging" : 1.003,
          "medEllipseRanging" : 1.002,
          "minEllipseRanging" : 1.001,
          "minRadius" : 2.0,
          "name" : "PAGM065_14in50_3Gun_Turret",
          "numBarrels" : 3,
          "onMoveTarPosCoeffDelim" : 1.001,
          "onMoveTarPosCoeffMaxDist" : 1.002,
          "onMoveTarPosCoeffZero" : 1.0,
          "onMoveTarPosDelim" : 0.1,
          "position" : [ 2.0, 1.0 ],
          "radiusOnDelim" : 0.5,
          "radiusOnMax" : 0.6,
          "radiusOnZero" : 0.2,
          "reduceTime" : 0.1,
          "rotationSpeed" : [ 3.0, 9.0 ],
          "shotDelay" : 34.2,
          "smokePenalty" : 1.0E-4,
          "typeinfo" : {
            "nation" : "USA",
            "species" : "Main",
            "type" : "Gun"
          },
          "vertSector" : [ -1.0, 30.0 ]
        }, {
          "ammoList" : [ "PAPA007_Shell_356mm_HE_HC_Mk_22", "PAPA006_Shell_356mm_AP_AP_Mk_16" ],
          "barrelDiameter" : 0.356,
          "coeffPerSecondMin" : 0.3,
          "deadZone" : [ ],
          "delim" : 0.5,
          "ellipseRangeMax" : 250.0,
          "ellipseRangeMin" : 50.0,
          "horizSector" : [ -147.0, 147.0 ],
          "id" : 4226410480,
          "idealDistance" : 1000.0,
          "idealRadius" : 12.0,
          "index" : "PAGM065",
          "maxEllipseRanging" : 1.003,
          "medEllipseRanging" : 1.002,
          "minEllipseRanging" : 1.001,
          "minRadius" : 2.0,
          "name" : "PAGM065_14in50_3Gun_Turret",
          "numBarrels" : 3,
          "onMoveTarPosCoeffDelim" : 1.001,
          "onMoveTarPosCoeffMaxDist" : 1.002,
          "onMoveTarPosCoeffZero" : 1.0,
          "onMoveTarPosDelim" : 0.1,
          "position" : [ 4.0, 1.0 ],
          "radiusOnDelim" : 0.5,
          "radiusOnMax" : 0.6,
          "radiusOnZero" : 0.2,
          "reduceTime" : 0.1,
          "rotationSpeed" : [ 3.0, 9.0 ],
          "shotDelay" : 34.2,
          "smokePenalty" : 1.0E-4,
          "typeinfo" : {
            "nation" : "USA",
            "species" : "Main",
            "type" : "Gun"
          },
          "vertSector" : [ -1.0, 30.0 ]
        }, {
          "ammoList" : [ "PAPA007_Shell_356mm_HE_HC_Mk_22", "PAPA006_Shell_356mm_AP_AP_Mk_16" ],
          "barrelDiameter" : 0.356,
          "coeffPerSecondMin" : 0.3,
          "deadZone" : [ ],
          "delim" : 0.5,
          "ellipseRangeMax" : 250.0,
          "ellipseRangeMin" : 50.0,
          "horizSector" : [ -147.0, 147.0 ],
          "id" : 4226410480,
          "idealDistance" : 1000.0,
          "idealRadius" : 12.0,
          "index" : "PAGM065",
          "maxEllipseRanging" : 1.003,
          "medEllipseRanging" : 1.002,
          "minEllipseRanging" : 1.001,
          "minRadius" : 2.0,
          "name" : "PAGM065_14in50_3Gun_Turret",
          "numBarrels" : 3,
          "onMoveTarPosCoeffDelim" : 1.001,
          "onMoveTarPosCoeffMaxDist" : 1.002,
          "onMoveTarPosCoeffZero" : 1.0,
          "onMoveTarPosDelim" : 0.1,
          "position" : [ 5.0, 1.0 ],
          "radiusOnDelim" : 0.5,
          "radiusOnMax" : 0.6,
          "radiusOnZero" : 0.2,
          "reduceTime" : 0.1,
          "rotationSpeed" : [ 3.0, 9.0 ],
          "shotDelay" : 34.2,
          "smokePenalty" : 1.0E-4,
          "typeinfo" : {
            "nation" : "USA",
            "species" : "Main",
            "type" : "Gun"
          },
          "vertSector" : [ -1.0, 30.0 ]
        } ],
        "turretTypes" : {
          "3" : [ 4, "PAGM065_14in50_3Gun_Turret" ]
        },
        "maxDist" : 14620.0,
        "minDistH" : 164.0,
        "minDistV" : 481.0,
        "normalDistribution" : true,
        "sigmaCount" : 1.5,
        "taperDist" : 4000.0,
        "GMIdealRadius" : 1.0,
        "barrelDiameter" : 0.356
      }
    },
    "atba" : {
      "A_ATBA" : {
        "auraFar" : [ {
          "areaDamage" : 27.0,
          "areaDamageFrequency" : 0.2857143,
          "bubbleDuration" : 3.0,
          "enableBarrage" : true,
          "enableCrewSelectedTargetCoeff" : true,
          "explosionCount" : 2.0,
          "guns" : [ "HP_AGS_11", "HP_AGS_12", "HP_AGS_15", "HP_AGS_16", "HP_AGS_17", "HP_AGS_18", "HP_AGS_7", "HP_AGS_8" ],
          "halfOuterBubbleZone" : 50.0,
          "hitChance" : 0.75,
          "innerBubbleCount" : 3.0,
          "innerBubbleSpawnTimeRange" : [ 2.65, 3.15 ],
          "innerBubbleZone" : 20.0,
          "joint" : true,
          "maxBubbleActivationDelay" : 0.4,
          "maxDistance" : 4800.0,
          "minBubbleActivationDelay" : 0.1,
          "minDistance" : 100.0,
          "outerBubbleSpawnTimeRange" : [ 2.45, 2.65 ],
          "shotDelay" : 5.0,
          "shotTravelTime" : 1.25,
          "type" : "far"
        }, {
          "areaDamageFrequency" : 0.2857143,
          "bubbleDamage" : 180.0,
          "bubbleDuration" : 3.0,
          "bubbleRadius" : 2.383,
          "enableBarrage" : true,
          "enableCrewSelectedTargetCoeff" : true,
          "explosionCount" : 2.0,
          "guns" : [ "HP_AGS_11", "HP_AGS_12", "HP_AGS_15", "HP_AGS_16", "HP_AGS_17", "HP_AGS_18", "HP_AGS_7", "HP_AGS_8" ],
          "halfOuterBubbleZone" : 50.0,
          "hitChance" : 0.75,
          "innerBubbleCount" : 2.0,
          "innerBubbleSpawnTimeRange" : [ 2.65, 3.15 ],
          "innerBubbleZone" : 20.0,
          "joint" : true,
          "maxBubbleActivationDelay" : 0.4,
          "maxDistance" : 4800.0,
          "minBubbleActivationDelay" : 0.1,
          "minDistance" : 3500.0,
          "outerBubbleCount" : 1.0,
          "outerBubbleSpawnTimeRange" : [ 2.45, 2.65 ],
          "shotDelay" : 5.0,
          "shotTravelTime" : 1.25,
          "type" : "far"
        } ],
        "secondaries" : {
          "PAGS029_5in51_Mk_7" : {
            "ammoList" : [ "PAPA008_Shell_127mm_HE_HC_Mk_39" ],
            "barrelDiameter" : 0.127,
            "deadZone" : [ ],
            "delim" : 0.6,
            "horizSector" : [ -112.0, -2.0 ],
            "id" : 4263962608,
            "idealDistance" : 333.333,
            "idealRadius" : 20.0,
            "index" : "PAGS029",
            "minRadius" : 1.0,
            "name" : "PAGS029_5in51_Mk_7",
            "numBarrels" : 1,
            "radiusOnDelim" : 0.8,
            "radiusOnMax" : 1.0,
            "radiusOnZero" : 0.1,
            "rotationSpeed" : [ 60.0, 1.0 ],
            "shotDelay" : 7.0,
            "smallGun" : true,
            "smokePenalty" : 1.0E-4,
            "typeinfo" : {
              "nation" : "USA",
              "species" : "Secondary",
              "type" : "Gun"
            },
            "vertSector" : [ -2.0, 20.0 ],
            "GSIdealRadius" : 1.0,
            "count" : 12
          },
          "PAGS007_5in25_Mk19_Mod6" : {
            "ammoList" : [ "PAPA003_Shell_127mm_HE_HC_Mk_36" ],
            "antiAirAuraDistance" : 140.0,
            "antiAirAuraStrength" : 0.073,
            "barrelDiameter" : 0.127,
            "deadZone" : [ [ -2.0, 0.0 ] ],
            "delim" : 0.6,
            "horizSector" : [ -161.0, 0.0 ],
            "id" : 4287031280,
            "idealDistance" : 333.333,
            "idealRadius" : 20.0,
            "index" : "PAGS007",
            "minRadius" : 1.0,
            "name" : "PAGS007_5in25_Mk19_Mod6",
            "numBarrels" : 1,
            "radiusOnDelim" : 0.8,
            "radiusOnMax" : 1.0,
            "radiusOnZero" : 0.1,
            "rotationSpeed" : [ 60.001, 1.0 ],
            "shotDelay" : 4.5,
            "smallGun" : true,
            "smokePenalty" : 1.0E-4,
            "typeinfo" : {
              "nation" : "USA",
              "species" : "Secondary",
              "type" : "Gun"
            },
            "vertSector" : [ -2.0, 85.0 ],
            "GSIdealRadius" : 1.0,
            "count" : 8
          }
        },
        "maxDist" : 4000.0,
        "minDistH" : 164.0,
        "minDistV" : 481.0,
        "sigmaCount" : 1.0,
        "GSIdealRadius" : 1.0
      },
      "B_ATBA" : {
        "auraFar" : [ {
          "areaDamage" : 23.0,
          "areaDamageFrequency" : 0.2857143,
          "bubbleDuration" : 3.0,
          "enableBarrage" : true,
          "enableCrewSelectedTargetCoeff" : true,
          "explosionCount" : 2.0,
          "guns" : [ "HP_AGS_10", "HP_AGS_13", "HP_AGS_14", "HP_AGS_15", "HP_AGS_16", "HP_AGS_5", "HP_AGS_6", "HP_AGS_9" ],
          "halfOuterBubbleZone" : 50.0,
          "hitChance" : 0.75,
          "innerBubbleCount" : 3.0,
          "innerBubbleSpawnTimeRange" : [ 2.65, 3.15 ],
          "innerBubbleZone" : 20.0,
          "joint" : true,
          "maxBubbleActivationDelay" : 0.4,
          "maxDistance" : 4800.0,
          "minBubbleActivationDelay" : 0.1,
          "minDistance" : 100.0,
          "outerBubbleSpawnTimeRange" : [ 2.45, 2.65 ],
          "shotDelay" : 5.0,
          "shotTravelTime" : 1.25,
          "type" : "far"
        }, {
          "areaDamageFrequency" : 0.2857143,
          "bubbleDamage" : 180.0,
          "bubbleDuration" : 3.0,
          "bubbleRadius" : 2.383,
          "enableBarrage" : true,
          "enableCrewSelectedTargetCoeff" : true,
          "explosionCount" : 2.0,
          "guns" : [ "HP_AGS_10", "HP_AGS_13", "HP_AGS_14", "HP_AGS_15", "HP_AGS_16", "HP_AGS_5", "HP_AGS_6", "HP_AGS_9" ],
          "halfOuterBubbleZone" : 50.0,
          "hitChance" : 0.75,
          "innerBubbleCount" : 2.0,
          "innerBubbleSpawnTimeRange" : [ 2.65, 3.15 ],
          "innerBubbleZone" : 20.0,
          "joint" : true,
          "maxBubbleActivationDelay" : 0.4,
          "maxDistance" : 4800.0,
          "minBubbleActivationDelay" : 0.1,
          "minDistance" : 3500.0,
          "outerBubbleCount" : 1.0,
          "outerBubbleSpawnTimeRange" : [ 2.45, 2.65 ],
          "shotDelay" : 5.0,
          "shotTravelTime" : 1.25,
          "type" : "far"
        } ],
        "secondaries" : {
          "PAGS029_5in51_Mk_7" : {
            "ammoList" : [ "PAPA008_Shell_127mm_HE_HC_Mk_39" ],
            "barrelDiameter" : 0.127,
            "deadZone" : [ ],
            "delim" : 0.6,
            "horizSector" : [ -112.0, -2.0 ],
            "id" : 4263962608,
            "idealDistance" : 333.333,
            "idealRadius" : 20.0,
            "index" : "PAGS029",
            "minRadius" : 1.0,
            "name" : "PAGS029_5in51_Mk_7",
            "numBarrels" : 1,
            "radiusOnDelim" : 0.8,
            "radiusOnMax" : 1.0,
            "radiusOnZero" : 0.1,
            "rotationSpeed" : [ 60.0, 1.0 ],
            "shotDelay" : 7.0,
            "smallGun" : true,
            "smokePenalty" : 1.0E-4,
            "typeinfo" : {
              "nation" : "USA",
              "species" : "Secondary",
              "type" : "Gun"
            },
            "vertSector" : [ -2.0, 20.0 ],
            "GSIdealRadius" : 1.0,
            "count" : 10
          },
          "PAGS007_5in25_Mk19_Mod6" : {
            "ammoList" : [ "PAPA003_Shell_127mm_HE_HC_Mk_36" ],
            "antiAirAuraDistance" : 140.0,
            "antiAirAuraStrength" : 0.073,
            "barrelDiameter" : 0.127,
            "deadZone" : [ [ 0.0, 2.0 ] ],
            "delim" : 0.6,
            "horizSector" : [ 0.0, 163.0 ],
            "id" : 4287031280,
            "idealDistance" : 333.333,
            "idealRadius" : 20.0,
            "index" : "PAGS007",
            "minRadius" : 1.0,
            "name" : "PAGS007_5in25_Mk19_Mod6",
            "numBarrels" : 1,
            "radiusOnDelim" : 0.8,
            "radiusOnMax" : 1.0,
            "radiusOnZero" : 0.1,
            "rotationSpeed" : [ 60.001, 1.0 ],
            "shotDelay" : 4.5,
            "smallGun" : true,
            "smokePenalty" : 1.0E-4,
            "typeinfo" : {
              "nation" : "USA",
              "species" : "Secondary",
              "type" : "Gun"
            },
            "vertSector" : [ -2.0, 85.0 ],
            "GSIdealRadius" : 1.0,
            "count" : 8
          }
        },
        "maxDist" : 4000.0,
        "minDistH" : 164.0,
        "minDistV" : 481.0,
        "sigmaCount" : 1.0,
        "GSIdealRadius" : 1.0
      }
    },
    "hull" : {
      "A_Hull_1936" : {
        "backwardPowerCoef" : 4.0,
        "buoyancy" : 200000.0,
        "burnNodes" : [ [ 0.8002, 0.3, 60.0 ], [ 0.8002, 0.3, 60.0 ], [ 0.8002, 0.3, 60.0 ], [ 0.8002, 0.3, 60.0 ] ],
        "burnProb" : 0.8002,
        "burnDamage" : 0.3,
        "burnTime" : 60.0,
        "burnSize" : 4.0,
        "deckHeight" : 0.5,
        "deepwaterVisibilityCoeff" : 0.1,
        "draft" : 11.0,
        "enginePower" : 37000.0,
        "floodNodes" : [ [ 0.2, 0.5, 40.0 ], [ 0.2, 0.5, 40.0 ] ],
        "floodProb" : 0.2,
        "floodProtection" : 39.999996,
        "floodDamage" : 0.5,
        "floodTime" : 40.0,
        "floodSize" : 2.0,
        "health" : 48200.0,
        "mass" : 3.6E7,
        "maxRudderAngle" : 30.0,
        "maxSpeed" : 21.0,
        "pushingMaxRudderAngle" : 16.0,
        "pushingMinRudderAngle" : 1.0,
        "rollEffect" : 27.0,
        "rudderPower" : 5.45E7,
        "rudderTime" : 22.64,
        "sideDragCoef" : 1600000.0,
        "size" : [ 260.0, 20.0, 37.0 ],
        "smokeScanRadius" : 27.0,
        "speedCoef" : 1.0,
        "tonnage" : 36000.0,
        "torpedoImpactMassImpulseCoeff" : 0.5,
        "turningRadius" : 640.0,
        "underwaterVisibilityCoeff" : 0.5,
        "visibilityCoefATBA" : 1.0E-6,
        "visibilityCoefATBAByPlane" : 1.0E-6,
        "visibilityCoefFire" : 2.0,
        "visibilityCoefFireByPlane" : 3.0,
        "visibilityCoefGK" : 1.0E-6,
        "visibilityCoefGKByPlane" : 7.12,
        "visibilityCoefGKInSmoke" : 12.31,
        "visibilityCoeff" : 22.4,
        "visibilityFactor" : 14.22,
        "visibilityFactorByPlane" : 9.07,
        "visibilityFactorInSmoke" : 1.0E-6,
        "burnSizeSkill" : 4
      },
      "B_Hull_1941" : {
        "backwardPowerCoef" : 4.0,
        "buoyancy" : 200000.0,
        "burnNodes" : [ [ 0.7669, 0.3, 60.0 ], [ 0.7669, 0.3, 60.0 ], [ 0.7669, 0.3, 60.0 ], [ 0.7669, 0.3, 60.0 ] ],
        "burnProb" : 0.7669,
        "burnDamage" : 0.3,
        "burnTime" : 60.0,
        "burnSize" : 4.0,
        "deckHeight" : 0.5,
        "deepwaterVisibilityCoeff" : 0.1,
        "draft" : 11.0,
        "enginePower" : 37000.0,
        "floodNodes" : [ [ 0.2, 0.5, 40.0 ], [ 0.2, 0.5, 40.0 ] ],
        "floodProb" : 0.2,
        "floodProtection" : 39.999996,
        "floodDamage" : 0.5,
        "floodTime" : 40.0,
        "floodSize" : 2.0,
        "health" : 53200.0,
        "mass" : 3.6E7,
        "maxRudderAngle" : 30.0,
        "maxSpeed" : 21.0,
        "pushingMaxRudderAngle" : 16.0,
        "pushingMinRudderAngle" : 1.0,
        "rollEffect" : 27.0,
        "rudderPower" : 5.45E7,
        "rudderTime" : 15.54,
        "sideDragCoef" : 1600000.0,
        "size" : [ 260.0, 20.0, 37.0 ],
        "smokeScanRadius" : 27.0,
        "speedCoef" : 1.0,
        "tonnage" : 36000.0,
        "torpedoImpactMassImpulseCoeff" : 0.5,
        "turningRadius" : 640.0,
        "underwaterVisibilityCoeff" : 0.5,
        "visibilityCoefATBA" : 1.0E-6,
        "visibilityCoefATBAByPlane" : 1.0E-6,
        "visibilityCoefFire" : 2.0,
        "visibilityCoefFireByPlane" : 3.0,
        "visibilityCoefGK" : 1.0E-6,
        "visibilityCoefGKByPlane" : 7.12,
        "visibilityCoefGKInSmoke" : 12.31,
        "visibilityCoeff" : 22.4,
        "visibilityFactor" : 14.22,
        "visibilityFactorByPlane" : 9.07,
        "visibilityFactorInSmoke" : 1.0E-6,
        "burnSizeSkill" : 4
      }
    },
    "suo" : {
      "AB1_FireControl" : {
        "maxDistCoef" : 1.0,
        "sigmaCountCoef" : 1.0
      },
      "AB2_FireControl" : {
        "maxDistCoef" : 1.1,
        "sigmaCountCoef" : 1.0
      }
    },
    "engine" : {
      "AB2_Engine" : {
        "backwardEngineForsag" : 2.5,
        "backwardEngineForsagMaxSpeed" : 2.5,
        "backwardEngineUpTime" : 30.0,
        "backwardSpeedOnFlood" : -0.6,
        "damagedEnginePowerMultiplier" : -0.325,
        "damagedEnginePowerTimeMultiplier" : 6.5,
        "forwardEngineForsag" : 2.5,
        "forwardEngineForsagMaxSpeed" : 2.5,
        "forwardEngineUpTime" : 60.0,
        "forwardSpeedOnFlood" : -0.3,
        "histEnginePower" : 37000.0
      },
      "AB1_Engine" : {
        "backwardEngineForsag" : 2.5,
        "backwardEngineForsagMaxSpeed" : 2.5,
        "backwardEngineUpTime" : 30.0,
        "backwardSpeedOnFlood" : -0.6,
        "damagedEnginePowerMultiplier" : -0.325,
        "damagedEnginePowerTimeMultiplier" : 6.5,
        "forwardEngineForsag" : 2.5,
        "forwardEngineForsagMaxSpeed" : 2.5,
        "forwardEngineUpTime" : 60.0,
        "forwardSpeedOnFlood" : -0.3,
        "histEnginePower" : 32000.0,
        "speedCoef" : -0.12
      }
    }
  },
  "shipAbilities" : {
    "AbilitySlot0" : {
      "abils" : [ [ "PCY001_CrashCrew", "B_USA" ], [ "PCY009_CrashCrewPremium", "B_USA_Gold" ], [ "PCY023_CrashCrewSuper", "B_USA" ] ],
      "slot" : 0
    },
    "AbilitySlot1" : {
      "abils" : [ [ "PCY002_RegenCrew", "B_Colorado" ], [ "PCY010_RegenCrewPremium", "B_Colorado_Gold" ], [ "PCY024_RegenCrewSuper", "B" ] ],
      "slot" : 1
    },
    "AbilitySlot2" : {
      "abils" : [ [ "PCY005_Spotter", "Default" ], [ "PCY013_SpotterPremium", "Default" ] ],
      "slot" : 2
    },
    "AbilitySlot3" : {
      "abils" : [ ],
      "slot" : 3
    },
    "AbilitySlot4" : {
      "abils" : [ ],
      "slot" : 4
    }
  },
  "shipUpgradeInfo" : {
    "components" : {
      "flightControl" : [ ],
      "artillery" : [ {
        "name" : "PAUA522_B6_ART_STOCK",
        "ucType" : "_Artillery",
        "position" : 1,
        "elem" : 1,
        "prevType" : "artillery",
        "prevPosition" : 0,
        "components" : {
          "artillery" : [ "A1_Artillery", "B1_Artillery" ]
        },
        "ucTypeShort" : "artillery",
        "image" : "https://cdn.wowsft.com/images/modules/module_artillery.png"
      } ],
      "hull" : [ {
        "disabledAbilities" : [ ],
        "name" : "PAUH542_New_Mexico_1936",
        "ucType" : "_Hull",
        "position" : 1,
        "elem" : 2,
        "prevType" : "hull",
        "prevPosition" : 0,
        "components" : {
          "airArmament" : [ "AB_AirArmament" ],
          "airDefense" : [ "A_AirDefense" ],
          "artillery" : [ "A1_Artillery" ],
          "atba" : [ "A_ATBA" ],
          "hull" : [ "A_Hull_1936" ],
          "torpedoes" : [ ]
        },
        "ucTypeShort" : "hull",
        "image" : "https://cdn.wowsft.com/images/modules/module_hull.png"
      }, {
        "disabledAbilities" : [ ],
        "nextShips" : [ "PASB008_Colorado_1945" ],
        "name" : "PAUH543_New_Mexico_1941",
        "prev" : "PAUH542_New_Mexico_1936",
        "ucType" : "_Hull",
        "position" : 2,
        "elem" : 2,
        "prevType" : "hull",
        "prevPosition" : 1,
        "prevElem" : 2,
        "components" : {
          "airArmament" : [ "AB_AirArmament" ],
          "airDefense" : [ "B_AirDefense" ],
          "artillery" : [ "B1_Artillery" ],
          "atba" : [ "B_ATBA" ],
          "hull" : [ "B_Hull_1941" ],
          "torpedoes" : [ ]
        },
        "ucTypeShort" : "hull",
        "image" : "https://cdn.wowsft.com/images/modules/module_hull.png"
      } ],
      "torpedoes" : [ ],
      "suo" : [ {
        "name" : "PAUS531_Suo",
        "ucType" : "_Suo",
        "position" : 1,
        "elem" : 4,
        "prevType" : "suo",
        "prevPosition" : 0,
        "components" : {
          "suo" : [ "AB1_FireControl" ]
        },
        "ucTypeShort" : "suo",
        "image" : "https://cdn.wowsft.com/images/modules/module_suo.png"
      }, {
        "name" : "PAUS532_Suo",
        "prev" : "PAUS531_Suo",
        "ucType" : "_Suo",
        "position" : 2,
        "elem" : 4,
        "prevType" : "suo",
        "prevPosition" : 1,
        "prevElem" : 4,
        "components" : {
          "suo" : [ "AB2_FireControl" ]
        },
        "ucTypeShort" : "suo",
        "image" : "https://cdn.wowsft.com/images/modules/module_suo.png"
      } ],
      "fighter" : [ ],
      "torpedoBomber" : [ ],
      "diveBomber" : [ ],
      "engine" : [ {
        "name" : "PAUE533_B6_ENG_STOCK",
        "ucType" : "_Engine",
        "position" : 1,
        "elem" : 8,
        "prevType" : "engine",
        "prevPosition" : 0,
        "components" : {
          "engine" : [ "AB1_Engine" ]
        },
        "ucTypeShort" : "engine",
        "image" : "https://cdn.wowsft.com/images/modules/module_engine.png"
      }, {
        "name" : "PAUE532_B6_ENG_TOP",
        "prev" : "PAUE533_B6_ENG_STOCK",
        "ucType" : "_Engine",
        "position" : 2,
        "elem" : 8,
        "prevType" : "engine",
        "prevPosition" : 1,
        "prevElem" : 8,
        "components" : {
          "engine" : [ "AB2_Engine" ]
        },
        "ucTypeShort" : "engine",
        "image" : "https://cdn.wowsft.com/images/modules/module_engine.png"
      } ]
    },
    "cols" : {
      "flightControl" : 0,
      "artillery" : 1,
      "hull" : 1,
      "torpedoes" : 0,
      "suo" : 1,
      "fighter" : 0,
      "torpedoBomber" : 0,
      "diveBomber" : 0,
      "engine" : 1
    },
    "maxRows" : 2,
    "costCR" : 3450000,
    "costXP" : 40000,
    "lockedConfig" : [ ],
    "value" : 1
  },
  "canEquipCamouflage" : true,
  "group" : "upgradeable",
  "id" : 4259264496,
  "index" : "PASB034",
  "level" : 6,
  "maxEquippedFlags" : 8,
  "name" : "PASB034_New_Mexico_1941",
  "navalFlag" : "usa",
  "needShowProjectYear" : true,
  "peculiarity" : "default",
  "steerAngle" : [ 0.2, 0.7, 1.0 ],
  "typeinfo" : {
    "nation" : "USA",
    "species" : "Battleship",
    "type" : "Ship"
  },
  "realShipType" : "Battleship",
  "realShipTypeId" : "BATTLESHIP",
  "research" : true,
  "prevShipIndex" : "PASB006",
  "prevShipName" : "PASB006_New_York_1934",
  "prevShipXP" : 13000,
  "prevShipCompXP" : 7600,
  "typeImage" : "https://cdn.wowsft.com/images/vehicles/types/Battleship/normal.png",
  "imageSmall" : "https://cdn.wowsft.com/images/vehicles/ship_previews/PASB034.png"
}