{
  "components" : {
    "airArmament" : {
      "AB_AirArmament" : {
        "auraCoeff" : 1.0,
        "deckPlaceCount" : 0.0,
        "launchPrepareTime" : 0.0,
        "launchpadType" : "catapult",
        "planesReserveCapacity" : 0.0,
        "independentLaunchpad" : false
      }
    },
    "airDefense" : {
      "B_AirDefense" : {
        "auraMedium" : [ {
          "areaDamage" : 18.0,
          "areaDamageFrequency" : 0.2857143,
          "enableBarrage" : true,
          "guns" : [ "HP_AGA_1", "HP_AGA_10", "HP_AGA_11", "HP_AGA_12", "HP_AGA_2", "HP_AGA_6", "HP_AGA_7", "HP_AGA_9" ],
          "hitChance" : 0.75,
          "joint" : true,
          "maxDistance" : 3500.0,
          "minDistance" : 100.0,
          "shotDelay" : 0.5,
          "shotTravelTime" : 1.5,
          "type" : "medium"
        } ],
        "auraNear" : [ {
          "areaDamage" : 30.0,
          "areaDamageFrequency" : 0.2857143,
          "enableBarrage" : true,
          "guns" : [ "HP_AGA_13", "HP_AGA_14", "HP_AGA_15", "HP_AGA_16", "HP_AGA_3", "HP_AGA_4", "HP_AGA_5", "HP_AGA_8" ],
          "hitChance" : 0.7,
          "joint" : true,
          "maxDistance" : 1500.0,
          "minDistance" : 100.0,
          "shotDelay" : 0.1,
          "shotTravelTime" : 1.0,
          "type" : "near"
        } ],
        "ownerlessTracesScatterCoefficient" : 1.0,
        "sectors" : [ [ 0.0, 180.0 ], [ 180.0, 0.0 ] ],
        "prioritySectorPhases" : [ [ 5.0, "linear", 0.035, 1.0, 1.35 ], [ 10.0, "linear", 0.0, 1.35, 1.35 ] ],
        "prioritySectorPreparation" : 5.0,
        "prioritySectorDuration" : 10.0,
        "prioritySectorDamageInitial" : 0.035,
        "prioritySectorCoefficientInitial" : 1.0,
        "prioritySectorCoefficientDuring" : 1.35
      },
      "C_AirDefense" : {
        "auraMedium" : [ {
          "areaDamage" : 18.0,
          "areaDamageFrequency" : 0.2857143,
          "enableBarrage" : true,
          "guns" : [ "HP_AGA_5", "HP_AGA_10", "HP_AGA_17", "HP_AGA_18", "HP_AGA_6", "HP_AGA_3", "HP_AGA_4", "HP_AGA_7", "HP_AGA_8", "HP_AGA_9" ],
          "hitChance" : 0.75,
          "joint" : true,
          "maxDistance" : 3500.0,
          "minDistance" : 100.0,
          "shotDelay" : 0.5,
          "shotTravelTime" : 1.5,
          "type" : "medium"
        }, {
          "areaDamage" : 28.0,
          "areaDamageFrequency" : 0.2857143,
          "enableBarrage" : true,
          "guns" : [ "HP_AGA_11", "HP_AGA_12", "HP_AGA_1", "HP_AGA_2" ],
          "hitChance" : 0.75,
          "joint" : true,
          "maxDistance" : 3500.0,
          "minDistance" : 100.0,
          "shotDelay" : 0.5,
          "shotTravelTime" : 1.5,
          "type" : "medium"
        } ],
        "auraNear" : [ {
          "areaDamage" : 22.0,
          "areaDamageFrequency" : 0.2857143,
          "enableBarrage" : true,
          "guns" : [ "HP_AGA_13", "HP_AGA_14", "HP_AGA_15", "HP_AGA_16", "HP_AGA_19", "HP_AGA_20", "HP_AGA_21", "HP_AGA_22" ],
          "hitChance" : 0.7,
          "joint" : true,
          "maxDistance" : 2000.0,
          "minDistance" : 100.0,
          "shotDelay" : 0.1,
          "shotTravelTime" : 1.0,
          "type" : "near"
        } ],
        "ownerlessTracesScatterCoefficient" : 1.0,
        "sectors" : [ [ 0.0, 180.0 ], [ 180.0, 0.0 ] ],
        "prioritySectorPhases" : [ [ 5.0, "linear", 0.035, 1.0, 1.35 ], [ 10.0, "linear", 0.0, 1.35, 1.35 ] ],
        "prioritySectorPreparation" : 5.0,
        "prioritySectorDuration" : 10.0,
        "prioritySectorDamageInitial" : 0.035,
        "prioritySectorCoefficientInitial" : 1.0,
        "prioritySectorCoefficientDuring" : 1.35
      }
    },
    "artillery" : {
      "B1_Artillery" : {
        "turrets" : [ {
          "ammoList" : [ "PAPA040_Shell_356mm_HE_C_1400lbs", "PAPA039_Shell_356mm_AP_AP_1400lbs" ],
          "barrelDiameter" : 0.356,
          "coeffPerSecondMin" : 0.3,
          "deadZone" : [ ],
          "delim" : 0.5,
          "ellipseRangeMax" : 250.0,
          "ellipseRangeMin" : 50.0,
          "horizSector" : [ -147.0, 147.0 ],
          "id" : 4216973296,
          "idealDistance" : 1000.0,
          "idealRadius" : 12.0,
          "index" : "PAGM074",
          "maxEllipseRanging" : 1.003,
          "medEllipseRanging" : 1.002,
          "minEllipseRanging" : 1.001,
          "minRadius" : 2.0,
          "name" : "PAGM074_14in_45_Mk8",
          "numBarrels" : 2,
          "onMoveTarPosCoeffDelim" : 1.001,
          "onMoveTarPosCoeffMaxDist" : 1.002,
          "onMoveTarPosCoeffZero" : 1.0,
          "onMoveTarPosDelim" : 0.1,
          "position" : [ 0.0, 1.0 ],
          "radiusOnDelim" : 0.5,
          "radiusOnMax" : 0.6,
          "radiusOnZero" : 0.2,
          "reduceTime" : 0.1,
          "rotationSpeed" : [ 3.0, 4.0 ],
          "shotDelay" : 31.0,
          "smokePenalty" : 1.0E-4,
          "typeinfo" : {
            "nation" : "USA",
            "species" : "Main",
            "type" : "Gun"
          },
          "vertSector" : [ 0.0, 15.0 ]
        }, {
          "ammoList" : [ "PAPA040_Shell_356mm_HE_C_1400lbs", "PAPA039_Shell_356mm_AP_AP_1400lbs" ],
          "barrelDiameter" : 0.356,
          "coeffPerSecondMin" : 0.3,
          "deadZone" : [ ],
          "delim" : 0.5,
          "ellipseRangeMax" : 250.0,
          "ellipseRangeMin" : 50.0,
          "horizSector" : [ -145.0, 145.0 ],
          "id" : 4216973296,
          "idealDistance" : 1000.0,
          "idealRadius" : 12.0,
          "index" : "PAGM074",
          "maxEllipseRanging" : 1.003,
          "medEllipseRanging" : 1.002,
          "minEllipseRanging" : 1.001,
          "minRadius" : 2.0,
          "name" : "PAGM074_14in_45_Mk8",
          "numBarrels" : 2,
          "onMoveTarPosCoeffDelim" : 1.001,
          "onMoveTarPosCoeffMaxDist" : 1.002,
          "onMoveTarPosCoeffZero" : 1.0,
          "onMoveTarPosDelim" : 0.1,
          "position" : [ 1.0, 1.0 ],
          "radiusOnDelim" : 0.5,
          "radiusOnMax" : 0.6,
          "radiusOnZero" : 0.2,
          "reduceTime" : 0.1,
          "rotationSpeed" : [ 3.0, 4.0 ],
          "shotDelay" : 31.0,
          "smokePenalty" : 1.0E-4,
          "typeinfo" : {
            "nation" : "USA",
            "species" : "Main",
            "type" : "Gun"
          },
          "vertSector" : [ -1.0, 15.0 ]
        }, {
          "ammoList" : [ "PAPA040_Shell_356mm_HE_C_1400lbs", "PAPA039_Shell_356mm_AP_AP_1400lbs" ],
          "barrelDiameter" : 0.356,
          "coeffPerSecondMin" : 0.3,
          "deadZone" : [ [ -24.0, 24.0 ] ],
          "delim" : 0.5,
          "ellipseRangeMax" : 250.0,
          "ellipseRangeMin" : 50.0,
          "horizSector" : [ -126.0, 126.0 ],
          "id" : 4216973296,
          "idealDistance" : 1000.0,
          "idealRadius" : 12.0,
          "index" : "PAGM074",
          "maxEllipseRanging" : 1.003,
          "medEllipseRanging" : 1.002,
          "minEllipseRanging" : 1.001,
          "minRadius" : 2.0,
          "name" : "PAGM074_14in_45_Mk8",
          "numBarrels" : 2,
          "onMoveTarPosCoeffDelim" : 1.001,
          "onMoveTarPosCoeffMaxDist" : 1.002,
          "onMoveTarPosCoeffZero" : 1.0,
          "onMoveTarPosDelim" : 0.1,
          "position" : [ 2.75, 1.0 ],
          "radiusOnDelim" : 0.5,
          "radiusOnMax" : 0.6,
          "radiusOnZero" : 0.2,
          "reduceTime" : 0.1,
          "rotationSpeed" : [ 3.0, 4.0 ],
          "shotDelay" : 31.0,
          "smokePenalty" : 1.0E-4,
          "typeinfo" : {
            "nation" : "USA",
            "species" : "Main",
            "type" : "Gun"
          },
          "vertSector" : [ -1.0, 15.0 ]
        }, {
          "ammoList" : [ "PAPA040_Shell_356mm_HE_C_1400lbs", "PAPA039_Shell_356mm_AP_AP_1400lbs" ],
          "barrelDiameter" : 0.356,
          "coeffPerSecondMin" : 0.3,
          "deadZone" : [ ],
          "delim" : 0.5,
          "ellipseRangeMax" : 250.0,
          "ellipseRangeMin" : 50.0,
          "horizSector" : [ -152.0, 152.0 ],
          "id" : 4216973296,
          "idealDistance" : 1000.0,
          "idealRadius" : 12.0,
          "index" : "PAGM074",
          "maxEllipseRanging" : 1.003,
          "medEllipseRanging" : 1.002,
          "minEllipseRanging" : 1.001,
          "minRadius" : 2.0,
          "name" : "PAGM074_14in_45_Mk8",
          "numBarrels" : 2,
          "onMoveTarPosCoeffDelim" : 1.001,
          "onMoveTarPosCoeffMaxDist" : 1.002,
          "onMoveTarPosCoeffZero" : 1.0,
          "onMoveTarPosDelim" : 0.1,
          "position" : [ 4.5, 1.0 ],
          "radiusOnDelim" : 0.5,
          "radiusOnMax" : 0.6,
          "radiusOnZero" : 0.2,
          "reduceTime" : 0.1,
          "rotationSpeed" : [ 3.0, 4.0 ],
          "shotDelay" : 31.0,
          "smokePenalty" : 1.0E-4,
          "typeinfo" : {
            "nation" : "USA",
            "species" : "Main",
            "type" : "Gun"
          },
          "vertSector" : [ -3.0, 15.0 ]
        }, {
          "ammoList" : [ "PAPA040_Shell_356mm_HE_C_1400lbs", "PAPA039_Shell_356mm_AP_AP_1400lbs" ],
          "barrelDiameter" : 0.356,
          "coeffPerSecondMin" : 0.3,
          "deadZone" : [ ],
          "delim" : 0.5,
          "ellipseRangeMax" : 250.0,
          "ellipseRangeMin" : 50.0,
          "horizSector" : [ -145.0, 145.0 ],
          "id" : 4216973296,
          "idealDistance" : 1000.0,
          "idealRadius" : 12.0,
          "index" : "PAGM074",
          "maxEllipseRanging" : 1.003,
          "medEllipseRanging" : 1.002,
          "minEllipseRanging" : 1.001,
          "minRadius" : 2.0,
          "name" : "PAGM074_14in_45_Mk8",
          "numBarrels" : 2,
          "onMoveTarPosCoeffDelim" : 1.001,
          "onMoveTarPosCoeffMaxDist" : 1.002,
          "onMoveTarPosCoeffZero" : 1.0,
          "onMoveTarPosDelim" : 0.1,
          "position" : [ 5.5, 1.0 ],
          "radiusOnDelim" : 0.5,
          "radiusOnMax" : 0.6,
          "radiusOnZero" : 0.2,
          "reduceTime" : 0.1,
          "rotationSpeed" : [ 3.0, 4.0 ],
          "shotDelay" : 31.0,
          "smokePenalty" : 1.0E-4,
          "typeinfo" : {
            "nation" : "USA",
            "species" : "Main",
            "type" : "Gun"
          },
          "vertSector" : [ -1.0, 15.0 ]
        } ],
        "turretTypes" : {
          "2" : [ 5, "PAGM074_14in_45_Mk8" ]
        },
        "maxDist" : 16400.0,
        "minDistH" : 166.0,
        "minDistV" : 450.0,
        "normalDistribution" : true,
        "sigmaCount" : 1.8,
        "taperDist" : 4000.0,
        "GMIdealRadius" : 1.0,
        "barrelDiameter" : 0.356
      },
      "C1_Artillery" : {
        "turrets" : [ {
          "ammoList" : [ "PAPA036_Shell_356mm_HE_HC_Mk_22", "PAPA035_Shell_356mm_AP_AP_Mk_16" ],
          "barrelDiameter" : 0.356,
          "coeffPerSecondMin" : 0.3,
          "deadZone" : [ ],
          "delim" : 0.5,
          "ellipseRangeMax" : 250.0,
          "ellipseRangeMin" : 50.0,
          "horizSector" : [ -146.0, 146.0 ],
          "id" : 4163495920,
          "idealDistance" : 1000.0,
          "idealRadius" : 12.0,
          "index" : "PAGM125",
          "maxEllipseRanging" : 1.003,
          "medEllipseRanging" : 1.002,
          "minEllipseRanging" : 1.001,
          "minRadius" : 2.0,
          "name" : "PAGM125_14in_45_Mk8",
          "numBarrels" : 2,
          "onMoveTarPosCoeffDelim" : 1.001,
          "onMoveTarPosCoeffMaxDist" : 1.002,
          "onMoveTarPosCoeffZero" : 1.0,
          "onMoveTarPosDelim" : 0.1,
          "position" : [ 0.0, 1.0 ],
          "radiusOnDelim" : 0.5,
          "radiusOnMax" : 0.6,
          "radiusOnZero" : 0.2,
          "reduceTime" : 0.1,
          "rotationSpeed" : [ 3.0, 4.0 ],
          "shotDelay" : 31.0,
          "smokePenalty" : 1.0E-4,
          "typeinfo" : {
            "nation" : "USA",
            "species" : "Main",
            "type" : "Gun"
          },
          "vertSector" : [ -1.0, 15.0 ]
        }, {
          "ammoList" : [ "PAPA036_Shell_356mm_HE_HC_Mk_22", "PAPA035_Shell_356mm_AP_AP_Mk_16" ],
          "barrelDiameter" : 0.356,
          "coeffPerSecondMin" : 0.3,
          "deadZone" : [ ],
          "delim" : 0.5,
          "ellipseRangeMax" : 250.0,
          "ellipseRangeMin" : 50.0,
          "horizSector" : [ -143.0, 143.0 ],
          "id" : 4163495920,
          "idealDistance" : 1000.0,
          "idealRadius" : 12.0,
          "index" : "PAGM125",
          "maxEllipseRanging" : 1.003,
          "medEllipseRanging" : 1.002,
          "minEllipseRanging" : 1.001,
          "minRadius" : 2.0,
          "name" : "PAGM125_14in_45_Mk8",
          "numBarrels" : 2,
          "onMoveTarPosCoeffDelim" : 1.001,
          "onMoveTarPosCoeffMaxDist" : 1.002,
          "onMoveTarPosCoeffZero" : 1.0,
          "onMoveTarPosDelim" : 0.1,
          "position" : [ 1.0, 1.0 ],
          "radiusOnDelim" : 0.5,
          "radiusOnMax" : 0.6,
          "radiusOnZero" : 0.2,
          "reduceTime" : 0.1,
          "rotationSpeed" : [ 3.0, 4.0 ],
          "shotDelay" : 31.0,
          "smokePenalty" : 1.0E-4,
          "typeinfo" : {
            "nation" : "USA",
            "species" : "Main",
            "type" : "Gun"
          },
          "vertSector" : [ 0.0, 15.0 ]
        }, {
          "ammoList" : [ "PAPA036_Shell_356mm_HE_HC_Mk_22", "PAPA035_Shell_356mm_AP_AP_Mk_16" ],
          "barrelDiameter" : 0.356,
          "coeffPerSecondMin" : 0.3,
          "deadZone" : [ [ -24.0, 24.0 ] ],
          "delim" : 0.5,
          "ellipseRangeMax" : 250.0,
          "ellipseRangeMin" : 50.0,
          "horizSector" : [ -126.0, 126.0 ],
          "id" : 4163495920,
          "idealDistance" : 1000.0,
          "idealRadius" : 12.0,
          "index" : "PAGM125",
          "maxEllipseRanging" : 1.003,
          "medEllipseRanging" : 1.002,
          "minEllipseRanging" : 1.001,
          "minRadius" : 2.0,
          "name" : "PAGM125_14in_45_Mk8",
          "numBarrels" : 2,
          "onMoveTarPosCoeffDelim" : 1.001,
          "onMoveTarPosCoeffMaxDist" : 1.002,
          "onMoveTarPosCoeffZero" : 1.0,
          "onMoveTarPosDelim" : 0.1,
          "position" : [ 2.75, 1.0 ],
          "radiusOnDelim" : 0.5,
          "radiusOnMax" : 0.6,
          "radiusOnZero" : 0.2,
          "reduceTime" : 0.1,
          "rotationSpeed" : [ 3.0, 4.0 ],
          "shotDelay" : 31.0,
          "smokePenalty" : 1.0E-4,
          "typeinfo" : {
            "nation" : "USA",
            "species" : "Main",
            "type" : "Gun"
          },
          "vertSector" : [ -1.0, 15.0 ]
        }, {
          "ammoList" : [ "PAPA036_Shell_356mm_HE_HC_Mk_22", "PAPA035_Shell_356mm_AP_AP_Mk_16" ],
          "barrelDiameter" : 0.356,
          "coeffPerSecondMin" : 0.3,
          "deadZone" : [ ],
          "delim" : 0.5,
          "ellipseRangeMax" : 250.0,
          "ellipseRangeMin" : 50.0,
          "horizSector" : [ -152.0, 152.0 ],
          "id" : 4163495920,
          "idealDistance" : 1000.0,
          "idealRadius" : 12.0,
          "index" : "PAGM125",
          "maxEllipseRanging" : 1.003,
          "medEllipseRanging" : 1.002,
          "minEllipseRanging" : 1.001,
          "minRadius" : 2.0,
          "name" : "PAGM125_14in_45_Mk8",
          "numBarrels" : 2,
          "onMoveTarPosCoeffDelim" : 1.001,
          "onMoveTarPosCoeffMaxDist" : 1.002,
          "onMoveTarPosCoeffZero" : 1.0,
          "onMoveTarPosDelim" : 0.1,
          "position" : [ 4.5, 1.0 ],
          "radiusOnDelim" : 0.5,
          "radiusOnMax" : 0.6,
          "radiusOnZero" : 0.2,
          "reduceTime" : 0.1,
          "rotationSpeed" : [ 3.0, 4.0 ],
          "shotDelay" : 31.0,
          "smokePenalty" : 1.0E-4,
          "typeinfo" : {
            "nation" : "USA",
            "species" : "Main",
            "type" : "Gun"
          },
          "vertSector" : [ -3.0, 15.0 ]
        }, {
          "ammoList" : [ "PAPA036_Shell_356mm_HE_HC_Mk_22", "PAPA035_Shell_356mm_AP_AP_Mk_16" ],
          "barrelDiameter" : 0.356,
          "coeffPerSecondMin" : 0.3,
          "deadZone" : [ ],
          "delim" : 0.5,
          "ellipseRangeMax" : 250.0,
          "ellipseRangeMin" : 50.0,
          "horizSector" : [ -145.0, 145.0 ],
          "id" : 4163495920,
          "idealDistance" : 1000.0,
          "idealRadius" : 12.0,
          "index" : "PAGM125",
          "maxEllipseRanging" : 1.003,
          "medEllipseRanging" : 1.002,
          "minEllipseRanging" : 1.001,
          "minRadius" : 2.0,
          "name" : "PAGM125_14in_45_Mk8",
          "numBarrels" : 2,
          "onMoveTarPosCoeffDelim" : 1.001,
          "onMoveTarPosCoeffMaxDist" : 1.002,
          "onMoveTarPosCoeffZero" : 1.0,
          "onMoveTarPosDelim" : 0.1,
          "position" : [ 5.5, 1.0 ],
          "radiusOnDelim" : 0.5,
          "radiusOnMax" : 0.6,
          "radiusOnZero" : 0.2,
          "reduceTime" : 0.1,
          "rotationSpeed" : [ 3.0, 4.0 ],
          "shotDelay" : 31.0,
          "smokePenalty" : 1.0E-4,
          "typeinfo" : {
            "nation" : "USA",
            "species" : "Main",
            "type" : "Gun"
          },
          "vertSector" : [ 1.0, 15.0 ]
        } ],
        "turretTypes" : {
          "2" : [ 5, "PAGM125_14in_45_Mk8" ]
        },
        "maxDist" : 16400.0,
        "minDistH" : 166.0,
        "minDistV" : 450.0,
        "normalDistribution" : true,
        "sigmaCount" : 1.8,
        "taperDist" : 4000.0,
        "GMIdealRadius" : 1.0,
        "barrelDiameter" : 0.356
      }
    },
    "atba" : {
      "B_ATBA" : {
        "secondaries" : {
          "PAGS029_5in51_Mk_7" : {
            "ammoList" : [ "PAPA008_Shell_127mm_HE_HC_Mk_39" ],
            "barrelDiameter" : 0.127,
            "deadZone" : [ ],
            "delim" : 0.6,
            "horizSector" : [ -141.0, 0.0 ],
            "id" : 4263962608,
            "idealDistance" : 333.333,
            "idealRadius" : 20.0,
            "index" : "PAGS029",
            "minRadius" : 1.0,
            "name" : "PAGS029_5in51_Mk_7",
            "numBarrels" : 1,
            "radiusOnDelim" : 0.8,
            "radiusOnMax" : 1.0,
            "radiusOnZero" : 0.1,
            "rotationSpeed" : [ 60.0, 1.0 ],
            "shotDelay" : 7.0,
            "smallGun" : true,
            "smokePenalty" : 1.0E-4,
            "typeinfo" : {
              "nation" : "USA",
              "species" : "Secondary",
              "type" : "Gun"
            },
            "vertSector" : [ -2.0, 10.0 ],
            "GSIdealRadius" : 1.0,
            "count" : 16
          }
        },
        "maxDist" : 4000.0,
        "minDistH" : 166.0,
        "minDistV" : 450.0,
        "sigmaCount" : 1.0,
        "GSIdealRadius" : 1.0
      },
      "C_ATBA" : {
        "secondaries" : {
          "PAGS029_5in51_Mk_7" : {
            "ammoList" : [ "PAPA008_Shell_127mm_HE_HC_Mk_39" ],
            "barrelDiameter" : 0.127,
            "deadZone" : [ ],
            "delim" : 0.6,
            "horizSector" : [ -51.0, 44.0 ],
            "id" : 4263962608,
            "idealDistance" : 333.333,
            "idealRadius" : 20.0,
            "index" : "PAGS029",
            "minRadius" : 1.0,
            "name" : "PAGS029_5in51_Mk_7",
            "numBarrels" : 1,
            "radiusOnDelim" : 0.8,
            "radiusOnMax" : 1.0,
            "radiusOnZero" : 0.1,
            "rotationSpeed" : [ 60.0, 1.0 ],
            "shotDelay" : 7.0,
            "smallGun" : true,
            "smokePenalty" : 1.0E-4,
            "typeinfo" : {
              "nation" : "USA",
              "species" : "Secondary",
              "type" : "Gun"
            },
            "vertSector" : [ -2.0, 15.0 ],
            "GSIdealRadius" : 1.0,
            "count" : 6
          }
        },
        "maxDist" : 4000.0,
        "minDistH" : 166.0,
        "minDistV" : 450.0,
        "sigmaCount" : 1.0,
        "GSIdealRadius" : 1.0
      }
    },
    "hull" : {
      "A_Hull_1934" : {
        "backwardPowerCoef" : 4.0,
        "buoyancy" : 200000.0,
        "burnNodes" : [ [ 0.8668, 0.3, 60.0 ], [ 0.8668, 0.3, 60.0 ], [ 0.8668, 0.3, 60.0 ], [ 0.8668, 0.3, 60.0 ] ],
        "burnProb" : 0.8668,
        "burnDamage" : 0.3,
        "burnTime" : 60.0,
        "burnSize" : 4.0,
        "deckHeight" : 0.5,
        "deepwaterVisibilityCoeff" : 0.1,
        "draft" : 11.0,
        "enginePower" : 28100.0,
        "floodNodes" : [ [ 0.24, 0.5, 40.0 ], [ 0.24, 0.5, 40.0 ] ],
        "floodProb" : 0.24,
        "floodProtection" : 28.0,
        "floodDamage" : 0.5,
        "floodTime" : 40.0,
        "floodSize" : 2.0,
        "health" : 42600.0,
        "mass" : 3.2436E7,
        "maxRudderAngle" : 30.0,
        "maxSpeed" : 21.0,
        "pushingMaxRudderAngle" : 16.0,
        "pushingMinRudderAngle" : 1.0,
        "rollEffect" : 25.0,
        "rudderPower" : 5.8E7,
        "rudderTime" : 22.22,
        "sideDragCoef" : 1410000.0,
        "size" : [ 260.0, 20.0, 37.0 ],
        "smokeScanRadius" : 27.0,
        "speedCoef" : 1.0,
        "tonnage" : 32436.0,
        "torpedoImpactMassImpulseCoeff" : 0.5,
        "turningRadius" : 600.0,
        "underwaterVisibilityCoeff" : 0.5,
        "visibilityCoefATBA" : 1.0E-6,
        "visibilityCoefATBAByPlane" : 1.0E-6,
        "visibilityCoefFire" : 2.0,
        "visibilityCoefFireByPlane" : 3.0,
        "visibilityCoefGK" : 1.0E-6,
        "visibilityCoefGKByPlane" : 7.12,
        "visibilityCoefGKInSmoke" : 13.99,
        "visibilityCoeff" : 26.0,
        "visibilityFactor" : 16.02,
        "visibilityFactorByPlane" : 8.35,
        "visibilityFactorInSmoke" : 1.0E-6,
        "burnSizeSkill" : 4
      },
      "B_Hull_1942" : {
        "backwardPowerCoef" : 4.0,
        "buoyancy" : 200000.0,
        "burnNodes" : [ [ 0.8335, 0.3, 60.0 ], [ 0.8335, 0.3, 60.0 ], [ 0.8335, 0.3, 60.0 ], [ 0.8335, 0.3, 60.0 ] ],
        "burnProb" : 0.8335,
        "burnDamage" : 0.3,
        "burnTime" : 60.0,
        "burnSize" : 4.0,
        "deckHeight" : 0.5,
        "deepwaterVisibilityCoeff" : 0.1,
        "draft" : 11.0,
        "enginePower" : 28100.0,
        "floodNodes" : [ [ 0.24, 0.5, 40.0 ], [ 0.24, 0.5, 40.0 ] ],
        "floodProb" : 0.24,
        "floodProtection" : 28.0,
        "floodDamage" : 0.5,
        "floodTime" : 40.0,
        "floodSize" : 2.0,
        "health" : 49100.0,
        "mass" : 3.2436E7,
        "maxRudderAngle" : 30.0,
        "maxSpeed" : 21.0,
        "pushingMaxRudderAngle" : 16.0,
        "pushingMinRudderAngle" : 1.0,
        "rollEffect" : 25.0,
        "rudderPower" : 5.8E7,
        "rudderTime" : 14.3,
        "sideDragCoef" : 1410000.0,
        "size" : [ 260.0, 20.0, 37.0 ],
        "smokeScanRadius" : 27.0,
        "speedCoef" : 1.0,
        "tonnage" : 32436.0,
        "torpedoImpactMassImpulseCoeff" : 0.5,
        "turningRadius" : 600.0,
        "underwaterVisibilityCoeff" : 0.5,
        "visibilityCoefATBA" : 1.0E-6,
        "visibilityCoefATBAByPlane" : 1.0E-6,
        "visibilityCoefFire" : 2.0,
        "visibilityCoefFireByPlane" : 3.0,
        "visibilityCoefGK" : 1.0E-6,
        "visibilityCoefGKByPlane" : 7.12,
        "visibilityCoefGKInSmoke" : 13.99,
        "visibilityCoeff" : 26.0,
        "visibilityFactor" : 16.02,
        "visibilityFactorByPlane" : 8.35,
        "visibilityFactorInSmoke" : 1.0E-6,
        "burnSizeSkill" : 4
      }
    },
    "suo" : {
      "ABC1_FireControl" : {
        "maxDistCoef" : 1.0,
        "sigmaCountCoef" : 1.0
      },
      "ABC2_FireControl" : {
        "maxDistCoef" : 1.1,
        "sigmaCountCoef" : 1.0
      }
    },
    "engine" : {
      "AB2_Engine" : {
        "backwardEngineForsag" : 2.5,
        "backwardEngineForsagMaxSpeed" : 2.5,
        "backwardEngineUpTime" : 30.0,
        "backwardSpeedOnFlood" : -0.6,
        "damagedEnginePowerMultiplier" : -0.325,
        "damagedEnginePowerTimeMultiplier" : 6.5,
        "forwardEngineForsag" : 2.5,
        "forwardEngineForsagMaxSpeed" : 2.5,
        "forwardEngineUpTime" : 60.0,
        "forwardSpeedOnFlood" : -0.3,
        "histEnginePower" : 28100.0
      },
      "AB1_Engine" : {
        "backwardEngineForsag" : 2.5,
        "backwardEngineForsagMaxSpeed" : 2.5,
        "backwardEngineUpTime" : 30.0,
        "backwardSpeedOnFlood" : -0.6,
        "damagedEnginePowerMultiplier" : -0.325,
        "damagedEnginePowerTimeMultiplier" : 6.5,
        "forwardEngineForsag" : 2.5,
        "forwardEngineForsagMaxSpeed" : 2.5,
        "forwardEngineUpTime" : 60.0,
        "forwardSpeedOnFlood" : -0.3,
        "histEnginePower" : 27000.0,
        "speedCoef" : -0.126
      }
    }
  },
  "shipAbilities" : {
    "AbilitySlot0" : {
      "abils" : [ [ "PCY001_CrashCrew", "B_USA" ], [ "PCY009_CrashCrewPremium", "B_USA_Gold" ] ],
      "slot" : 0
    },
    "AbilitySlot1" : {
      "abils" : [ [ "PCY002_RegenCrew", "B_Colorado" ], [ "PCY010_RegenCrewPremium", "B_Colorado_Gold" ] ],
      "slot" : 1
    },
    "AbilitySlot2" : {
      "abils" : [ [ "PCY005_Spotter", "Default" ], [ "PCY013_SpotterPremium", "Default" ] ],
      "slot" : 2
    },
    "AbilitySlot3" : {
      "abils" : [ ],
      "slot" : 3
    },
    "AbilitySlot4" : {
      "abils" : [ ],
      "slot" : 4
    }
  },
  "shipUpgradeInfo" : {
    "components" : {
      "flightControl" : [ ],
      "artillery" : [ {
        "name" : "PAUA411_B5_ART_STOCK",
        "ucType" : "_Artillery",
        "position" : 1,
        "elem" : 1,
        "prevType" : "artillery",
        "prevPosition" : 0,
        "components" : {
          "artillery" : [ "B1_Artillery", "C1_Artillery" ]
        },
        "ucTypeShort" : "artillery",
        "image" : "https://cdn.wowsft.com/images/modules/module_artillery.png"
      } ],
      "hull" : [ {
        "disabledAbilities" : [ ],
        "name" : "PAUH442_New_York_1934",
        "ucType" : "_Hull",
        "position" : 1,
        "elem" : 2,
        "prevType" : "hull",
        "prevPosition" : 0,
        "components" : {
          "airArmament" : [ "AB_AirArmament" ],
          "airDefense" : [ "B_AirDefense" ],
          "artillery" : [ "B1_Artillery" ],
          "atba" : [ "B_ATBA" ],
          "hull" : [ "A_Hull_1934" ],
          "torpedoes" : [ ]
        },
        "ucTypeShort" : "hull",
        "image" : "https://cdn.wowsft.com/images/modules/module_hull.png"
      }, {
        "disabledAbilities" : [ ],
        "nextShips" : [ "PASB034_New_Mexico_1941" ],
        "name" : "PAUH443_New_York_1942",
        "prev" : "PAUH442_New_York_1934",
        "ucType" : "_Hull",
        "position" : 2,
        "elem" : 2,
        "prevType" : "hull",
        "prevPosition" : 1,
        "prevElem" : 2,
        "components" : {
          "airArmament" : [ "AB_AirArmament" ],
          "airDefense" : [ "C_AirDefense" ],
          "artillery" : [ "C1_Artillery" ],
          "atba" : [ "C_ATBA" ],
          "hull" : [ "B_Hull_1942" ],
          "torpedoes" : [ ]
        },
        "ucTypeShort" : "hull",
        "image" : "https://cdn.wowsft.com/images/modules/module_hull.png"
      } ],
      "torpedoes" : [ ],
      "suo" : [ {
        "name" : "PAUS421_Suo",
        "ucType" : "_Suo",
        "position" : 1,
        "elem" : 4,
        "prevType" : "suo",
        "prevPosition" : 0,
        "components" : {
          "suo" : [ "ABC1_FireControl" ]
        },
        "ucTypeShort" : "suo",
        "image" : "https://cdn.wowsft.com/images/modules/module_suo.png"
      }, {
        "name" : "PAUS422_Suo",
        "prev" : "PAUS421_Suo",
        "ucType" : "_Suo",
        "position" : 2,
        "elem" : 4,
        "prevType" : "suo",
        "prevPosition" : 1,
        "prevElem" : 4,
        "components" : {
          "suo" : [ "ABC2_FireControl" ]
        },
        "ucTypeShort" : "suo",
        "image" : "https://cdn.wowsft.com/images/modules/module_suo.png"
      } ],
      "fighter" : [ ],
      "torpedoBomber" : [ ],
      "diveBomber" : [ ],
      "engine" : [ {
        "name" : "PAUE412_B5_ENG_STOCK",
        "ucType" : "_Engine",
        "position" : 1,
        "elem" : 8,
        "prevType" : "engine",
        "prevPosition" : 0,
        "components" : {
          "engine" : [ "AB1_Engine" ]
        },
        "ucTypeShort" : "engine",
        "image" : "https://cdn.wowsft.com/images/modules/module_engine.png"
      }, {
        "name" : "PAUE411_B5_ENG_TOP",
        "prev" : "PAUE412_B5_ENG_STOCK",
        "ucType" : "_Engine",
        "position" : 2,
        "elem" : 8,
        "prevType" : "engine",
        "prevPosition" : 1,
        "prevElem" : 8,
        "components" : {
          "engine" : [ "AB2_Engine" ]
        },
        "ucTypeShort" : "engine",
        "image" : "https://cdn.wowsft.com/images/modules/module_engine.png"
      } ]
    },
    "cols" : {
      "flightControl" : 0,
      "artillery" : 1,
      "hull" : 1,
      "torpedoes" : 0,
      "suo" : 1,
      "fighter" : 0,
      "torpedoBomber" : 0,
      "diveBomber" : 0,
      "engine" : 1
    },
    "maxRows" : 2,
    "costCR" : 1500000,
    "costXP" : 13000,
    "lockedConfig" : [ ],
    "value" : 1
  },
  "canEquipCamouflage" : true,
  "group" : "upgradeable",
  "id" : 4288624624,
  "index" : "PASB006",
  "level" : 5,
  "maxEquippedFlags" : 8,
  "name" : "PASB006_New_York_1934",
  "navalFlag" : "usa",
  "needShowProjectYear" : true,
  "peculiarity" : "default",
  "steerAngle" : [ 0.2, 0.7, 1.0 ],
  "typeinfo" : {
    "nation" : "USA",
    "species" : "Battleship",
    "type" : "Ship"
  },
  "realShipType" : "Battleship",
  "realShipTypeId" : "BATTLESHIP",
  "research" : true,
  "prevShipIndex" : "PASB004",
  "prevShipName" : "PASB004_Arkansas_1912",
  "prevShipXP" : 7200,
  "prevShipCompXP" : 2300,
  "typeImage" : "https://cdn.wowsft.com/images/vehicles/types/Battleship/normal.png",
  "imageSmall" : "https://cdn.wowsft.com/images/vehicles/ship_previews/PASB006.png"
}