{
  "components" : {
    "airDefense" : {
      "A_AirDefense" : {
        "auraMedium" : [ {
          "areaDamage" : 47.0,
          "areaDamageFrequency" : 0.2857143,
          "enableBarrage" : true,
          "guns" : [ "HP_AGA_15", "HP_AGA_16", "HP_AGA_17", "HP_AGA_20", "HP_AGA_5", "HP_AGA_6", "HP_AGA_7", "HP_AGA_8" ],
          "hitChance" : 0.9,
          "joint" : true,
          "maxDistance" : 3500.0,
          "minDistance" : 100.0,
          "shotDelay" : 0.5,
          "shotTravelTime" : 1.5,
          "type" : "medium"
        } ],
        "auraNear" : [ {
          "areaDamage" : 27.0,
          "areaDamageFrequency" : 0.2857143,
          "enableBarrage" : true,
          "guns" : [ "HP_AGA_1", "HP_AGA_10", "HP_AGA_11", "HP_AGA_12", "HP_AGA_13", "HP_AGA_14", "HP_AGA_18", "HP_AGA_19", "HP_AGA_2", "HP_AGA_3", "HP_AGA_4", "HP_AGA_9" ],
          "hitChance" : 0.85,
          "joint" : true,
          "maxDistance" : 2000.0,
          "minDistance" : 100.0,
          "shotDelay" : 0.1,
          "shotTravelTime" : 1.0,
          "type" : "near"
        } ],
        "ownerlessTracesScatterCoefficient" : 1.0,
        "sectors" : [ [ 0.0, 180.0 ], [ 180.0, 0.0 ] ],
        "prioritySectorPhases" : [ [ 5.0, "linear", 0.035, 1.0, 1.5 ], [ 5.0, "linear", 0.0, 1.5, 1.5 ] ],
        "prioritySectorPreparation" : 5.0,
        "prioritySectorDuration" : 5.0,
        "prioritySectorDamageInitial" : 0.035,
        "prioritySectorCoefficientInitial" : 1.0,
        "prioritySectorCoefficientDuring" : 1.5
      }
    },
    "artillery" : {
      "A1_Artillery" : {
        "auraFar" : [ {
          "areaDamage" : 36.0,
          "areaDamageFrequency" : 0.2857143,
          "bubbleDuration" : 3.0,
          "enableBarrage" : true,
          "enableCrewSelectedTargetCoeff" : true,
          "explosionCount" : 2.0,
          "guns" : [ "HP_AGM_1", "HP_AGM_2", "HP_AGM_3", "HP_AGM_4", "HP_AGM_5", "HP_AGM_6" ],
          "halfOuterBubbleZone" : 50.0,
          "hitChance" : 0.9,
          "innerBubbleCount" : 3.0,
          "innerBubbleSpawnTimeRange" : [ 2.65, 3.15 ],
          "innerBubbleZone" : 20.0,
          "joint" : true,
          "maxBubbleActivationDelay" : 0.4,
          "maxDistance" : 5800.0,
          "minBubbleActivationDelay" : 0.1,
          "minDistance" : 100.0,
          "outerBubbleSpawnTimeRange" : [ 2.45, 2.65 ],
          "shotDelay" : 5.0,
          "shotTravelTime" : 1.51,
          "type" : "far"
        }, {
          "areaDamageFrequency" : 0.2857143,
          "bubbleDamage" : 210.0,
          "bubbleDuration" : 3.0,
          "bubbleRadius" : 2.475,
          "enableBarrage" : true,
          "enableCrewSelectedTargetCoeff" : true,
          "explosionCount" : 2.0,
          "guns" : [ "HP_AGM_1", "HP_AGM_2", "HP_AGM_3", "HP_AGM_4", "HP_AGM_5", "HP_AGM_6" ],
          "halfOuterBubbleZone" : 50.0,
          "hitChance" : 0.9,
          "innerBubbleCount" : 4.0,
          "innerBubbleSpawnTimeRange" : [ 2.65, 3.15 ],
          "innerBubbleZone" : 20.0,
          "joint" : true,
          "maxBubbleActivationDelay" : 0.4,
          "maxDistance" : 5800.0,
          "minBubbleActivationDelay" : 0.1,
          "minDistance" : 3500.0,
          "outerBubbleCount" : 1.0,
          "outerBubbleSpawnTimeRange" : [ 2.45, 2.65 ],
          "shotDelay" : 5.0,
          "shotTravelTime" : 1.51,
          "type" : "far"
        } ],
        "turrets" : [ {
          "ammoList" : [ "PAPA069_127MM_HE_FLINT", "PAPA068_127MM_AP_FLINT" ],
          "antiAirAuraDistance" : 167.0,
          "antiAirAuraStrength" : 0.166,
          "barrelDiameter" : 0.127,
          "coeffPerSecondMin" : 0.3,
          "deadZone" : [ ],
          "delim" : 0.5,
          "ellipseRangeMax" : 250.0,
          "ellipseRangeMin" : 50.0,
          "horizSector" : [ -149.0, 149.0 ],
          "id" : 4176078832,
          "idealDistance" : 1000.0,
          "idealRadius" : 8.0,
          "index" : "PAGM113",
          "maxEllipseRanging" : 1.003,
          "medEllipseRanging" : 1.002,
          "minEllipseRanging" : 1.001,
          "minRadius" : 0.5,
          "name" : "PAGM113_5in38_Mk32_Mod12",
          "numBarrels" : 2,
          "onMoveTarPosCoeffDelim" : 1.001,
          "onMoveTarPosCoeffMaxDist" : 1.002,
          "onMoveTarPosCoeffZero" : 1.0,
          "onMoveTarPosDelim" : 0.1,
          "position" : [ -0.25, 1.0 ],
          "radiusOnDelim" : 0.5,
          "radiusOnMax" : 0.6,
          "radiusOnZero" : 0.2,
          "reduceTime" : 0.1,
          "rotationSpeed" : [ 25.0, 15.0 ],
          "shotDelay" : 5.0,
          "smokePenalty" : 1.0E-4,
          "typeinfo" : {
            "nation" : "USA",
            "species" : "Main",
            "type" : "Gun"
          },
          "vertSector" : [ -1.0, 85.0 ]
        }, {
          "ammoList" : [ "PAPA069_127MM_HE_FLINT", "PAPA068_127MM_AP_FLINT" ],
          "antiAirAuraDistance" : 167.0,
          "antiAirAuraStrength" : 0.166,
          "barrelDiameter" : 0.127,
          "coeffPerSecondMin" : 0.3,
          "deadZone" : [ ],
          "delim" : 0.5,
          "ellipseRangeMax" : 250.0,
          "ellipseRangeMin" : 50.0,
          "horizSector" : [ -150.0, 150.0 ],
          "id" : 4176078832,
          "idealDistance" : 1000.0,
          "idealRadius" : 8.0,
          "index" : "PAGM113",
          "maxEllipseRanging" : 1.003,
          "medEllipseRanging" : 1.002,
          "minEllipseRanging" : 1.001,
          "minRadius" : 0.5,
          "name" : "PAGM113_5in38_Mk32_Mod12",
          "numBarrels" : 2,
          "onMoveTarPosCoeffDelim" : 1.001,
          "onMoveTarPosCoeffMaxDist" : 1.002,
          "onMoveTarPosCoeffZero" : 1.0,
          "onMoveTarPosDelim" : 0.1,
          "position" : [ 0.75, 1.0 ],
          "radiusOnDelim" : 0.5,
          "radiusOnMax" : 0.6,
          "radiusOnZero" : 0.2,
          "reduceTime" : 0.1,
          "rotationSpeed" : [ 25.0, 15.0 ],
          "shotDelay" : 5.0,
          "smokePenalty" : 1.0E-4,
          "typeinfo" : {
            "nation" : "USA",
            "species" : "Main",
            "type" : "Gun"
          },
          "vertSector" : [ -1.0, 85.0 ]
        }, {
          "ammoList" : [ "PAPA069_127MM_HE_FLINT", "PAPA068_127MM_AP_FLINT" ],
          "antiAirAuraDistance" : 167.0,
          "antiAirAuraStrength" : 0.166,
          "barrelDiameter" : 0.127,
          "coeffPerSecondMin" : 0.3,
          "deadZone" : [ ],
          "delim" : 0.5,
          "ellipseRangeMax" : 250.0,
          "ellipseRangeMin" : 50.0,
          "horizSector" : [ -150.0, 150.0 ],
          "id" : 4176078832,
          "idealDistance" : 1000.0,
          "idealRadius" : 8.0,
          "index" : "PAGM113",
          "maxEllipseRanging" : 1.003,
          "medEllipseRanging" : 1.002,
          "minEllipseRanging" : 1.001,
          "minRadius" : 0.5,
          "name" : "PAGM113_5in38_Mk32_Mod12",
          "numBarrels" : 2,
          "onMoveTarPosCoeffDelim" : 1.001,
          "onMoveTarPosCoeffMaxDist" : 1.002,
          "onMoveTarPosCoeffZero" : 1.0,
          "onMoveTarPosDelim" : 0.1,
          "position" : [ 1.75, 1.0 ],
          "radiusOnDelim" : 0.5,
          "radiusOnMax" : 0.6,
          "radiusOnZero" : 0.2,
          "reduceTime" : 0.1,
          "rotationSpeed" : [ 25.0, 15.0 ],
          "shotDelay" : 5.0,
          "smokePenalty" : 1.0E-4,
          "typeinfo" : {
            "nation" : "USA",
            "species" : "Main",
            "type" : "Gun"
          },
          "vertSector" : [ -1.0, 85.0 ]
        }, {
          "ammoList" : [ "PAPA069_127MM_HE_FLINT", "PAPA068_127MM_AP_FLINT" ],
          "antiAirAuraDistance" : 167.0,
          "antiAirAuraStrength" : 0.166,
          "barrelDiameter" : 0.127,
          "coeffPerSecondMin" : 0.3,
          "deadZone" : [ ],
          "delim" : 0.5,
          "ellipseRangeMax" : 250.0,
          "ellipseRangeMin" : 50.0,
          "horizSector" : [ -149.0, 149.0 ],
          "id" : 4176078832,
          "idealDistance" : 1000.0,
          "idealRadius" : 8.0,
          "index" : "PAGM113",
          "maxEllipseRanging" : 1.003,
          "medEllipseRanging" : 1.002,
          "minEllipseRanging" : 1.001,
          "minRadius" : 0.5,
          "name" : "PAGM113_5in38_Mk32_Mod12",
          "numBarrels" : 2,
          "onMoveTarPosCoeffDelim" : 1.001,
          "onMoveTarPosCoeffMaxDist" : 1.002,
          "onMoveTarPosCoeffZero" : 1.0,
          "onMoveTarPosDelim" : 0.1,
          "position" : [ 3.75, 1.0 ],
          "radiusOnDelim" : 0.5,
          "radiusOnMax" : 0.6,
          "radiusOnZero" : 0.2,
          "reduceTime" : 0.1,
          "rotationSpeed" : [ 25.0, 15.0 ],
          "shotDelay" : 5.0,
          "smokePenalty" : 1.0E-4,
          "typeinfo" : {
            "nation" : "USA",
            "species" : "Main",
            "type" : "Gun"
          },
          "vertSector" : [ -1.0, 85.0 ]
        }, {
          "ammoList" : [ "PAPA069_127MM_HE_FLINT", "PAPA068_127MM_AP_FLINT" ],
          "antiAirAuraDistance" : 167.0,
          "antiAirAuraStrength" : 0.166,
          "barrelDiameter" : 0.127,
          "coeffPerSecondMin" : 0.3,
          "deadZone" : [ ],
          "delim" : 0.5,
          "ellipseRangeMax" : 250.0,
          "ellipseRangeMin" : 50.0,
          "horizSector" : [ -149.0, 149.0 ],
          "id" : 4176078832,
          "idealDistance" : 1000.0,
          "idealRadius" : 8.0,
          "index" : "PAGM113",
          "maxEllipseRanging" : 1.003,
          "medEllipseRanging" : 1.002,
          "minEllipseRanging" : 1.001,
          "minRadius" : 0.5,
          "name" : "PAGM113_5in38_Mk32_Mod12",
          "numBarrels" : 2,
          "onMoveTarPosCoeffDelim" : 1.001,
          "onMoveTarPosCoeffMaxDist" : 1.002,
          "onMoveTarPosCoeffZero" : 1.0,
          "onMoveTarPosDelim" : 0.1,
          "position" : [ 4.75, 1.0 ],
          "radiusOnDelim" : 0.5,
          "radiusOnMax" : 0.6,
          "radiusOnZero" : 0.2,
          "reduceTime" : 0.1,
          "rotationSpeed" : [ 25.0, 15.0 ],
          "shotDelay" : 5.0,
          "smokePenalty" : 1.0E-4,
          "typeinfo" : {
            "nation" : "USA",
            "species" : "Main",
            "type" : "Gun"
          },
          "vertSector" : [ -1.0, 85.0 ]
        }, {
          "ammoList" : [ "PAPA069_127MM_HE_FLINT", "PAPA068_127MM_AP_FLINT" ],
          "antiAirAuraDistance" : 167.0,
          "antiAirAuraStrength" : 0.166,
          "barrelDiameter" : 0.127,
          "coeffPerSecondMin" : 0.3,
          "deadZone" : [ ],
          "delim" : 0.5,
          "ellipseRangeMax" : 250.0,
          "ellipseRangeMin" : 50.0,
          "horizSector" : [ -150.0, 150.0 ],
          "id" : 4176078832,
          "idealDistance" : 1000.0,
          "idealRadius" : 8.0,
          "index" : "PAGM113",
          "maxEllipseRanging" : 1.003,
          "medEllipseRanging" : 1.002,
          "minEllipseRanging" : 1.001,
          "minRadius" : 0.5,
          "name" : "PAGM113_5in38_Mk32_Mod12",
          "numBarrels" : 2,
          "onMoveTarPosCoeffDelim" : 1.001,
          "onMoveTarPosCoeffMaxDist" : 1.002,
          "onMoveTarPosCoeffZero" : 1.0,
          "onMoveTarPosDelim" : 0.1,
          "position" : [ 5.75, 1.0 ],
          "radiusOnDelim" : 0.5,
          "radiusOnMax" : 0.6,
          "radiusOnZero" : 0.2,
          "reduceTime" : 0.1,
          "rotationSpeed" : [ 25.0, 15.0 ],
          "shotDelay" : 5.0,
          "smokePenalty" : 1.0E-4,
          "typeinfo" : {
            "nation" : "USA",
            "species" : "Main",
            "type" : "Gun"
          },
          "vertSector" : [ -1.0, 85.0 ]
        } ],
        "turretTypes" : {
          "2" : [ 6, "PAGM113_5in38_Mk32_Mod12" ]
        },
        "maxDist" : 11120.0,
        "minDistH" : 133.0,
        "minDistV" : 430.0,
        "normalDistribution" : true,
        "sigmaCount" : 1.7,
        "taperDist" : 4000.0,
        "GMIdealRadius" : 1.0,
        "barrelDiameter" : 0.127
      }
    },
    "hull" : {
      "A_Hull" : {
        "backwardPowerCoef" : 3.0,
        "buoyancy" : 200000.0,
        "burnNodes" : [ [ 0.7003, 0.3, 30.0 ], [ 0.7003, 0.3, 30.0 ], [ 0.7003, 0.3, 30.0 ], [ 0.7003, 0.3, 30.0 ] ],
        "burnProb" : 0.7003,
        "burnDamage" : 0.3,
        "burnTime" : 30.0,
        "burnSize" : 4.0,
        "deckHeight" : 0.5,
        "deepwaterVisibilityCoeff" : 0.1,
        "draft" : 11.0,
        "enginePower" : 75000.0,
        "floodNodes" : [ [ 0.333, 0.25, 40.0 ], [ 0.333, 0.25, 40.0 ] ],
        "floodProb" : 0.333,
        "floodProtection" : 0.099998474,
        "floodDamage" : 0.25,
        "floodTime" : 40.0,
        "floodSize" : 2.0,
        "health" : 26600.0,
        "mass" : 8230000.0,
        "maxRudderAngle" : 30.0,
        "maxSpeed" : 32.5,
        "pushingMaxRudderAngle" : 16.0,
        "pushingMinRudderAngle" : 1.0,
        "rollEffect" : 12.0,
        "rudderPower" : 4.9E7,
        "rudderTime" : 11.0,
        "sideDragCoef" : 220000.0,
        "size" : [ 260.0, 20.0, 37.0 ],
        "smokeScanRadius" : 27.0,
        "speedCoef" : 1.0,
        "tonnage" : 8230.0,
        "torpedoImpactMassImpulseCoeff" : 0.5,
        "turningRadius" : 610.0,
        "underwaterVisibilityCoeff" : 0.5,
        "visibilityCoefATBA" : 1.0E-6,
        "visibilityCoefATBAByPlane" : 1.0E-6,
        "visibilityCoefFire" : 2.0,
        "visibilityCoefFireByPlane" : 3.0,
        "visibilityCoefGK" : 1.0E-6,
        "visibilityCoefGKByPlane" : 2.54,
        "visibilityCoefGKInSmoke" : 4.6,
        "visibilityCoeff" : 21.28,
        "visibilityFactor" : 10.98,
        "visibilityFactorByPlane" : 6.44,
        "visibilityFactorInSmoke" : 1.0E-6,
        "burnSizeSkill" : 4
      }
    },
    "suo" : {
      "A1_FireControl" : {
        "maxDistCoef" : 1.0,
        "sigmaCountCoef" : 1.0
      }
    },
    "torpedoes" : {
      "A1_Torpedoes" : {
        "launchers" : [ {
          "ammoList" : [ "PAPT018_Mk_15_mod_3" ],
          "barrelDiameter" : 0.533,
          "canRotate" : true,
          "deadZone" : [ [ 0.0, 33.0 ] ],
          "horizSector" : [ 0.0, 137.0 ],
          "id" : 4195772400,
          "index" : "PAGT094",
          "mainSector" : [ -90.0, 90.0 ],
          "name" : "PAGT094_21in_MK14_Torpedo_Tubes_Quad",
          "numAmmos" : 1000,
          "numBarrels" : 4,
          "position" : [ 2.75, 2.0 ],
          "rotationSpeed" : [ 25.0, 25.0 ],
          "shootSector" : [ 0.0, 1.0 ],
          "shotDelay" : 98.0,
          "timeBetweenShots" : 0.2,
          "timeToChangeAngle" : 1.0,
          "timeToChangeSpeed" : 1.0,
          "torpedoAngles" : [ 4.8, 16.0 ],
          "typeinfo" : {
            "nation" : "USA",
            "species" : "Torpedo",
            "type" : "Gun"
          },
          "vertSector" : [ 0.0, 1.0 ]
        }, {
          "ammoList" : [ "PAPT018_Mk_15_mod_3" ],
          "barrelDiameter" : 0.533,
          "canRotate" : true,
          "deadZone" : [ [ -33.0, 0.0 ] ],
          "horizSector" : [ -137.0, 0.0 ],
          "id" : 4195772400,
          "index" : "PAGT094",
          "mainSector" : [ -90.0, 90.0 ],
          "name" : "PAGT094_21in_MK14_Torpedo_Tubes_Quad",
          "numAmmos" : 1000,
          "numBarrels" : 4,
          "position" : [ 2.75, 0.0 ],
          "rotationSpeed" : [ 25.0, 25.0 ],
          "shootSector" : [ 0.0, 1.0 ],
          "shotDelay" : 98.0,
          "timeBetweenShots" : 0.2,
          "timeToChangeAngle" : 1.0,
          "timeToChangeSpeed" : 1.0,
          "torpedoAngles" : [ 4.8, 16.0 ],
          "typeinfo" : {
            "nation" : "USA",
            "species" : "Torpedo",
            "type" : "Gun"
          },
          "vertSector" : [ 0.0, 1.0 ]
        } ],
        "launcherTypes" : {
          "4" : [ 2, "PAGT094_21in_MK14_Torpedo_Tubes_Quad" ]
        },
        "numTorpsInSalvo" : 2,
        "oneShotWaitTime" : 2.0
      }
    },
    "engine" : {
      "A_Engine" : {
        "backwardEngineForsag" : 2.5,
        "backwardEngineForsagMaxSpeed" : 2.5,
        "backwardEngineUpTime" : 20.0,
        "backwardSpeedOnFlood" : -0.6,
        "damagedEnginePowerMultiplier" : -0.26,
        "damagedEnginePowerTimeMultiplier" : 5.5,
        "forwardEngineForsag" : 2.5,
        "forwardEngineForsagMaxSpeed" : 2.5,
        "forwardEngineUpTime" : 40.0,
        "forwardSpeedOnFlood" : -0.3,
        "histEnginePower" : 75000.0
      }
    }
  },
  "shipAbilities" : {
    "AbilitySlot0" : {
      "abils" : [ [ "PCY001_CrashCrew", "CV_CA_CL" ], [ "PCY009_CrashCrewPremium", "CV_CA_CL_Gold" ], [ "PCY023_CrashCrewSuper", "CV_CA_CL" ] ],
      "slot" : 0
    },
    "AbilitySlot1" : {
      "abils" : [ [ "PCY003_AirDefenseDisp", "US_Cruisers_Atlanta" ], [ "PCY011_AirDefenseDispPremium", "US_Cruisers_Atlanta" ], [ "PCY025_AirDefenseDispSuper", "US_Cruisers_Atlanta" ], [ "PCY008_SonarSearch", "C_4_7" ], [ "PCY016_SonarSearchPremium", "C_4_7" ], [ "PCY030_SonarSearchSuper", "C_4_7" ] ],
      "slot" : 1
    },
    "AbilitySlot2" : {
      "abils" : [ [ "PCY006_SmokeGenerator", "US_Lvl_7" ], [ "PCY014_SmokeGeneratorPremium", "US_Lvl_7_Gold" ], [ "PCY028_SmokeGeneratorSuper", "US_Lvl_7" ] ],
      "slot" : 2
    },
    "AbilitySlot3" : {
      "abils" : [ ],
      "slot" : 3
    },
    "AbilitySlot4" : {
      "abils" : [ ],
      "slot" : 4
    }
  },
  "shipUpgradeInfo" : {
    "components" : {
      "flightControl" : [ ],
      "artillery" : [ {
        "name" : "PAUA651_FLINT",
        "ucType" : "_Artillery",
        "position" : 1,
        "elem" : 1,
        "prevType" : "artillery",
        "prevPosition" : 0,
        "components" : {
          "artillery" : [ "A1_Artillery" ]
        },
        "ucTypeShort" : "artillery",
        "image" : "https://cdn.wowsft.com/images/modules/module_artillery.png"
      } ],
      "hull" : [ {
        "disabledAbilities" : [ ],
        "name" : "PAUH651_FLINT",
        "ucType" : "_Hull",
        "position" : 1,
        "elem" : 2,
        "prevType" : "hull",
        "prevPosition" : 0,
        "components" : {
          "airArmament" : [ ],
          "airDefense" : [ "A_AirDefense" ],
          "artillery" : [ "A1_Artillery" ],
          "atba" : [ ],
          "hull" : [ "A_Hull" ],
          "torpedoes" : [ "A1_Torpedoes" ]
        },
        "ucTypeShort" : "hull",
        "image" : "https://cdn.wowsft.com/images/modules/module_hull.png"
      } ],
      "torpedoes" : [ {
        "name" : "PAUT504_FLINT",
        "ucType" : "_Torpedoes",
        "position" : 1,
        "elem" : 3,
        "prevType" : "torpedoes",
        "prevPosition" : 0,
        "components" : {
          "torpedoes" : [ "A1_Torpedoes" ]
        },
        "ucTypeShort" : "torpedoes",
        "image" : "https://cdn.wowsft.com/images/modules/module_torpedoes.png"
      } ],
      "suo" : [ {
        "name" : "PAUS651_SUO_FLINT",
        "ucType" : "_Suo",
        "position" : 1,
        "elem" : 4,
        "prevType" : "suo",
        "prevPosition" : 0,
        "components" : {
          "suo" : [ "A1_FireControl" ]
        },
        "ucTypeShort" : "suo",
        "image" : "https://cdn.wowsft.com/images/modules/module_suo.png"
      } ],
      "fighter" : [ ],
      "torpedoBomber" : [ ],
      "diveBomber" : [ ],
      "engine" : [ {
        "name" : "PAUE631_ENGINE_FLINT",
        "ucType" : "_Engine",
        "position" : 1,
        "elem" : 8,
        "prevType" : "engine",
        "prevPosition" : 0,
        "components" : {
          "engine" : [ "A_Engine" ]
        },
        "ucTypeShort" : "engine",
        "image" : "https://cdn.wowsft.com/images/modules/module_engine.png"
      } ]
    },
    "cols" : {
      "flightControl" : 0,
      "artillery" : 1,
      "hull" : 1,
      "torpedoes" : 1,
      "suo" : 1,
      "fighter" : 0,
      "torpedoBomber" : 0,
      "diveBomber" : 0,
      "engine" : 1
    },
    "maxRows" : 1,
    "costGold" : 10000,
    "lockedConfig" : [ ],
    "value" : 1
  },
  "canEquipCamouflage" : true,
  "group" : "specialUnsellable",
  "id" : 3553540080,
  "index" : "PASC707",
  "level" : 7,
  "maxEquippedFlags" : 8,
  "name" : "PASC707_Flint",
  "navalFlag" : "usa",
  "needShowProjectYear" : true,
  "peculiarity" : "default",
  "steerAngle" : [ 0.2, 0.7, 1.0 ],
  "typeinfo" : {
    "nation" : "USA",
    "species" : "Cruiser",
    "type" : "Ship"
  },
  "realShipType" : "Premium",
  "realShipTypeId" : "FILTER_PREMIUM",
  "typeImage" : "https://cdn.wowsft.com/images/vehicles/types/Cruiser/premium.png",
  "imageSmall" : "https://cdn.wowsft.com/images/vehicles/ship_previews/PASC707.png"
}