{
  "components" : {
    "airArmament" : {
      "AirArmamentDefault" : {
        "auraCoeff" : 1.0,
        "deckPlaceCount" : 0.0,
        "launchPrepareTime" : 2.0,
        "launchpadType" : "catapult",
        "planesReserveCapacity" : 0.0,
        "independentLaunchpad" : false
      }
    },
    "airDefense" : {
      "AirDefenseDefault" : {
        "auraMedium" : [ {
          "areaDamage" : 6.0,
          "areaDamageFrequency" : 0.2857143,
          "enableBarrage" : true,
          "guns" : [ "HP_AGA_1", "HP_AGA_2", "HP_AGA_3", "HP_AGA_4" ],
          "hitChance" : 0.9,
          "joint" : true,
          "maxDistance" : 3500.0,
          "minDistance" : 100.0,
          "shotDelay" : 0.5,
          "shotTravelTime" : 1.5,
          "type" : "medium"
        } ],
        "ownerlessTracesScatterCoefficient" : 1.0,
        "sectors" : [ [ 0.0, 180.0 ], [ 180.0, 0.0 ] ],
        "prioritySectorPhases" : [ [ 5.0, "linear", 0.035, 1.0, 1.5 ], [ 5.0, "linear", 0.0, 1.5, 1.5 ] ],
        "prioritySectorPreparation" : 5.0,
        "prioritySectorDuration" : 5.0,
        "prioritySectorDamageInitial" : 0.035,
        "prioritySectorCoefficientInitial" : 1.0,
        "prioritySectorCoefficientDuring" : 1.5
      }
    },
    "artillery" : {
      "ArtilleryDefault" : {
        "turrets" : [ {
          "ammoList" : [ "PAPA030_Shell_152mm_HE_HC_Mark_34_Mod_1", "PAPA061_SHELL_152MM_AP_SC_MK_27_MOD_5" ],
          "barrelDiameter" : 0.152,
          "coeffPerSecondMin" : 0.3,
          "deadZone" : [ ],
          "delim" : 0.5,
          "ellipseRangeMax" : 250.0,
          "ellipseRangeMin" : 50.0,
          "horizSector" : [ -145.0, 145.0 ],
          "id" : 4262062064,
          "idealDistance" : 1000.0,
          "idealRadius" : 8.0,
          "index" : "PAGM031",
          "maxEllipseRanging" : 1.003,
          "medEllipseRanging" : 1.002,
          "minEllipseRanging" : 1.001,
          "minRadius" : 1.1,
          "name" : "PAGM031_6in53_Mk16_Twin",
          "numBarrels" : 2,
          "onMoveTarPosCoeffDelim" : 1.001,
          "onMoveTarPosCoeffMaxDist" : 1.002,
          "onMoveTarPosCoeffZero" : 1.0,
          "onMoveTarPosDelim" : 0.1,
          "position" : [ 0.0, 1.0 ],
          "radiusOnDelim" : 0.5,
          "radiusOnMax" : 0.6,
          "radiusOnZero" : 0.2,
          "reduceTime" : 0.1,
          "rotationSpeed" : [ 7.5, 7.5 ],
          "shotDelay" : 6.67,
          "smokePenalty" : 1.0E-4,
          "typeinfo" : {
            "nation" : "USA",
            "species" : "Main",
            "type" : "Gun"
          },
          "vertSector" : [ -2.0, 30.0 ]
        }, {
          "ammoList" : [ "PAPA030_Shell_152mm_HE_HC_Mark_34_Mod_1", "PAPA061_SHELL_152MM_AP_SC_MK_27_MOD_5" ],
          "barrelDiameter" : 0.152,
          "coeffPerSecondMin" : 0.3,
          "deadZone" : [ ],
          "delim" : 0.5,
          "ellipseRangeMax" : 250.0,
          "ellipseRangeMin" : 50.0,
          "horizSector" : [ -150.0, 150.0 ],
          "id" : 4262062064,
          "idealDistance" : 1000.0,
          "idealRadius" : 8.0,
          "index" : "PAGM031",
          "maxEllipseRanging" : 1.003,
          "medEllipseRanging" : 1.002,
          "minEllipseRanging" : 1.001,
          "minRadius" : 1.1,
          "name" : "PAGM031_6in53_Mk16_Twin",
          "numBarrels" : 2,
          "onMoveTarPosCoeffDelim" : 1.001,
          "onMoveTarPosCoeffMaxDist" : 1.002,
          "onMoveTarPosCoeffZero" : 1.0,
          "onMoveTarPosDelim" : 0.1,
          "position" : [ 5.75, 1.0 ],
          "radiusOnDelim" : 0.5,
          "radiusOnMax" : 0.6,
          "radiusOnZero" : 0.2,
          "reduceTime" : 0.1,
          "rotationSpeed" : [ 7.5, 7.5 ],
          "shotDelay" : 6.67,
          "smokePenalty" : 1.0E-4,
          "typeinfo" : {
            "nation" : "USA",
            "species" : "Main",
            "type" : "Gun"
          },
          "vertSector" : [ -2.0, 30.0 ]
        }, {
          "ammoList" : [ "PAPA030_Shell_152mm_HE_HC_Mark_34_Mod_1", "PAPA061_SHELL_152MM_AP_SC_MK_27_MOD_5" ],
          "barrelDiameter" : 0.152,
          "coeffPerSecondMin" : 0.3,
          "deadZone" : [ ],
          "delim" : 0.5,
          "ellipseRangeMax" : 250.0,
          "ellipseRangeMin" : 50.0,
          "horizSector" : [ -150.0, 3.0 ],
          "id" : 4139378672,
          "idealDistance" : 1000.0,
          "idealRadius" : 8.0,
          "index" : "PAGM148",
          "maxEllipseRanging" : 1.003,
          "medEllipseRanging" : 1.002,
          "minEllipseRanging" : 1.001,
          "minRadius" : 1.1,
          "name" : "PAGM148_6in53_Mk13_Single",
          "numBarrels" : 1,
          "onMoveTarPosCoeffDelim" : 1.001,
          "onMoveTarPosCoeffMaxDist" : 1.002,
          "onMoveTarPosCoeffZero" : 1.0,
          "onMoveTarPosDelim" : 0.1,
          "position" : [ 0.75, 1.8 ],
          "radiusOnDelim" : 0.5,
          "radiusOnMax" : 0.6,
          "radiusOnZero" : 0.2,
          "reduceTime" : 0.1,
          "rotationSpeed" : [ 7.5, 7.5 ],
          "shotDelay" : 6.67,
          "smokePenalty" : 1.0E-4,
          "typeinfo" : {
            "nation" : "USA",
            "species" : "Main",
            "type" : "Gun"
          },
          "vertSector" : [ -2.0, 20.0 ]
        }, {
          "ammoList" : [ "PAPA030_Shell_152mm_HE_HC_Mark_34_Mod_1", "PAPA061_SHELL_152MM_AP_SC_MK_27_MOD_5" ],
          "barrelDiameter" : 0.152,
          "coeffPerSecondMin" : 0.3,
          "deadZone" : [ ],
          "delim" : 0.5,
          "ellipseRangeMax" : 250.0,
          "ellipseRangeMin" : 50.0,
          "horizSector" : [ -3.0, 150.0 ],
          "id" : 4139378672,
          "idealDistance" : 1000.0,
          "idealRadius" : 8.0,
          "index" : "PAGM148",
          "maxEllipseRanging" : 1.003,
          "medEllipseRanging" : 1.002,
          "minEllipseRanging" : 1.001,
          "minRadius" : 1.1,
          "name" : "PAGM148_6in53_Mk13_Single",
          "numBarrels" : 1,
          "onMoveTarPosCoeffDelim" : 1.001,
          "onMoveTarPosCoeffMaxDist" : 1.002,
          "onMoveTarPosCoeffZero" : 1.0,
          "onMoveTarPosDelim" : 0.1,
          "position" : [ 0.75, 0.2 ],
          "radiusOnDelim" : 0.5,
          "radiusOnMax" : 0.6,
          "radiusOnZero" : 0.2,
          "reduceTime" : 0.1,
          "rotationSpeed" : [ 7.5, 7.5 ],
          "shotDelay" : 6.67,
          "smokePenalty" : 1.0E-4,
          "typeinfo" : {
            "nation" : "USA",
            "species" : "Main",
            "type" : "Gun"
          },
          "vertSector" : [ -2.0, 20.0 ]
        }, {
          "ammoList" : [ "PAPA030_Shell_152mm_HE_HC_Mark_34_Mod_1", "PAPA061_SHELL_152MM_AP_SC_MK_27_MOD_5" ],
          "barrelDiameter" : 0.152,
          "coeffPerSecondMin" : 0.3,
          "deadZone" : [ ],
          "delim" : 0.5,
          "ellipseRangeMax" : 250.0,
          "ellipseRangeMin" : 50.0,
          "horizSector" : [ -142.0, 3.0 ],
          "id" : 4199147504,
          "idealDistance" : 1000.0,
          "idealRadius" : 8.0,
          "index" : "PAGM091",
          "maxEllipseRanging" : 1.003,
          "medEllipseRanging" : 1.002,
          "minEllipseRanging" : 1.001,
          "minRadius" : 1.1,
          "name" : "PAGM091_6in53_Mk13_Single",
          "numBarrels" : 1,
          "onMoveTarPosCoeffDelim" : 1.001,
          "onMoveTarPosCoeffMaxDist" : 1.002,
          "onMoveTarPosCoeffZero" : 1.0,
          "onMoveTarPosDelim" : 0.1,
          "position" : [ 1.75, 2.0 ],
          "radiusOnDelim" : 0.5,
          "radiusOnMax" : 0.6,
          "radiusOnZero" : 0.2,
          "reduceTime" : 0.1,
          "rotationSpeed" : [ 7.5, 7.5 ],
          "shotDelay" : 6.67,
          "smokePenalty" : 1.0E-4,
          "typeinfo" : {
            "nation" : "USA",
            "species" : "Main",
            "type" : "Gun"
          },
          "vertSector" : [ -2.0, 20.0 ]
        }, {
          "ammoList" : [ "PAPA030_Shell_152mm_HE_HC_Mark_34_Mod_1", "PAPA061_SHELL_152MM_AP_SC_MK_27_MOD_5" ],
          "barrelDiameter" : 0.152,
          "coeffPerSecondMin" : 0.3,
          "deadZone" : [ ],
          "delim" : 0.5,
          "ellipseRangeMax" : 250.0,
          "ellipseRangeMin" : 50.0,
          "horizSector" : [ -3.0, 142.0 ],
          "id" : 4199147504,
          "idealDistance" : 1000.0,
          "idealRadius" : 8.0,
          "index" : "PAGM091",
          "maxEllipseRanging" : 1.003,
          "medEllipseRanging" : 1.002,
          "minEllipseRanging" : 1.001,
          "minRadius" : 1.1,
          "name" : "PAGM091_6in53_Mk13_Single",
          "numBarrels" : 1,
          "onMoveTarPosCoeffDelim" : 1.001,
          "onMoveTarPosCoeffMaxDist" : 1.002,
          "onMoveTarPosCoeffZero" : 1.0,
          "onMoveTarPosDelim" : 0.1,
          "position" : [ 1.75, 0.0 ],
          "radiusOnDelim" : 0.5,
          "radiusOnMax" : 0.6,
          "radiusOnZero" : 0.2,
          "reduceTime" : 0.1,
          "rotationSpeed" : [ 7.5, 7.5 ],
          "shotDelay" : 6.67,
          "smokePenalty" : 1.0E-4,
          "typeinfo" : {
            "nation" : "USA",
            "species" : "Main",
            "type" : "Gun"
          },
          "vertSector" : [ -2.0, 20.0 ]
        }, {
          "ammoList" : [ "PAPA030_Shell_152mm_HE_HC_Mark_34_Mod_1", "PAPA061_SHELL_152MM_AP_SC_MK_27_MOD_5" ],
          "barrelDiameter" : 0.152,
          "coeffPerSecondMin" : 0.3,
          "deadZone" : [ ],
          "delim" : 0.5,
          "ellipseRangeMax" : 250.0,
          "ellipseRangeMin" : 50.0,
          "horizSector" : [ -5.0, 144.0 ],
          "id" : 4139378672,
          "idealDistance" : 1000.0,
          "idealRadius" : 8.0,
          "index" : "PAGM148",
          "maxEllipseRanging" : 1.003,
          "medEllipseRanging" : 1.002,
          "minEllipseRanging" : 1.001,
          "minRadius" : 1.1,
          "name" : "PAGM148_6in53_Mk13_Single",
          "numBarrels" : 1,
          "onMoveTarPosCoeffDelim" : 1.001,
          "onMoveTarPosCoeffMaxDist" : 1.002,
          "onMoveTarPosCoeffZero" : 1.0,
          "onMoveTarPosDelim" : 0.1,
          "position" : [ 4.0, 2.0 ],
          "radiusOnDelim" : 0.5,
          "radiusOnMax" : 0.6,
          "radiusOnZero" : 0.2,
          "reduceTime" : 0.1,
          "rotationSpeed" : [ 7.5, 7.5 ],
          "shotDelay" : 6.67,
          "smokePenalty" : 1.0E-4,
          "typeinfo" : {
            "nation" : "USA",
            "species" : "Main",
            "type" : "Gun"
          },
          "vertSector" : [ -2.0, 20.0 ]
        }, {
          "ammoList" : [ "PAPA030_Shell_152mm_HE_HC_Mark_34_Mod_1", "PAPA061_SHELL_152MM_AP_SC_MK_27_MOD_5" ],
          "barrelDiameter" : 0.152,
          "coeffPerSecondMin" : 0.3,
          "deadZone" : [ ],
          "delim" : 0.5,
          "ellipseRangeMax" : 250.0,
          "ellipseRangeMin" : 50.0,
          "horizSector" : [ -144.0, 5.0 ],
          "id" : 4139378672,
          "idealDistance" : 1000.0,
          "idealRadius" : 8.0,
          "index" : "PAGM148",
          "maxEllipseRanging" : 1.003,
          "medEllipseRanging" : 1.002,
          "minEllipseRanging" : 1.001,
          "minRadius" : 1.1,
          "name" : "PAGM148_6in53_Mk13_Single",
          "numBarrels" : 1,
          "onMoveTarPosCoeffDelim" : 1.001,
          "onMoveTarPosCoeffMaxDist" : 1.002,
          "onMoveTarPosCoeffZero" : 1.0,
          "onMoveTarPosDelim" : 0.1,
          "position" : [ 4.0, 0.0 ],
          "radiusOnDelim" : 0.5,
          "radiusOnMax" : 0.6,
          "radiusOnZero" : 0.2,
          "reduceTime" : 0.1,
          "rotationSpeed" : [ 7.5, 7.5 ],
          "shotDelay" : 6.67,
          "smokePenalty" : 1.0E-4,
          "typeinfo" : {
            "nation" : "USA",
            "species" : "Main",
            "type" : "Gun"
          },
          "vertSector" : [ -2.0, 20.0 ]
        }, {
          "ammoList" : [ "PAPA030_Shell_152mm_HE_HC_Mark_34_Mod_1", "PAPA061_SHELL_152MM_AP_SC_MK_27_MOD_5" ],
          "barrelDiameter" : 0.152,
          "coeffPerSecondMin" : 0.3,
          "deadZone" : [ ],
          "delim" : 0.5,
          "ellipseRangeMax" : 250.0,
          "ellipseRangeMin" : 50.0,
          "horizSector" : [ -5.0, 141.0 ],
          "id" : 4199147504,
          "idealDistance" : 1000.0,
          "idealRadius" : 8.0,
          "index" : "PAGM091",
          "maxEllipseRanging" : 1.003,
          "medEllipseRanging" : 1.002,
          "minEllipseRanging" : 1.001,
          "minRadius" : 1.1,
          "name" : "PAGM091_6in53_Mk13_Single",
          "numBarrels" : 1,
          "onMoveTarPosCoeffDelim" : 1.001,
          "onMoveTarPosCoeffMaxDist" : 1.002,
          "onMoveTarPosCoeffZero" : 1.0,
          "onMoveTarPosDelim" : 0.1,
          "position" : [ 5.0, 1.8 ],
          "radiusOnDelim" : 0.5,
          "radiusOnMax" : 0.6,
          "radiusOnZero" : 0.2,
          "reduceTime" : 0.1,
          "rotationSpeed" : [ 7.5, 7.5 ],
          "shotDelay" : 6.67,
          "smokePenalty" : 1.0E-4,
          "typeinfo" : {
            "nation" : "USA",
            "species" : "Main",
            "type" : "Gun"
          },
          "vertSector" : [ -2.0, 20.0 ]
        }, {
          "ammoList" : [ "PAPA030_Shell_152mm_HE_HC_Mark_34_Mod_1", "PAPA061_SHELL_152MM_AP_SC_MK_27_MOD_5" ],
          "barrelDiameter" : 0.152,
          "coeffPerSecondMin" : 0.3,
          "deadZone" : [ ],
          "delim" : 0.5,
          "ellipseRangeMax" : 250.0,
          "ellipseRangeMin" : 50.0,
          "horizSector" : [ -150.0, 5.0 ],
          "id" : 4199147504,
          "idealDistance" : 1000.0,
          "idealRadius" : 8.0,
          "index" : "PAGM091",
          "maxEllipseRanging" : 1.003,
          "medEllipseRanging" : 1.002,
          "minEllipseRanging" : 1.001,
          "minRadius" : 1.1,
          "name" : "PAGM091_6in53_Mk13_Single",
          "numBarrels" : 1,
          "onMoveTarPosCoeffDelim" : 1.001,
          "onMoveTarPosCoeffMaxDist" : 1.002,
          "onMoveTarPosCoeffZero" : 1.0,
          "onMoveTarPosDelim" : 0.1,
          "position" : [ 5.0, 0.2 ],
          "radiusOnDelim" : 0.5,
          "radiusOnMax" : 0.6,
          "radiusOnZero" : 0.2,
          "reduceTime" : 0.1,
          "rotationSpeed" : [ 7.5, 7.5 ],
          "shotDelay" : 6.67,
          "smokePenalty" : 1.0E-4,
          "typeinfo" : {
            "nation" : "USA",
            "species" : "Main",
            "type" : "Gun"
          },
          "vertSector" : [ -2.0, 20.0 ]
        } ],
        "turretTypes" : {
          "2" : [ 2, "PAGM031_6in53_Mk16_Twin" ],
          "1" : [ 8, "PAGM148_6in53_Mk13_Single" ]
        },
        "maxDist" : 13880.0,
        "minDistH" : 50.0,
        "minDistV" : 110.0,
        "normalDistribution" : true,
        "sigmaCount" : 2.0,
        "taperDist" : 4000.0,
        "GMIdealRadius" : 1.0,
        "barrelDiameter" : 0.152
      }
    },
    "hull" : {
      "HullDefault" : {
        "backwardPowerCoef" : 3.0,
        "buoyancy" : 200000.0,
        "burnNodes" : [ [ 0.8335, 0.3, 30.0 ], [ 0.8335, 0.3, 30.0 ], [ 0.8335, 0.3, 30.0 ], [ 0.8335, 0.3, 30.0 ] ],
        "burnProb" : 0.8335,
        "burnDamage" : 0.3,
        "burnTime" : 30.0,
        "burnSize" : 4.0,
        "deckHeight" : 7.0,
        "deepwaterVisibilityCoeff" : 0.1,
        "draft" : 11.0,
        "enginePower" : 90000.0,
        "floodNodes" : [ [ 0.333, 0.25, 40.0 ], [ 0.333, 0.25, 40.0 ] ],
        "floodProb" : 0.333,
        "floodProtection" : 0.099998474,
        "floodDamage" : 0.25,
        "floodTime" : 40.0,
        "floodSize" : 2.0,
        "health" : 27000.0,
        "mass" : 9297000.0,
        "maxRudderAngle" : 30.0,
        "maxSpeed" : 34.0,
        "pushingMaxRudderAngle" : 16.0,
        "pushingMinRudderAngle" : 1.0,
        "rollEffect" : 9.0,
        "rudderPower" : 6.7E7,
        "rudderTime" : 7.5,
        "sideDragCoef" : 230000.0,
        "size" : [ 169.3, 16.8, 31.0 ],
        "smokeScanRadius" : 27.0,
        "speedCoef" : 1.0,
        "tonnage" : 9297.0,
        "torpedoImpactMassImpulseCoeff" : 0.5,
        "turningRadius" : 600.0,
        "underwaterVisibilityCoeff" : 0.5,
        "visibilityCoefATBA" : 1.0E-6,
        "visibilityCoefATBAByPlane" : 1.0E-6,
        "visibilityCoefFire" : 2.0,
        "visibilityCoefFireByPlane" : 3.0,
        "visibilityCoefGK" : 1.0E-6,
        "visibilityCoefGKByPlane" : 3.04,
        "visibilityCoefGKInSmoke" : 6.87,
        "visibilityCoeff" : 18.39,
        "visibilityFactor" : 13.5,
        "visibilityFactorByPlane" : 5.35,
        "visibilityFactorInSmoke" : 1.0E-6,
        "burnSizeSkill" : 4
      }
    },
    "suo" : {
      "FireControlDefault" : {
        "maxDistCoef" : 1.0,
        "sigmaCountCoef" : 1.0
      }
    },
    "torpedoes" : {
      "TorpedoesDefault" : {
        "launchers" : [ {
          "ammoList" : [ "PAPT022_Bliss_Leavitt_Mark_9_mod_1" ],
          "barrelDiameter" : 0.533,
          "canRotate" : true,
          "deadZone" : [ ],
          "horizSector" : [ -97.0, 7.0 ],
          "id" : 4250298352,
          "index" : "PAGT042",
          "mainSector" : [ -90.0, 90.0 ],
          "name" : "PAGT042_21in_Torpedo_Tubes_Triple",
          "numAmmos" : 1000,
          "numBarrels" : 3,
          "position" : [ 3.0, 0.0 ],
          "rotationSpeed" : [ 25.0, 25.0 ],
          "shootSector" : [ 0.0, 1.0 ],
          "shotDelay" : 38.0,
          "timeBetweenShots" : 0.2,
          "timeToChangeAngle" : 1.0,
          "timeToChangeSpeed" : 1.0,
          "torpedoAngles" : [ 3.6, 12.0 ],
          "typeinfo" : {
            "nation" : "USA",
            "species" : "Torpedo",
            "type" : "Gun"
          },
          "vertSector" : [ 0.0, 1.0 ]
        }, {
          "ammoList" : [ "PAPT022_Bliss_Leavitt_Mark_9_mod_1" ],
          "barrelDiameter" : 0.533,
          "canRotate" : true,
          "deadZone" : [ ],
          "horizSector" : [ -7.0, 97.0 ],
          "id" : 4250298352,
          "index" : "PAGT042",
          "mainSector" : [ -90.0, 90.0 ],
          "name" : "PAGT042_21in_Torpedo_Tubes_Triple",
          "numAmmos" : 1000,
          "numBarrels" : 3,
          "position" : [ 3.0, 2.0 ],
          "rotationSpeed" : [ 25.0, 25.0 ],
          "shootSector" : [ 0.0, 1.0 ],
          "shotDelay" : 38.0,
          "timeBetweenShots" : 0.2,
          "timeToChangeAngle" : 1.0,
          "timeToChangeSpeed" : 1.0,
          "torpedoAngles" : [ 3.6, 12.0 ],
          "typeinfo" : {
            "nation" : "USA",
            "species" : "Torpedo",
            "type" : "Gun"
          },
          "vertSector" : [ 0.0, 1.0 ]
        } ],
        "launcherTypes" : {
          "3" : [ 2, "PAGT042_21in_Torpedo_Tubes_Triple" ]
        },
        "numTorpsInSalvo" : 2,
        "oneShotWaitTime" : 2.0
      }
    },
    "engine" : {
      "EngineDefault" : {
        "backwardEngineForsag" : 2.5,
        "backwardEngineForsagMaxSpeed" : 2.5,
        "backwardEngineUpTime" : 20.0,
        "backwardSpeedOnFlood" : -0.6,
        "damagedEnginePowerMultiplier" : -0.26,
        "damagedEnginePowerTimeMultiplier" : 5.5,
        "forwardEngineForsag" : 2.5,
        "forwardEngineForsagMaxSpeed" : 2.5,
        "forwardEngineUpTime" : 40.0,
        "forwardSpeedOnFlood" : -0.3,
        "histEnginePower" : 90000.0
      }
    }
  },
  "shipAbilities" : {
    "AbilitySlot0" : {
      "abils" : [ [ "PCY001_CrashCrew", "CV_CA_CL" ], [ "PCY009_CrashCrewPremium", "CV_CA_CL_Gold" ] ],
      "slot" : 0
    },
    "AbilitySlot1" : {
      "abils" : [ [ "PCY008_SonarSearch", "C_4_7" ], [ "PCY016_SonarSearchPremium", "C_4_7" ] ],
      "slot" : 1
    },
    "AbilitySlot2" : {
      "abils" : [ [ "PCY004_Fighter", "Fighter_2" ], [ "PCY012_FighterPremium", "Fighter_2" ] ],
      "slot" : 2
    },
    "AbilitySlot3" : {
      "abils" : [ ],
      "slot" : 3
    },
    "AbilitySlot4" : {
      "abils" : [ ],
      "slot" : 4
    }
  },
  "shipUpgradeInfo" : {
    "components" : {
      "flightControl" : [ ],
      "artillery" : [ {
        "name" : "PAUA431_152_53_MK16_MK13_CINCINNATI",
        "ucType" : "_Artillery",
        "position" : 1,
        "elem" : 1,
        "prevType" : "artillery",
        "prevPosition" : 0,
        "components" : {
          "artillery" : [ "ArtilleryDefault" ]
        },
        "ucTypeShort" : "artillery",
        "image" : "https://cdn.wowsft.com/images/modules/module_artillery.png"
      } ],
      "hull" : [ {
        "disabledAbilities" : [ ],
        "name" : "PAUH461_CINCINNATI",
        "ucType" : "_Hull",
        "position" : 1,
        "elem" : 2,
        "prevType" : "hull",
        "prevPosition" : 0,
        "components" : {
          "airArmament" : [ "AirArmamentDefault" ],
          "airDefense" : [ "AirDefenseDefault" ],
          "artillery" : [ "ArtilleryDefault" ],
          "atba" : [ ],
          "hull" : [ "HullDefault" ],
          "torpedoes" : [ "TorpedoesDefault" ]
        },
        "ucTypeShort" : "hull",
        "image" : "https://cdn.wowsft.com/images/modules/module_hull.png"
      } ],
      "torpedoes" : [ {
        "name" : "PAUT551_533_3_PAPT017_CINCINNATI",
        "ucType" : "_Torpedoes",
        "position" : 1,
        "elem" : 3,
        "prevType" : "torpedoes",
        "prevPosition" : 0,
        "components" : {
          "torpedoes" : [ "TorpedoesDefault" ]
        },
        "ucTypeShort" : "torpedoes",
        "image" : "https://cdn.wowsft.com/images/modules/module_torpedoes.png"
      } ],
      "suo" : [ {
        "name" : "PAUS431_SUO_CINCINNATI",
        "ucType" : "_Suo",
        "position" : 1,
        "elem" : 4,
        "prevType" : "suo",
        "prevPosition" : 0,
        "components" : {
          "suo" : [ "FireControlDefault" ]
        },
        "ucTypeShort" : "suo",
        "image" : "https://cdn.wowsft.com/images/modules/module_suo.png"
      } ],
      "fighter" : [ ],
      "torpedoBomber" : [ ],
      "diveBomber" : [ ],
      "engine" : [ {
        "name" : "PAUE441_ENGINE_90000_CINCINNATI",
        "ucType" : "_Engine",
        "position" : 1,
        "elem" : 8,
        "prevType" : "engine",
        "prevPosition" : 0,
        "components" : {
          "engine" : [ "EngineDefault" ]
        },
        "ucTypeShort" : "engine",
        "image" : "https://cdn.wowsft.com/images/modules/module_engine.png"
      } ]
    },
    "cols" : {
      "flightControl" : 0,
      "artillery" : 1,
      "hull" : 1,
      "torpedoes" : 1,
      "suo" : 1,
      "fighter" : 0,
      "torpedoBomber" : 0,
      "diveBomber" : 0,
      "engine" : 1
    },
    "maxRows" : 1,
    "costGold" : 3100,
    "lockedConfig" : [ ],
    "value" : 1
  },
  "canEquipCamouflage" : true,
  "group" : "special",
  "id" : 4247697392,
  "index" : "PASC045",
  "level" : 5,
  "maxEquippedFlags" : 8,
  "name" : "PASC045_Marblehead_1924_Asus",
  "navalFlag" : "usa",
  "needShowProjectYear" : true,
  "peculiarity" : "default",
  "steerAngle" : [ 0.2, 0.7, 1.0 ],
  "typeinfo" : {
    "nation" : "USA",
    "species" : "Cruiser",
    "type" : "Ship"
  },
  "realShipType" : "Premium",
  "realShipTypeId" : "FILTER_PREMIUM",
  "typeImage" : "https://cdn.wowsft.com/images/vehicles/types/Cruiser/premium.png",
  "imageSmall" : "https://cdn.wowsft.com/images/vehicles/ship_previews/PASC045.png"
}