{
  "components" : {
    "airArmament" : {
      "AB_AirArmament" : {
        "auraCoeff" : 1.0,
        "deckPlaceCount" : 0.0,
        "launchPrepareTime" : 0.0,
        "launchpadType" : "catapult",
        "planesReserveCapacity" : 0.0,
        "independentLaunchpad" : false
      }
    },
    "airDefense" : {
      "A_AirDefense" : {
        "auraMedium" : [ {
          "areaDamage" : 67.0,
          "areaDamageFrequency" : 0.2857143,
          "enableBarrage" : true,
          "guns" : [ "HP_AGA_10", "HP_AGA_11", "HP_AGA_12", "HP_AGA_21", "HP_AGA_22", "HP_AGA_23", "HP_AGA_24", "HP_AGA_27", "HP_AGA_28", "HP_AGA_35", "HP_AGA_36", "HP_AGA_9" ],
          "hitChance" : 0.9,
          "joint" : true,
          "maxDistance" : 3500.0,
          "minDistance" : 100.0,
          "shotDelay" : 0.5,
          "shotTravelTime" : 1.5,
          "type" : "medium"
        } ],
        "auraNear" : [ {
          "areaDamage" : 39.0,
          "areaDamageFrequency" : 0.2857143,
          "enableBarrage" : true,
          "guns" : [ "HP_AGA_1", "HP_AGA_19", "HP_AGA_2", "HP_AGA_20", "HP_AGA_25", "HP_AGA_26", "HP_AGA_29", "HP_AGA_3", "HP_AGA_30", "HP_AGA_31", "HP_AGA_32", "HP_AGA_33", "HP_AGA_34", "HP_AGA_4", "HP_AGA_5", "HP_AGA_6", "HP_AGA_7", "HP_AGA_8" ],
          "hitChance" : 0.85,
          "joint" : true,
          "maxDistance" : 2000.0,
          "minDistance" : 100.0,
          "shotDelay" : 0.1,
          "shotTravelTime" : 1.0,
          "type" : "near"
        } ],
        "ownerlessTracesScatterCoefficient" : 1.0,
        "sectors" : [ [ 0.0, 180.0 ], [ 180.0, 0.0 ] ],
        "prioritySectorPhases" : [ [ 5.0, "linear", 0.035, 1.0, 1.5 ], [ 5.0, "linear", 0.0, 1.5, 1.5 ] ],
        "prioritySectorPreparation" : 5.0,
        "prioritySectorDuration" : 5.0,
        "prioritySectorDamageInitial" : 0.035,
        "prioritySectorCoefficientInitial" : 1.0,
        "prioritySectorCoefficientDuring" : 1.5
      },
      "B_AirDefense" : {
        "auraMedium" : [ {
          "areaDamage" : 92.0,
          "areaDamageFrequency" : 0.2857143,
          "enableBarrage" : true,
          "guns" : [ "HP_AGA_10", "HP_AGA_11", "HP_AGA_12", "HP_AGA_21", "HP_AGA_22", "HP_AGA_23", "HP_AGA_24", "HP_AGA_27", "HP_AGA_28", "HP_AGA_35", "HP_AGA_36", "HP_AGA_9" ],
          "hitChance" : 0.9,
          "joint" : true,
          "maxDistance" : 3500.0,
          "minDistance" : 100.0,
          "shotDelay" : 0.5,
          "shotTravelTime" : 1.5,
          "type" : "medium"
        } ],
        "auraNear" : [ {
          "areaDamage" : 50.0,
          "areaDamageFrequency" : 0.2857143,
          "enableBarrage" : true,
          "guns" : [ "HP_AGA_1", "HP_AGA_13", "HP_AGA_14", "HP_AGA_15", "HP_AGA_16", "HP_AGA_17", "HP_AGA_18", "HP_AGA_19", "HP_AGA_2", "HP_AGA_20", "HP_AGA_25", "HP_AGA_26", "HP_AGA_29", "HP_AGA_3", "HP_AGA_30", "HP_AGA_31", "HP_AGA_32", "HP_AGA_33", "HP_AGA_34", "HP_AGA_4", "HP_AGA_5", "HP_AGA_6", "HP_AGA_7", "HP_AGA_8" ],
          "hitChance" : 0.85,
          "joint" : true,
          "maxDistance" : 2000.0,
          "minDistance" : 100.0,
          "shotDelay" : 0.1,
          "shotTravelTime" : 1.0,
          "type" : "near"
        } ],
        "ownerlessTracesScatterCoefficient" : 1.0,
        "sectors" : [ [ 0.0, 180.0 ], [ 180.0, 0.0 ] ],
        "prioritySectorPhases" : [ [ 5.0, "linear", 0.035, 1.0, 1.5 ], [ 5.0, "linear", 0.0, 1.5, 1.5 ] ],
        "prioritySectorPreparation" : 5.0,
        "prioritySectorDuration" : 5.0,
        "prioritySectorDamageInitial" : 0.035,
        "prioritySectorCoefficientInitial" : 1.0,
        "prioritySectorCoefficientDuring" : 1.5
      }
    },
    "artillery" : {
      "A_Artillery" : {
        "auraFar" : [ {
          "areaDamage" : 31.0,
          "areaDamageFrequency" : 0.2857143,
          "bubbleDuration" : 3.0,
          "enableBarrage" : true,
          "enableCrewSelectedTargetCoeff" : true,
          "explosionCount" : 2.0,
          "guns" : [ "HP_AGM_1", "HP_AGM_2", "HP_AGM_3", "HP_AGM_4" ],
          "halfOuterBubbleZone" : 50.0,
          "hitChance" : 0.9,
          "innerBubbleCount" : 3.0,
          "innerBubbleSpawnTimeRange" : [ 2.65, 3.15 ],
          "innerBubbleZone" : 20.0,
          "joint" : true,
          "maxBubbleActivationDelay" : 0.4,
          "maxDistance" : 6900.0,
          "minBubbleActivationDelay" : 0.1,
          "minDistance" : 100.0,
          "outerBubbleSpawnTimeRange" : [ 2.45, 2.65 ],
          "shotDelay" : 5.0,
          "shotTravelTime" : 1.79,
          "type" : "far"
        }, {
          "areaDamageFrequency" : 0.2857143,
          "bubbleDamage" : 260.0,
          "bubbleDuration" : 3.0,
          "bubbleRadius" : 2.658,
          "enableBarrage" : true,
          "enableCrewSelectedTargetCoeff" : true,
          "explosionCount" : 2.0,
          "guns" : [ "HP_AGM_1", "HP_AGM_2", "HP_AGM_3", "HP_AGM_4" ],
          "halfOuterBubbleZone" : 50.0,
          "hitChance" : 0.9,
          "innerBubbleCount" : 4.0,
          "innerBubbleSpawnTimeRange" : [ 2.65, 3.15 ],
          "innerBubbleZone" : 20.0,
          "joint" : true,
          "maxBubbleActivationDelay" : 0.4,
          "maxDistance" : 6900.0,
          "minBubbleActivationDelay" : 0.1,
          "minDistance" : 3500.0,
          "outerBubbleCount" : 1.0,
          "outerBubbleSpawnTimeRange" : [ 2.45, 2.65 ],
          "shotDelay" : 5.0,
          "shotTravelTime" : 1.79,
          "type" : "far"
        } ],
        "turrets" : [ {
          "ammoList" : [ "PAPA020_Shell_152mm_HE_HC_Mk_34", "PAPA019_Shell_152mm_AP_AP_Mk_35" ],
          "antiAirAuraDistance" : 200.0,
          "antiAirAuraStrength" : 0.225,
          "barrelDiameter" : 0.152,
          "coeffPerSecondMin" : 0.3,
          "deadZone" : [ ],
          "delim" : 0.5,
          "ellipseRangeMax" : 250.0,
          "ellipseRangeMin" : 50.0,
          "horizSector" : [ -145.0, 145.0 ],
          "id" : 4106872816,
          "idealDistance" : 1000.0,
          "idealRadius" : 8.0,
          "index" : "PAGM179",
          "maxEllipseRanging" : 1.003,
          "medEllipseRanging" : 1.002,
          "minEllipseRanging" : 1.001,
          "minRadius" : 1.1,
          "name" : "PAGM179_6in47_Triple",
          "numBarrels" : 3,
          "onMoveTarPosCoeffDelim" : 1.001,
          "onMoveTarPosCoeffMaxDist" : 1.002,
          "onMoveTarPosCoeffZero" : 1.0,
          "onMoveTarPosDelim" : 0.1,
          "position" : [ 1.0, 1.0 ],
          "radiusOnDelim" : 0.5,
          "radiusOnMax" : 0.6,
          "radiusOnZero" : 0.2,
          "reduceTime" : 0.1,
          "rotationSpeed" : [ 8.0, 11.0 ],
          "shotDelay" : 6.5,
          "smokePenalty" : 1.0E-4,
          "typeinfo" : {
            "nation" : "USA",
            "species" : "Main",
            "type" : "Gun"
          },
          "vertSector" : [ -2.0, 60.0 ]
        }, {
          "ammoList" : [ "PAPA020_Shell_152mm_HE_HC_Mk_34", "PAPA019_Shell_152mm_AP_AP_Mk_35" ],
          "antiAirAuraDistance" : 200.0,
          "antiAirAuraStrength" : 0.225,
          "barrelDiameter" : 0.152,
          "coeffPerSecondMin" : 0.3,
          "deadZone" : [ ],
          "delim" : 0.5,
          "ellipseRangeMax" : 250.0,
          "ellipseRangeMin" : 50.0,
          "horizSector" : [ -132.0, 132.0 ],
          "id" : 4106872816,
          "idealDistance" : 1000.0,
          "idealRadius" : 8.0,
          "index" : "PAGM179",
          "maxEllipseRanging" : 1.003,
          "medEllipseRanging" : 1.002,
          "minEllipseRanging" : 1.001,
          "minRadius" : 1.1,
          "name" : "PAGM179_6in47_Triple",
          "numBarrels" : 3,
          "onMoveTarPosCoeffDelim" : 1.001,
          "onMoveTarPosCoeffMaxDist" : 1.002,
          "onMoveTarPosCoeffZero" : 1.0,
          "onMoveTarPosDelim" : 0.1,
          "position" : [ 2.0, 1.0 ],
          "radiusOnDelim" : 0.5,
          "radiusOnMax" : 0.6,
          "radiusOnZero" : 0.2,
          "reduceTime" : 0.1,
          "rotationSpeed" : [ 8.0, 11.0 ],
          "shotDelay" : 6.5,
          "smokePenalty" : 1.0E-4,
          "typeinfo" : {
            "nation" : "USA",
            "species" : "Main",
            "type" : "Gun"
          },
          "vertSector" : [ -2.0, 60.0 ]
        }, {
          "ammoList" : [ "PAPA020_Shell_152mm_HE_HC_Mk_34", "PAPA019_Shell_152mm_AP_AP_Mk_35" ],
          "antiAirAuraDistance" : 200.0,
          "antiAirAuraStrength" : 0.225,
          "barrelDiameter" : 0.152,
          "coeffPerSecondMin" : 0.3,
          "deadZone" : [ ],
          "delim" : 0.5,
          "ellipseRangeMax" : 250.0,
          "ellipseRangeMin" : 50.0,
          "horizSector" : [ -145.0, 145.0 ],
          "id" : 4106872816,
          "idealDistance" : 1000.0,
          "idealRadius" : 8.0,
          "index" : "PAGM179",
          "maxEllipseRanging" : 1.003,
          "medEllipseRanging" : 1.002,
          "minEllipseRanging" : 1.001,
          "minRadius" : 1.1,
          "name" : "PAGM179_6in47_Triple",
          "numBarrels" : 3,
          "onMoveTarPosCoeffDelim" : 1.001,
          "onMoveTarPosCoeffMaxDist" : 1.002,
          "onMoveTarPosCoeffZero" : 1.0,
          "onMoveTarPosDelim" : 0.1,
          "position" : [ 4.0, 1.0 ],
          "radiusOnDelim" : 0.5,
          "radiusOnMax" : 0.6,
          "radiusOnZero" : 0.2,
          "reduceTime" : 0.1,
          "rotationSpeed" : [ 8.0, 11.0 ],
          "shotDelay" : 6.5,
          "smokePenalty" : 1.0E-4,
          "typeinfo" : {
            "nation" : "USA",
            "species" : "Main",
            "type" : "Gun"
          },
          "vertSector" : [ -2.0, 60.0 ]
        }, {
          "ammoList" : [ "PAPA020_Shell_152mm_HE_HC_Mk_34", "PAPA019_Shell_152mm_AP_AP_Mk_35" ],
          "antiAirAuraDistance" : 200.0,
          "antiAirAuraStrength" : 0.225,
          "barrelDiameter" : 0.152,
          "coeffPerSecondMin" : 0.3,
          "deadZone" : [ ],
          "delim" : 0.5,
          "ellipseRangeMax" : 250.0,
          "ellipseRangeMin" : 50.0,
          "horizSector" : [ -145.0, 145.0 ],
          "id" : 4106872816,
          "idealDistance" : 1000.0,
          "idealRadius" : 8.0,
          "index" : "PAGM179",
          "maxEllipseRanging" : 1.003,
          "medEllipseRanging" : 1.002,
          "minEllipseRanging" : 1.001,
          "minRadius" : 1.1,
          "name" : "PAGM179_6in47_Triple",
          "numBarrels" : 3,
          "onMoveTarPosCoeffDelim" : 1.001,
          "onMoveTarPosCoeffMaxDist" : 1.002,
          "onMoveTarPosCoeffZero" : 1.0,
          "onMoveTarPosDelim" : 0.1,
          "position" : [ 5.0, 1.0 ],
          "radiusOnDelim" : 0.5,
          "radiusOnMax" : 0.6,
          "radiusOnZero" : 0.2,
          "reduceTime" : 0.1,
          "rotationSpeed" : [ 8.0, 11.0 ],
          "shotDelay" : 6.5,
          "smokePenalty" : 1.0E-4,
          "typeinfo" : {
            "nation" : "USA",
            "species" : "Main",
            "type" : "Gun"
          },
          "vertSector" : [ -2.0, 60.0 ]
        } ],
        "turretTypes" : {
          "3" : [ 4, "PAGM179_6in47_Triple" ]
        },
        "maxDist" : 14280.0,
        "minDistH" : 50.0,
        "minDistV" : 110.0,
        "normalDistribution" : true,
        "sigmaCount" : 2.05,
        "taperDist" : 4000.0,
        "GMIdealRadius" : 1.0,
        "barrelDiameter" : 0.152
      },
      "B_Artillery" : {
        "auraFar" : [ {
          "areaDamage" : 30.0,
          "areaDamageFrequency" : 0.2857143,
          "bubbleDuration" : 3.0,
          "enableBarrage" : true,
          "enableCrewSelectedTargetCoeff" : true,
          "explosionCount" : 2.0,
          "guns" : [ "HP_AGM_1", "HP_AGM_2", "HP_AGM_3", "HP_AGM_4" ],
          "halfOuterBubbleZone" : 50.0,
          "hitChance" : 0.9,
          "innerBubbleCount" : 3.0,
          "innerBubbleSpawnTimeRange" : [ 2.65, 3.15 ],
          "innerBubbleZone" : 20.0,
          "joint" : true,
          "maxBubbleActivationDelay" : 0.4,
          "maxDistance" : 6900.0,
          "minBubbleActivationDelay" : 0.1,
          "minDistance" : 100.0,
          "outerBubbleSpawnTimeRange" : [ 2.45, 2.65 ],
          "shotDelay" : 5.0,
          "shotTravelTime" : 1.79,
          "type" : "far"
        }, {
          "areaDamageFrequency" : 0.2857143,
          "bubbleDamage" : 260.0,
          "bubbleDuration" : 3.0,
          "bubbleRadius" : 2.658,
          "enableBarrage" : true,
          "enableCrewSelectedTargetCoeff" : true,
          "explosionCount" : 2.0,
          "guns" : [ "HP_AGM_1", "HP_AGM_2", "HP_AGM_3", "HP_AGM_4" ],
          "halfOuterBubbleZone" : 50.0,
          "hitChance" : 0.9,
          "innerBubbleCount" : 4.0,
          "innerBubbleSpawnTimeRange" : [ 2.65, 3.15 ],
          "innerBubbleZone" : 20.0,
          "joint" : true,
          "maxBubbleActivationDelay" : 0.4,
          "maxDistance" : 6900.0,
          "minBubbleActivationDelay" : 0.1,
          "minDistance" : 3500.0,
          "outerBubbleCount" : 1.0,
          "outerBubbleSpawnTimeRange" : [ 2.45, 2.65 ],
          "shotDelay" : 5.0,
          "shotTravelTime" : 1.79,
          "type" : "far"
        } ],
        "turrets" : [ {
          "ammoList" : [ "PAPA020_Shell_152mm_HE_HC_Mk_34", "PAPA019_Shell_152mm_AP_AP_Mk_35" ],
          "antiAirAuraDistance" : 200.0,
          "antiAirAuraStrength" : 0.225,
          "barrelDiameter" : 0.152,
          "coeffPerSecondMin" : 0.3,
          "deadZone" : [ ],
          "delim" : 0.5,
          "ellipseRangeMax" : 250.0,
          "ellipseRangeMin" : 50.0,
          "horizSector" : [ -130.0, 130.0 ],
          "id" : 4106872816,
          "idealDistance" : 1000.0,
          "idealRadius" : 8.0,
          "index" : "PAGM179",
          "maxEllipseRanging" : 1.003,
          "medEllipseRanging" : 1.002,
          "minEllipseRanging" : 1.001,
          "minRadius" : 1.1,
          "name" : "PAGM179_6in47_Triple",
          "numBarrels" : 3,
          "onMoveTarPosCoeffDelim" : 1.001,
          "onMoveTarPosCoeffMaxDist" : 1.002,
          "onMoveTarPosCoeffZero" : 1.0,
          "onMoveTarPosDelim" : 0.1,
          "position" : [ 1.0, 1.0 ],
          "radiusOnDelim" : 0.5,
          "radiusOnMax" : 0.6,
          "radiusOnZero" : 0.2,
          "reduceTime" : 0.1,
          "rotationSpeed" : [ 8.0, 11.0 ],
          "shotDelay" : 6.5,
          "smokePenalty" : 1.0E-4,
          "typeinfo" : {
            "nation" : "USA",
            "species" : "Main",
            "type" : "Gun"
          },
          "vertSector" : [ -2.0, 60.0 ]
        }, {
          "ammoList" : [ "PAPA020_Shell_152mm_HE_HC_Mk_34", "PAPA019_Shell_152mm_AP_AP_Mk_35" ],
          "antiAirAuraDistance" : 200.0,
          "antiAirAuraStrength" : 0.225,
          "barrelDiameter" : 0.152,
          "coeffPerSecondMin" : 0.3,
          "deadZone" : [ ],
          "delim" : 0.5,
          "ellipseRangeMax" : 250.0,
          "ellipseRangeMin" : 50.0,
          "horizSector" : [ -130.0, 130.0 ],
          "id" : 4106872816,
          "idealDistance" : 1000.0,
          "idealRadius" : 8.0,
          "index" : "PAGM179",
          "maxEllipseRanging" : 1.003,
          "medEllipseRanging" : 1.002,
          "minEllipseRanging" : 1.001,
          "minRadius" : 1.1,
          "name" : "PAGM179_6in47_Triple",
          "numBarrels" : 3,
          "onMoveTarPosCoeffDelim" : 1.001,
          "onMoveTarPosCoeffMaxDist" : 1.002,
          "onMoveTarPosCoeffZero" : 1.0,
          "onMoveTarPosDelim" : 0.1,
          "position" : [ 2.0, 1.0 ],
          "radiusOnDelim" : 0.5,
          "radiusOnMax" : 0.6,
          "radiusOnZero" : 0.2,
          "reduceTime" : 0.1,
          "rotationSpeed" : [ 8.0, 11.0 ],
          "shotDelay" : 6.5,
          "smokePenalty" : 1.0E-4,
          "typeinfo" : {
            "nation" : "USA",
            "species" : "Main",
            "type" : "Gun"
          },
          "vertSector" : [ -2.0, 60.0 ]
        }, {
          "ammoList" : [ "PAPA020_Shell_152mm_HE_HC_Mk_34", "PAPA019_Shell_152mm_AP_AP_Mk_35" ],
          "antiAirAuraDistance" : 200.0,
          "antiAirAuraStrength" : 0.225,
          "barrelDiameter" : 0.152,
          "coeffPerSecondMin" : 0.3,
          "deadZone" : [ ],
          "delim" : 0.5,
          "ellipseRangeMax" : 250.0,
          "ellipseRangeMin" : 50.0,
          "horizSector" : [ -140.0, 140.0 ],
          "id" : 4106872816,
          "idealDistance" : 1000.0,
          "idealRadius" : 8.0,
          "index" : "PAGM179",
          "maxEllipseRanging" : 1.003,
          "medEllipseRanging" : 1.002,
          "minEllipseRanging" : 1.001,
          "minRadius" : 1.1,
          "name" : "PAGM179_6in47_Triple",
          "numBarrels" : 3,
          "onMoveTarPosCoeffDelim" : 1.001,
          "onMoveTarPosCoeffMaxDist" : 1.002,
          "onMoveTarPosCoeffZero" : 1.0,
          "onMoveTarPosDelim" : 0.1,
          "position" : [ 4.0, 1.0 ],
          "radiusOnDelim" : 0.5,
          "radiusOnMax" : 0.6,
          "radiusOnZero" : 0.2,
          "reduceTime" : 0.1,
          "rotationSpeed" : [ 8.0, 11.0 ],
          "shotDelay" : 6.5,
          "smokePenalty" : 1.0E-4,
          "typeinfo" : {
            "nation" : "USA",
            "species" : "Main",
            "type" : "Gun"
          },
          "vertSector" : [ -2.0, 60.0 ]
        }, {
          "ammoList" : [ "PAPA020_Shell_152mm_HE_HC_Mk_34", "PAPA019_Shell_152mm_AP_AP_Mk_35" ],
          "antiAirAuraDistance" : 200.0,
          "antiAirAuraStrength" : 0.225,
          "barrelDiameter" : 0.152,
          "coeffPerSecondMin" : 0.3,
          "deadZone" : [ ],
          "delim" : 0.5,
          "ellipseRangeMax" : 250.0,
          "ellipseRangeMin" : 50.0,
          "horizSector" : [ -140.0, 140.0 ],
          "id" : 4106872816,
          "idealDistance" : 1000.0,
          "idealRadius" : 8.0,
          "index" : "PAGM179",
          "maxEllipseRanging" : 1.003,
          "medEllipseRanging" : 1.002,
          "minEllipseRanging" : 1.001,
          "minRadius" : 1.1,
          "name" : "PAGM179_6in47_Triple",
          "numBarrels" : 3,
          "onMoveTarPosCoeffDelim" : 1.001,
          "onMoveTarPosCoeffMaxDist" : 1.002,
          "onMoveTarPosCoeffZero" : 1.0,
          "onMoveTarPosDelim" : 0.1,
          "position" : [ 5.0, 1.0 ],
          "radiusOnDelim" : 0.5,
          "radiusOnMax" : 0.6,
          "radiusOnZero" : 0.2,
          "reduceTime" : 0.1,
          "rotationSpeed" : [ 8.0, 11.0 ],
          "shotDelay" : 6.5,
          "smokePenalty" : 1.0E-4,
          "typeinfo" : {
            "nation" : "USA",
            "species" : "Main",
            "type" : "Gun"
          },
          "vertSector" : [ -2.0, 60.0 ]
        } ],
        "turretTypes" : {
          "3" : [ 4, "PAGM179_6in47_Triple" ]
        },
        "maxDist" : 14280.0,
        "minDistH" : 50.0,
        "minDistV" : 110.0,
        "normalDistribution" : true,
        "sigmaCount" : 2.05,
        "taperDist" : 4000.0,
        "GMIdealRadius" : 1.0,
        "barrelDiameter" : 0.152
      }
    },
    "hull" : {
      "A_Hull" : {
        "backwardPowerCoef" : 3.0,
        "buoyancy" : 200000.0,
        "burnNodes" : [ [ 0.6004, 0.3, 30.0 ], [ 0.6004, 0.3, 30.0 ], [ 0.6004, 0.3, 30.0 ], [ 0.6004, 0.3, 30.0 ] ],
        "burnProb" : 0.6004,
        "burnDamage" : 0.3,
        "burnTime" : 30.0,
        "burnSize" : 4.0,
        "deckHeight" : 6.0,
        "deepwaterVisibilityCoeff" : 0.1,
        "draft" : 7.1,
        "enginePower" : 125000.0,
        "floodNodes" : [ [ 0.32, 0.25, 40.0 ], [ 0.32, 0.25, 40.0 ] ],
        "floodProb" : 0.32,
        "floodProtection" : 4.0,
        "floodDamage" : 0.25,
        "floodTime" : 40.0,
        "floodSize" : 2.0,
        "health" : 41800.0,
        "mass" : 1.7675E7,
        "maxRudderAngle" : 30.0,
        "maxSpeed" : 33.0,
        "pushingMaxRudderAngle" : 16.0,
        "pushingMinRudderAngle" : 1.0,
        "rollEffect" : 32.0,
        "rudderPower" : 5.7E7,
        "rudderTime" : 15.78,
        "sideDragCoef" : 450000.0,
        "size" : [ 202.13, 20.88, 25.0 ],
        "smokeScanRadius" : 27.0,
        "speedCoef" : 1.0,
        "tonnage" : 16539.0,
        "torpedoImpactMassImpulseCoeff" : 0.5,
        "turningRadius" : 750.0,
        "underwaterVisibilityCoeff" : 0.5,
        "visibilityCoefATBA" : 1.0E-6,
        "visibilityCoefATBAByPlane" : 1.0E-6,
        "visibilityCoefFire" : 2.0,
        "visibilityCoefFireByPlane" : 3.0,
        "visibilityCoefGK" : 1.0E-6,
        "visibilityCoefGKByPlane" : 3.04,
        "visibilityCoefGKInSmoke" : 5.9,
        "visibilityCoeff" : 20.88,
        "visibilityFactor" : 12.24,
        "visibilityFactorByPlane" : 8.52,
        "visibilityFactorInSmoke" : 1.0E-6,
        "burnSizeSkill" : 4
      },
      "B_Hull" : {
        "backwardPowerCoef" : 3.0,
        "buoyancy" : 200000.0,
        "burnNodes" : [ [ 0.5671, 0.3, 30.0 ], [ 0.5671, 0.3, 30.0 ], [ 0.5671, 0.3, 30.0 ], [ 0.5671, 0.3, 30.0 ] ],
        "burnProb" : 0.5671,
        "burnDamage" : 0.3,
        "burnTime" : 30.0,
        "burnSize" : 4.0,
        "deckHeight" : 6.0,
        "deepwaterVisibilityCoeff" : 0.1,
        "draft" : 7.1,
        "enginePower" : 125000.0,
        "floodNodes" : [ [ 0.32, 0.25, 40.0 ], [ 0.32, 0.25, 40.0 ] ],
        "floodProb" : 0.32,
        "floodProtection" : 4.0,
        "floodDamage" : 0.25,
        "floodTime" : 40.0,
        "floodSize" : 2.0,
        "health" : 43600.0,
        "mass" : 1.7675E7,
        "maxRudderAngle" : 30.0,
        "maxSpeed" : 33.0,
        "pushingMaxRudderAngle" : 16.0,
        "pushingMinRudderAngle" : 1.0,
        "rollEffect" : 32.0,
        "rudderPower" : 5.7E7,
        "rudderTime" : 11.3,
        "sideDragCoef" : 450000.0,
        "size" : [ 202.13, 20.88, 25.0 ],
        "smokeScanRadius" : 27.0,
        "speedCoef" : 1.0,
        "tonnage" : 17675.0,
        "torpedoImpactMassImpulseCoeff" : 0.5,
        "turningRadius" : 750.0,
        "underwaterVisibilityCoeff" : 0.5,
        "visibilityCoefATBA" : 1.0E-6,
        "visibilityCoefATBAByPlane" : 1.0E-6,
        "visibilityCoefFire" : 2.0,
        "visibilityCoefFireByPlane" : 3.0,
        "visibilityCoefGK" : 1.0E-6,
        "visibilityCoefGKByPlane" : 3.04,
        "visibilityCoefGKInSmoke" : 5.9,
        "visibilityCoeff" : 20.88,
        "visibilityFactor" : 12.24,
        "visibilityFactorByPlane" : 8.52,
        "visibilityFactorInSmoke" : 1.0E-6,
        "burnSizeSkill" : 4
      }
    },
    "suo" : {
      "AB1_FireControl" : {
        "maxDistCoef" : 1.0,
        "sigmaCountCoef" : 1.0
      },
      "AB2_FireControl" : {
        "maxDistCoef" : 1.1,
        "sigmaCountCoef" : 1.0
      }
    },
    "engine" : {
      "AB_Engine" : {
        "backwardEngineForsag" : 2.5,
        "backwardEngineForsagMaxSpeed" : 2.5,
        "backwardEngineUpTime" : 20.0,
        "backwardSpeedOnFlood" : -0.6,
        "damagedEnginePowerMultiplier" : -0.26,
        "damagedEnginePowerTimeMultiplier" : 5.5,
        "forwardEngineForsag" : 2.5,
        "forwardEngineForsagMaxSpeed" : 2.5,
        "forwardEngineUpTime" : 40.0,
        "forwardSpeedOnFlood" : -0.3,
        "histEnginePower" : 125000.0
      }
    }
  },
  "shipAbilities" : {
    "AbilitySlot0" : {
      "abils" : [ [ "PCY001_CrashCrew", "CV_CA_CL" ], [ "PCY009_CrashCrewPremium", "CV_CA_CL_Gold" ], [ "PCY023_CrashCrewSuper", "CV_CA_CL" ] ],
      "slot" : 0
    },
    "AbilitySlot1" : {
      "abils" : [ [ "PCY003_AirDefenseDisp", "US_Cruisers" ], [ "PCY011_AirDefenseDispPremium", "US_Cruisers_Gold" ], [ "PCY025_AirDefenseDispSuper", "US_Cruisers" ] ],
      "slot" : 1
    },
    "AbilitySlot2" : {
      "abils" : [ [ "PCY019_RLSSearch", "US_9_CL" ], [ "PCY020_RLSSearchPremium", "US_9_CL" ], [ "PCY032_RLSSearchSuper", "US_9_CL" ] ],
      "slot" : 2
    },
    "AbilitySlot3" : {
      "abils" : [ [ "PCY002_RegenCrew", "C" ], [ "PCY010_RegenCrewPremium", "C_Gold" ], [ "PCY024_RegenCrewSuper", "C" ] ],
      "slot" : 3
    },
    "AbilitySlot4" : {
      "abils" : [ [ "PCY008_SonarSearch", "C_8_10" ], [ "PCY016_SonarSearchPremium", "C_8_10" ], [ "PCY030_SonarSearchSuper", "C_8_10" ] ],
      "slot" : 4
    }
  },
  "shipUpgradeInfo" : {
    "components" : {
      "flightControl" : [ ],
      "artillery" : [ {
        "name" : "PAUA803_CL9_ART_STOCK",
        "ucType" : "_Artillery",
        "position" : 1,
        "elem" : 1,
        "prevType" : "artillery",
        "prevPosition" : 0,
        "components" : {
          "artillery" : [ "A_Artillery", "B_Artillery" ]
        },
        "ucTypeShort" : "artillery",
        "image" : "https://cdn.wowsft.com/images/modules/module_artillery.png"
      } ],
      "hull" : [ {
        "disabledAbilities" : [ ],
        "name" : "PAUH803_SEATTLE_A",
        "ucType" : "_Hull",
        "position" : 1,
        "elem" : 2,
        "prevType" : "hull",
        "prevPosition" : 0,
        "components" : {
          "airArmament" : [ "AB_AirArmament" ],
          "airDefense" : [ "A_AirDefense" ],
          "artillery" : [ "A_Artillery" ],
          "atba" : [ ],
          "hull" : [ "A_Hull" ],
          "torpedoes" : [ ]
        },
        "ucTypeShort" : "hull",
        "image" : "https://cdn.wowsft.com/images/modules/module_hull.png"
      }, {
        "disabledAbilities" : [ ],
        "nextShips" : [ "PASC210_Worcester" ],
        "name" : "PAUH804_SEATTLE_B",
        "prev" : "PAUH803_SEATTLE_A",
        "ucType" : "_Hull",
        "position" : 2,
        "elem" : 2,
        "prevType" : "hull",
        "prevPosition" : 1,
        "prevElem" : 2,
        "components" : {
          "airArmament" : [ "AB_AirArmament" ],
          "airDefense" : [ "B_AirDefense" ],
          "artillery" : [ "B_Artillery" ],
          "atba" : [ ],
          "hull" : [ "B_Hull" ],
          "torpedoes" : [ ]
        },
        "ucTypeShort" : "hull",
        "image" : "https://cdn.wowsft.com/images/modules/module_hull.png"
      } ],
      "torpedoes" : [ ],
      "suo" : [ {
        "name" : "PAUS803_CL9_STOCK_SUO",
        "ucType" : "_Suo",
        "position" : 1,
        "elem" : 4,
        "prevType" : "suo",
        "prevPosition" : 0,
        "components" : {
          "suo" : [ "AB1_FireControl" ]
        },
        "ucTypeShort" : "suo",
        "image" : "https://cdn.wowsft.com/images/modules/module_suo.png"
      }, {
        "name" : "PAUS804_CL9_TOP_SUO",
        "prev" : "PAUS803_CL9_STOCK_SUO",
        "ucType" : "_Suo",
        "position" : 2,
        "elem" : 4,
        "prevType" : "suo",
        "prevPosition" : 1,
        "prevElem" : 4,
        "components" : {
          "suo" : [ "AB2_FireControl" ]
        },
        "ucTypeShort" : "suo",
        "image" : "https://cdn.wowsft.com/images/modules/module_suo.png"
      } ],
      "fighter" : [ ],
      "torpedoBomber" : [ ],
      "diveBomber" : [ ],
      "engine" : [ {
        "name" : "PAUE803_CL9_ENG_STOCK",
        "ucType" : "_Engine",
        "position" : 1,
        "elem" : 8,
        "prevType" : "engine",
        "prevPosition" : 0,
        "components" : {
          "engine" : [ "AB_Engine" ]
        },
        "ucTypeShort" : "engine",
        "image" : "https://cdn.wowsft.com/images/modules/module_engine.png"
      } ]
    },
    "cols" : {
      "flightControl" : 0,
      "artillery" : 1,
      "hull" : 1,
      "torpedoes" : 0,
      "suo" : 1,
      "fighter" : 0,
      "torpedoBomber" : 0,
      "diveBomber" : 0,
      "engine" : 1
    },
    "maxRows" : 2,
    "costCR" : 14100000,
    "costXP" : 169000,
    "lockedConfig" : [ ],
    "value" : 1
  },
  "canEquipCamouflage" : true,
  "group" : "upgradeable",
  "id" : 4075730928,
  "index" : "PASC209",
  "paperShip" : true,
  "level" : 9,
  "maxEquippedFlags" : 8,
  "name" : "PASC209_Seattle",
  "navalFlag" : "usa",
  "needShowProjectYear" : true,
  "peculiarity" : "default",
  "steerAngle" : [ 0.2, 0.7, 1.0 ],
  "typeinfo" : {
    "nation" : "USA",
    "species" : "Cruiser",
    "type" : "Ship"
  },
  "realShipType" : "Cruiser",
  "realShipTypeId" : "CRUISER",
  "research" : true,
  "prevShipIndex" : "PASC208",
  "prevShipName" : "PASC208_Cleveland",
  "prevShipXP" : 110000,
  "prevShipCompXP" : 28000,
  "typeImage" : "https://cdn.wowsft.com/images/vehicles/types/Cruiser/normal.png",
  "imageSmall" : "https://cdn.wowsft.com/images/vehicles/ship_previews/PASC209.png"
}