{
  "components" : {
    "airArmament" : {
      "AB_AirArmament" : {
        "auraCoeff" : 1.0,
        "deckPlaceCount" : 0.0,
        "launchPrepareTime" : 0.0,
        "launchpadType" : "catapult",
        "planesReserveCapacity" : 0.0,
        "independentLaunchpad" : false
      },
      "C_AirArmament" : {
        "auraCoeff" : 1.0,
        "deckPlaceCount" : 0.0,
        "launchPrepareTime" : 0.0,
        "launchpadType" : "catapult",
        "planesReserveCapacity" : 0.0,
        "independentLaunchpad" : false
      }
    },
    "airDefense" : {
      "A_AirDefense" : {
        "auraMedium" : [ {
          "areaDamage" : 6.0,
          "areaDamageFrequency" : 0.2857143,
          "enableBarrage" : true,
          "guns" : [ "HP_AGA_1", "HP_AGA_2", "HP_AGA_3", "HP_AGA_4" ],
          "hitChance" : 0.9,
          "joint" : true,
          "maxDistance" : 3500.0,
          "minDistance" : 100.0,
          "shotDelay" : 0.5,
          "shotTravelTime" : 1.5,
          "type" : "medium"
        } ],
        "ownerlessTracesScatterCoefficient" : 1.0,
        "sectors" : [ [ 0.0, 180.0 ], [ 180.0, 0.0 ] ],
        "prioritySectorPhases" : [ [ 5.0, "linear", 0.035, 1.0, 1.5 ], [ 5.0, "linear", 0.0, 1.5, 1.5 ] ],
        "prioritySectorPreparation" : 5.0,
        "prioritySectorDuration" : 5.0,
        "prioritySectorDamageInitial" : 0.035,
        "prioritySectorCoefficientInitial" : 1.0,
        "prioritySectorCoefficientDuring" : 1.5
      },
      "B_AirDefense" : {
        "auraNear" : [ {
          "areaDamage" : 18.0,
          "areaDamageFrequency" : 0.2857143,
          "enableBarrage" : true,
          "guns" : [ "HP_AGA_7", "HP_AGA_8", "HP_AGA_1", "HP_AGA_2", "HP_AGA_3", "HP_AGA_4", "HP_AGA_11", "HP_AGA_12" ],
          "hitChance" : 0.85,
          "joint" : true,
          "maxDistance" : 2400.0,
          "minDistance" : 100.0,
          "shotDelay" : 0.1,
          "shotTravelTime" : 1.0,
          "type" : "near"
        }, {
          "areaDamage" : 15.0,
          "areaDamageFrequency" : 0.2857143,
          "enableBarrage" : true,
          "guns" : [ "HP_AGA_10", "HP_AGA_9", "HP_AGA_5", "HP_AGA_6" ],
          "hitChance" : 0.85,
          "joint" : true,
          "maxDistance" : 2400.0,
          "minDistance" : 100.0,
          "shotDelay" : 0.1,
          "shotTravelTime" : 1.0,
          "type" : "near"
        } ],
        "ownerlessTracesScatterCoefficient" : 1.0,
        "sectors" : [ [ 0.0, 180.0 ], [ 180.0, 0.0 ] ],
        "prioritySectorPhases" : [ [ 5.0, "linear", 0.035, 1.0, 1.5 ], [ 5.0, "linear", 0.0, 1.5, 1.5 ] ],
        "prioritySectorPreparation" : 5.0,
        "prioritySectorDuration" : 5.0,
        "prioritySectorDamageInitial" : 0.035,
        "prioritySectorCoefficientInitial" : 1.0,
        "prioritySectorCoefficientDuring" : 1.5
      },
      "C_AirDefense" : {
        "auraMedium" : [ {
          "areaDamage" : 15.0,
          "areaDamageFrequency" : 0.2857143,
          "enableBarrage" : true,
          "guns" : [ "HP_AGA_6", "HP_AGA_7", "HP_AGA_8", "HP_AGA_9", "HP_AGA_10", "HP_AGA_11", "HP_AGA_12", "HP_AGA_13" ],
          "hitChance" : 0.9,
          "joint" : true,
          "maxDistance" : 3500.0,
          "minDistance" : 100.0,
          "shotDelay" : 0.5,
          "shotTravelTime" : 1.5,
          "type" : "medium"
        }, {
          "areaDamage" : 22.0,
          "areaDamageFrequency" : 0.2857143,
          "enableBarrage" : true,
          "guns" : [ "HP_AGA_20", "HP_AGA_21", "HP_AGA_1" ],
          "hitChance" : 0.9,
          "joint" : true,
          "maxDistance" : 3500.0,
          "minDistance" : 100.0,
          "shotDelay" : 0.5,
          "shotTravelTime" : 1.5,
          "type" : "medium"
        } ],
        "auraNear" : [ {
          "areaDamage" : 28.0,
          "areaDamageFrequency" : 0.2857143,
          "enableBarrage" : true,
          "guns" : [ "HP_AGA_19", "HP_AGA_17", "HP_AGA_15", "HP_AGA_18", "HP_AGA_16", "HP_AGA_14", "HP_AGA_2", "HP_AGA_3", "HP_AGA_4", "HP_AGA_5" ],
          "hitChance" : 0.85,
          "joint" : true,
          "maxDistance" : 2000.0,
          "minDistance" : 100.0,
          "shotDelay" : 0.1,
          "shotTravelTime" : 1.0,
          "type" : "near"
        } ],
        "ownerlessTracesScatterCoefficient" : 1.0,
        "sectors" : [ [ 0.0, 180.0 ], [ 180.0, 0.0 ] ],
        "prioritySectorPhases" : [ [ 5.0, "linear", 0.035, 1.0, 1.5 ], [ 5.0, "linear", 0.0, 1.5, 1.5 ] ],
        "prioritySectorPreparation" : 5.0,
        "prioritySectorDuration" : 5.0,
        "prioritySectorDamageInitial" : 0.035,
        "prioritySectorCoefficientInitial" : 1.0,
        "prioritySectorCoefficientDuring" : 1.5
      }
    },
    "artillery" : {
      "A1_152_53" : {
        "turrets" : [ {
          "ammoList" : [ "PAPA030_Shell_152mm_HE_HC_Mark_34_Mod_1", "PAPA061_SHELL_152MM_AP_SC_MK_27_MOD_5" ],
          "barrelDiameter" : 0.152,
          "coeffPerSecondMin" : 0.3,
          "deadZone" : [ ],
          "delim" : 0.5,
          "ellipseRangeMax" : 250.0,
          "ellipseRangeMin" : 50.0,
          "horizSector" : [ -144.0, 144.0 ],
          "id" : 4262062064,
          "idealDistance" : 1000.0,
          "idealRadius" : 8.0,
          "index" : "PAGM031",
          "maxEllipseRanging" : 1.003,
          "medEllipseRanging" : 1.002,
          "minEllipseRanging" : 1.001,
          "minRadius" : 1.1,
          "name" : "PAGM031_6in53_Mk16_Twin",
          "numBarrels" : 2,
          "onMoveTarPosCoeffDelim" : 1.001,
          "onMoveTarPosCoeffMaxDist" : 1.002,
          "onMoveTarPosCoeffZero" : 1.0,
          "onMoveTarPosDelim" : 0.1,
          "position" : [ -0.75, 1.0 ],
          "radiusOnDelim" : 0.5,
          "radiusOnMax" : 0.6,
          "radiusOnZero" : 0.2,
          "reduceTime" : 0.1,
          "rotationSpeed" : [ 8.0, 7.5 ],
          "shotDelay" : 8.0,
          "smokePenalty" : 1.0E-4,
          "typeinfo" : {
            "nation" : "USA",
            "species" : "Main",
            "type" : "Gun"
          },
          "vertSector" : [ -2.0, 30.0 ]
        }, {
          "ammoList" : [ "PAPA030_Shell_152mm_HE_HC_Mark_34_Mod_1", "PAPA061_SHELL_152MM_AP_SC_MK_27_MOD_5" ],
          "barrelDiameter" : 0.152,
          "coeffPerSecondMin" : 0.3,
          "deadZone" : [ ],
          "delim" : 0.5,
          "ellipseRangeMax" : 250.0,
          "ellipseRangeMin" : 50.0,
          "horizSector" : [ -150.0, 150.0 ],
          "id" : 4262062064,
          "idealDistance" : 1000.0,
          "idealRadius" : 8.0,
          "index" : "PAGM031",
          "maxEllipseRanging" : 1.003,
          "medEllipseRanging" : 1.002,
          "minEllipseRanging" : 1.001,
          "minRadius" : 1.1,
          "name" : "PAGM031_6in53_Mk16_Twin",
          "numBarrels" : 2,
          "onMoveTarPosCoeffDelim" : 1.001,
          "onMoveTarPosCoeffMaxDist" : 1.002,
          "onMoveTarPosCoeffZero" : 1.0,
          "onMoveTarPosDelim" : 0.1,
          "position" : [ 6.0, 1.0 ],
          "radiusOnDelim" : 0.5,
          "radiusOnMax" : 0.6,
          "radiusOnZero" : 0.2,
          "reduceTime" : 0.1,
          "rotationSpeed" : [ 8.0, 7.5 ],
          "shotDelay" : 8.0,
          "smokePenalty" : 1.0E-4,
          "typeinfo" : {
            "nation" : "USA",
            "species" : "Main",
            "type" : "Gun"
          },
          "vertSector" : [ -2.0, 30.0 ]
        }, {
          "ammoList" : [ "PAPA030_Shell_152mm_HE_HC_Mark_34_Mod_1", "PAPA061_SHELL_152MM_AP_SC_MK_27_MOD_5" ],
          "barrelDiameter" : 0.152,
          "coeffPerSecondMin" : 0.3,
          "deadZone" : [ ],
          "delim" : 0.5,
          "ellipseRangeMax" : 250.0,
          "ellipseRangeMin" : 50.0,
          "horizSector" : [ -150.0, 4.0 ],
          "id" : 4139378672,
          "idealDistance" : 1000.0,
          "idealRadius" : 8.0,
          "index" : "PAGM148",
          "maxEllipseRanging" : 1.003,
          "medEllipseRanging" : 1.002,
          "minEllipseRanging" : 1.001,
          "minRadius" : 1.1,
          "name" : "PAGM148_6in53_Mk13_Single",
          "numBarrels" : 1,
          "onMoveTarPosCoeffDelim" : 1.001,
          "onMoveTarPosCoeffMaxDist" : 1.002,
          "onMoveTarPosCoeffZero" : 1.0,
          "onMoveTarPosDelim" : 0.1,
          "position" : [ 0.25, 1.75 ],
          "radiusOnDelim" : 0.5,
          "radiusOnMax" : 0.6,
          "radiusOnZero" : 0.2,
          "reduceTime" : 0.1,
          "rotationSpeed" : [ 8.0, 7.5 ],
          "shotDelay" : 8.0,
          "smokePenalty" : 1.0E-4,
          "typeinfo" : {
            "nation" : "USA",
            "species" : "Main",
            "type" : "Gun"
          },
          "vertSector" : [ -2.0, 20.0 ]
        }, {
          "ammoList" : [ "PAPA030_Shell_152mm_HE_HC_Mark_34_Mod_1", "PAPA061_SHELL_152MM_AP_SC_MK_27_MOD_5" ],
          "barrelDiameter" : 0.152,
          "coeffPerSecondMin" : 0.3,
          "deadZone" : [ ],
          "delim" : 0.5,
          "ellipseRangeMax" : 250.0,
          "ellipseRangeMin" : 50.0,
          "horizSector" : [ -4.0, 150.0 ],
          "id" : 4139378672,
          "idealDistance" : 1000.0,
          "idealRadius" : 8.0,
          "index" : "PAGM148",
          "maxEllipseRanging" : 1.003,
          "medEllipseRanging" : 1.002,
          "minEllipseRanging" : 1.001,
          "minRadius" : 1.1,
          "name" : "PAGM148_6in53_Mk13_Single",
          "numBarrels" : 1,
          "onMoveTarPosCoeffDelim" : 1.001,
          "onMoveTarPosCoeffMaxDist" : 1.002,
          "onMoveTarPosCoeffZero" : 1.0,
          "onMoveTarPosDelim" : 0.1,
          "position" : [ 0.25, 0.25 ],
          "radiusOnDelim" : 0.5,
          "radiusOnMax" : 0.6,
          "radiusOnZero" : 0.2,
          "reduceTime" : 0.1,
          "rotationSpeed" : [ 8.0, 7.5 ],
          "shotDelay" : 8.0,
          "smokePenalty" : 1.0E-4,
          "typeinfo" : {
            "nation" : "USA",
            "species" : "Main",
            "type" : "Gun"
          },
          "vertSector" : [ -2.0, 20.0 ]
        }, {
          "ammoList" : [ "PAPA030_Shell_152mm_HE_HC_Mark_34_Mod_1", "PAPA061_SHELL_152MM_AP_SC_MK_27_MOD_5" ],
          "barrelDiameter" : 0.152,
          "coeffPerSecondMin" : 0.3,
          "deadZone" : [ ],
          "delim" : 0.5,
          "ellipseRangeMax" : 250.0,
          "ellipseRangeMin" : 50.0,
          "horizSector" : [ -140.0, 4.0 ],
          "id" : 4199147504,
          "idealDistance" : 1000.0,
          "idealRadius" : 8.0,
          "index" : "PAGM091",
          "maxEllipseRanging" : 1.003,
          "medEllipseRanging" : 1.002,
          "minEllipseRanging" : 1.001,
          "minRadius" : 1.1,
          "name" : "PAGM091_6in53_Mk13_Single",
          "numBarrels" : 1,
          "onMoveTarPosCoeffDelim" : 1.001,
          "onMoveTarPosCoeffMaxDist" : 1.002,
          "onMoveTarPosCoeffZero" : 1.0,
          "onMoveTarPosDelim" : 0.1,
          "position" : [ 1.25, 2.0 ],
          "radiusOnDelim" : 0.5,
          "radiusOnMax" : 0.6,
          "radiusOnZero" : 0.2,
          "reduceTime" : 0.1,
          "rotationSpeed" : [ 8.0, 7.5 ],
          "shotDelay" : 8.0,
          "smokePenalty" : 1.0E-4,
          "typeinfo" : {
            "nation" : "USA",
            "species" : "Main",
            "type" : "Gun"
          },
          "vertSector" : [ -2.0, 20.0 ]
        }, {
          "ammoList" : [ "PAPA030_Shell_152mm_HE_HC_Mark_34_Mod_1", "PAPA061_SHELL_152MM_AP_SC_MK_27_MOD_5" ],
          "barrelDiameter" : 0.152,
          "coeffPerSecondMin" : 0.3,
          "deadZone" : [ ],
          "delim" : 0.5,
          "ellipseRangeMax" : 250.0,
          "ellipseRangeMin" : 50.0,
          "horizSector" : [ -4.0, 140.0 ],
          "id" : 4199147504,
          "idealDistance" : 1000.0,
          "idealRadius" : 8.0,
          "index" : "PAGM091",
          "maxEllipseRanging" : 1.003,
          "medEllipseRanging" : 1.002,
          "minEllipseRanging" : 1.001,
          "minRadius" : 1.1,
          "name" : "PAGM091_6in53_Mk13_Single",
          "numBarrels" : 1,
          "onMoveTarPosCoeffDelim" : 1.001,
          "onMoveTarPosCoeffMaxDist" : 1.002,
          "onMoveTarPosCoeffZero" : 1.0,
          "onMoveTarPosDelim" : 0.1,
          "position" : [ 1.25, 0.0 ],
          "radiusOnDelim" : 0.5,
          "radiusOnMax" : 0.6,
          "radiusOnZero" : 0.2,
          "reduceTime" : 0.1,
          "rotationSpeed" : [ 8.0, 7.5 ],
          "shotDelay" : 8.0,
          "smokePenalty" : 1.0E-4,
          "typeinfo" : {
            "nation" : "USA",
            "species" : "Main",
            "type" : "Gun"
          },
          "vertSector" : [ -2.0, 20.0 ]
        }, {
          "ammoList" : [ "PAPA030_Shell_152mm_HE_HC_Mark_34_Mod_1", "PAPA061_SHELL_152MM_AP_SC_MK_27_MOD_5" ],
          "barrelDiameter" : 0.152,
          "coeffPerSecondMin" : 0.3,
          "deadZone" : [ ],
          "delim" : 0.5,
          "ellipseRangeMax" : 250.0,
          "ellipseRangeMin" : 50.0,
          "horizSector" : [ -25.0, 135.0 ],
          "id" : 4139378672,
          "idealDistance" : 1000.0,
          "idealRadius" : 8.0,
          "index" : "PAGM148",
          "maxEllipseRanging" : 1.003,
          "medEllipseRanging" : 1.002,
          "minEllipseRanging" : 1.001,
          "minRadius" : 1.1,
          "name" : "PAGM148_6in53_Mk13_Single",
          "numBarrels" : 1,
          "onMoveTarPosCoeffDelim" : 1.001,
          "onMoveTarPosCoeffMaxDist" : 1.002,
          "onMoveTarPosCoeffZero" : 1.0,
          "onMoveTarPosDelim" : 0.1,
          "position" : [ 4.25, 2.0 ],
          "radiusOnDelim" : 0.5,
          "radiusOnMax" : 0.6,
          "radiusOnZero" : 0.2,
          "reduceTime" : 0.1,
          "rotationSpeed" : [ 8.0, 7.5 ],
          "shotDelay" : 8.0,
          "smokePenalty" : 1.0E-4,
          "typeinfo" : {
            "nation" : "USA",
            "species" : "Main",
            "type" : "Gun"
          },
          "vertSector" : [ -2.0, 20.0 ]
        }, {
          "ammoList" : [ "PAPA030_Shell_152mm_HE_HC_Mark_34_Mod_1", "PAPA061_SHELL_152MM_AP_SC_MK_27_MOD_5" ],
          "barrelDiameter" : 0.152,
          "coeffPerSecondMin" : 0.3,
          "deadZone" : [ ],
          "delim" : 0.5,
          "ellipseRangeMax" : 250.0,
          "ellipseRangeMin" : 50.0,
          "horizSector" : [ -135.0, 25.0 ],
          "id" : 4139378672,
          "idealDistance" : 1000.0,
          "idealRadius" : 8.0,
          "index" : "PAGM148",
          "maxEllipseRanging" : 1.003,
          "medEllipseRanging" : 1.002,
          "minEllipseRanging" : 1.001,
          "minRadius" : 1.1,
          "name" : "PAGM148_6in53_Mk13_Single",
          "numBarrels" : 1,
          "onMoveTarPosCoeffDelim" : 1.001,
          "onMoveTarPosCoeffMaxDist" : 1.002,
          "onMoveTarPosCoeffZero" : 1.0,
          "onMoveTarPosDelim" : 0.1,
          "position" : [ 4.25, 0.0 ],
          "radiusOnDelim" : 0.5,
          "radiusOnMax" : 0.6,
          "radiusOnZero" : 0.2,
          "reduceTime" : 0.1,
          "rotationSpeed" : [ 8.0, 7.5 ],
          "shotDelay" : 8.0,
          "smokePenalty" : 1.0E-4,
          "typeinfo" : {
            "nation" : "USA",
            "species" : "Main",
            "type" : "Gun"
          },
          "vertSector" : [ -2.0, 20.0 ]
        }, {
          "ammoList" : [ "PAPA030_Shell_152mm_HE_HC_Mark_34_Mod_1", "PAPA061_SHELL_152MM_AP_SC_MK_27_MOD_5" ],
          "barrelDiameter" : 0.152,
          "coeffPerSecondMin" : 0.3,
          "deadZone" : [ ],
          "delim" : 0.5,
          "ellipseRangeMax" : 250.0,
          "ellipseRangeMin" : 50.0,
          "horizSector" : [ -13.0, 150.0 ],
          "id" : 4139378672,
          "idealDistance" : 1000.0,
          "idealRadius" : 8.0,
          "index" : "PAGM148",
          "maxEllipseRanging" : 1.003,
          "medEllipseRanging" : 1.002,
          "minEllipseRanging" : 1.001,
          "minRadius" : 1.1,
          "name" : "PAGM148_6in53_Mk13_Single",
          "numBarrels" : 1,
          "onMoveTarPosCoeffDelim" : 1.001,
          "onMoveTarPosCoeffMaxDist" : 1.002,
          "onMoveTarPosCoeffZero" : 1.0,
          "onMoveTarPosDelim" : 0.1,
          "position" : [ 5.25, 2.0 ],
          "radiusOnDelim" : 0.5,
          "radiusOnMax" : 0.6,
          "radiusOnZero" : 0.2,
          "reduceTime" : 0.1,
          "rotationSpeed" : [ 8.0, 7.5 ],
          "shotDelay" : 8.0,
          "smokePenalty" : 1.0E-4,
          "typeinfo" : {
            "nation" : "USA",
            "species" : "Main",
            "type" : "Gun"
          },
          "vertSector" : [ -2.0, 20.0 ]
        }, {
          "ammoList" : [ "PAPA030_Shell_152mm_HE_HC_Mark_34_Mod_1", "PAPA061_SHELL_152MM_AP_SC_MK_27_MOD_5" ],
          "barrelDiameter" : 0.152,
          "coeffPerSecondMin" : 0.3,
          "deadZone" : [ ],
          "delim" : 0.5,
          "ellipseRangeMax" : 250.0,
          "ellipseRangeMin" : 50.0,
          "horizSector" : [ -150.0, 13.0 ],
          "id" : 4139378672,
          "idealDistance" : 1000.0,
          "idealRadius" : 8.0,
          "index" : "PAGM148",
          "maxEllipseRanging" : 1.003,
          "medEllipseRanging" : 1.002,
          "minEllipseRanging" : 1.001,
          "minRadius" : 1.1,
          "name" : "PAGM148_6in53_Mk13_Single",
          "numBarrels" : 1,
          "onMoveTarPosCoeffDelim" : 1.001,
          "onMoveTarPosCoeffMaxDist" : 1.002,
          "onMoveTarPosCoeffZero" : 1.0,
          "onMoveTarPosDelim" : 0.1,
          "position" : [ 5.25, 0.25 ],
          "radiusOnDelim" : 0.5,
          "radiusOnMax" : 0.6,
          "radiusOnZero" : 0.2,
          "reduceTime" : 0.1,
          "rotationSpeed" : [ 8.0, 7.5 ],
          "shotDelay" : 8.0,
          "smokePenalty" : 1.0E-4,
          "typeinfo" : {
            "nation" : "USA",
            "species" : "Main",
            "type" : "Gun"
          },
          "vertSector" : [ -2.0, 20.0 ]
        } ],
        "turretTypes" : {
          "2" : [ 2, "PAGM031_6in53_Mk16_Twin" ],
          "1" : [ 8, "PAGM148_6in53_Mk13_Single" ]
        },
        "maxDist" : 13830.0,
        "minDistH" : 134.0,
        "minDistV" : 439.0,
        "normalDistribution" : true,
        "sigmaCount" : 2.0,
        "taperDist" : 4000.0,
        "GMIdealRadius" : 1.0,
        "barrelDiameter" : 0.152
      },
      "B1_152_53" : {
        "turrets" : [ {
          "ammoList" : [ "PAPA030_Shell_152mm_HE_HC_Mark_34_Mod_1", "PAPA061_SHELL_152MM_AP_SC_MK_27_MOD_5" ],
          "barrelDiameter" : 0.152,
          "coeffPerSecondMin" : 0.3,
          "deadZone" : [ ],
          "delim" : 0.5,
          "ellipseRangeMax" : 250.0,
          "ellipseRangeMin" : 50.0,
          "horizSector" : [ -144.0, 144.0 ],
          "id" : 4262062064,
          "idealDistance" : 1000.0,
          "idealRadius" : 8.0,
          "index" : "PAGM031",
          "maxEllipseRanging" : 1.003,
          "medEllipseRanging" : 1.002,
          "minEllipseRanging" : 1.001,
          "minRadius" : 1.1,
          "name" : "PAGM031_6in53_Mk16_Twin",
          "numBarrels" : 2,
          "onMoveTarPosCoeffDelim" : 1.001,
          "onMoveTarPosCoeffMaxDist" : 1.002,
          "onMoveTarPosCoeffZero" : 1.0,
          "onMoveTarPosDelim" : 0.1,
          "position" : [ -0.75, 1.0 ],
          "radiusOnDelim" : 0.5,
          "radiusOnMax" : 0.6,
          "radiusOnZero" : 0.2,
          "reduceTime" : 0.1,
          "rotationSpeed" : [ 8.0, 7.5 ],
          "shotDelay" : 8.0,
          "smokePenalty" : 1.0E-4,
          "typeinfo" : {
            "nation" : "USA",
            "species" : "Main",
            "type" : "Gun"
          },
          "vertSector" : [ -2.0, 30.0 ]
        }, {
          "ammoList" : [ "PAPA030_Shell_152mm_HE_HC_Mark_34_Mod_1", "PAPA061_SHELL_152MM_AP_SC_MK_27_MOD_5" ],
          "barrelDiameter" : 0.152,
          "coeffPerSecondMin" : 0.3,
          "deadZone" : [ ],
          "delim" : 0.5,
          "ellipseRangeMax" : 250.0,
          "ellipseRangeMin" : 50.0,
          "horizSector" : [ -150.0, 150.0 ],
          "id" : 4262062064,
          "idealDistance" : 1000.0,
          "idealRadius" : 8.0,
          "index" : "PAGM031",
          "maxEllipseRanging" : 1.003,
          "medEllipseRanging" : 1.002,
          "minEllipseRanging" : 1.001,
          "minRadius" : 1.1,
          "name" : "PAGM031_6in53_Mk16_Twin",
          "numBarrels" : 2,
          "onMoveTarPosCoeffDelim" : 1.001,
          "onMoveTarPosCoeffMaxDist" : 1.002,
          "onMoveTarPosCoeffZero" : 1.0,
          "onMoveTarPosDelim" : 0.1,
          "position" : [ 6.0, 1.0 ],
          "radiusOnDelim" : 0.5,
          "radiusOnMax" : 0.6,
          "radiusOnZero" : 0.2,
          "reduceTime" : 0.1,
          "rotationSpeed" : [ 8.0, 7.5 ],
          "shotDelay" : 8.0,
          "smokePenalty" : 1.0E-4,
          "typeinfo" : {
            "nation" : "USA",
            "species" : "Main",
            "type" : "Gun"
          },
          "vertSector" : [ -2.0, 30.0 ]
        }, {
          "ammoList" : [ "PAPA030_Shell_152mm_HE_HC_Mark_34_Mod_1", "PAPA061_SHELL_152MM_AP_SC_MK_27_MOD_5" ],
          "barrelDiameter" : 0.152,
          "coeffPerSecondMin" : 0.3,
          "deadZone" : [ ],
          "delim" : 0.5,
          "ellipseRangeMax" : 250.0,
          "ellipseRangeMin" : 50.0,
          "horizSector" : [ -150.0, 4.0 ],
          "id" : 4139378672,
          "idealDistance" : 1000.0,
          "idealRadius" : 8.0,
          "index" : "PAGM148",
          "maxEllipseRanging" : 1.003,
          "medEllipseRanging" : 1.002,
          "minEllipseRanging" : 1.001,
          "minRadius" : 1.1,
          "name" : "PAGM148_6in53_Mk13_Single",
          "numBarrels" : 1,
          "onMoveTarPosCoeffDelim" : 1.001,
          "onMoveTarPosCoeffMaxDist" : 1.002,
          "onMoveTarPosCoeffZero" : 1.0,
          "onMoveTarPosDelim" : 0.1,
          "position" : [ 0.25, 1.75 ],
          "radiusOnDelim" : 0.5,
          "radiusOnMax" : 0.6,
          "radiusOnZero" : 0.2,
          "reduceTime" : 0.1,
          "rotationSpeed" : [ 8.0, 7.5 ],
          "shotDelay" : 8.0,
          "smokePenalty" : 1.0E-4,
          "typeinfo" : {
            "nation" : "USA",
            "species" : "Main",
            "type" : "Gun"
          },
          "vertSector" : [ -2.0, 20.0 ]
        }, {
          "ammoList" : [ "PAPA030_Shell_152mm_HE_HC_Mark_34_Mod_1", "PAPA061_SHELL_152MM_AP_SC_MK_27_MOD_5" ],
          "barrelDiameter" : 0.152,
          "coeffPerSecondMin" : 0.3,
          "deadZone" : [ ],
          "delim" : 0.5,
          "ellipseRangeMax" : 250.0,
          "ellipseRangeMin" : 50.0,
          "horizSector" : [ -4.0, 150.0 ],
          "id" : 4139378672,
          "idealDistance" : 1000.0,
          "idealRadius" : 8.0,
          "index" : "PAGM148",
          "maxEllipseRanging" : 1.003,
          "medEllipseRanging" : 1.002,
          "minEllipseRanging" : 1.001,
          "minRadius" : 1.1,
          "name" : "PAGM148_6in53_Mk13_Single",
          "numBarrels" : 1,
          "onMoveTarPosCoeffDelim" : 1.001,
          "onMoveTarPosCoeffMaxDist" : 1.002,
          "onMoveTarPosCoeffZero" : 1.0,
          "onMoveTarPosDelim" : 0.1,
          "position" : [ 0.25, 0.25 ],
          "radiusOnDelim" : 0.5,
          "radiusOnMax" : 0.6,
          "radiusOnZero" : 0.2,
          "reduceTime" : 0.1,
          "rotationSpeed" : [ 8.0, 7.5 ],
          "shotDelay" : 8.0,
          "smokePenalty" : 1.0E-4,
          "typeinfo" : {
            "nation" : "USA",
            "species" : "Main",
            "type" : "Gun"
          },
          "vertSector" : [ -2.0, 20.0 ]
        }, {
          "ammoList" : [ "PAPA030_Shell_152mm_HE_HC_Mark_34_Mod_1", "PAPA061_SHELL_152MM_AP_SC_MK_27_MOD_5" ],
          "barrelDiameter" : 0.152,
          "coeffPerSecondMin" : 0.3,
          "deadZone" : [ ],
          "delim" : 0.5,
          "ellipseRangeMax" : 250.0,
          "ellipseRangeMin" : 50.0,
          "horizSector" : [ -140.0, 5.0 ],
          "id" : 4199147504,
          "idealDistance" : 1000.0,
          "idealRadius" : 8.0,
          "index" : "PAGM091",
          "maxEllipseRanging" : 1.003,
          "medEllipseRanging" : 1.002,
          "minEllipseRanging" : 1.001,
          "minRadius" : 1.1,
          "name" : "PAGM091_6in53_Mk13_Single",
          "numBarrels" : 1,
          "onMoveTarPosCoeffDelim" : 1.001,
          "onMoveTarPosCoeffMaxDist" : 1.002,
          "onMoveTarPosCoeffZero" : 1.0,
          "onMoveTarPosDelim" : 0.1,
          "position" : [ 1.25, 2.0 ],
          "radiusOnDelim" : 0.5,
          "radiusOnMax" : 0.6,
          "radiusOnZero" : 0.2,
          "reduceTime" : 0.1,
          "rotationSpeed" : [ 8.0, 7.5 ],
          "shotDelay" : 8.0,
          "smokePenalty" : 1.0E-4,
          "typeinfo" : {
            "nation" : "USA",
            "species" : "Main",
            "type" : "Gun"
          },
          "vertSector" : [ -2.0, 20.0 ]
        }, {
          "ammoList" : [ "PAPA030_Shell_152mm_HE_HC_Mark_34_Mod_1", "PAPA061_SHELL_152MM_AP_SC_MK_27_MOD_5" ],
          "barrelDiameter" : 0.152,
          "coeffPerSecondMin" : 0.3,
          "deadZone" : [ ],
          "delim" : 0.5,
          "ellipseRangeMax" : 250.0,
          "ellipseRangeMin" : 50.0,
          "horizSector" : [ -5.0, 140.0 ],
          "id" : 4199147504,
          "idealDistance" : 1000.0,
          "idealRadius" : 8.0,
          "index" : "PAGM091",
          "maxEllipseRanging" : 1.003,
          "medEllipseRanging" : 1.002,
          "minEllipseRanging" : 1.001,
          "minRadius" : 1.1,
          "name" : "PAGM091_6in53_Mk13_Single",
          "numBarrels" : 1,
          "onMoveTarPosCoeffDelim" : 1.001,
          "onMoveTarPosCoeffMaxDist" : 1.002,
          "onMoveTarPosCoeffZero" : 1.0,
          "onMoveTarPosDelim" : 0.1,
          "position" : [ 1.25, 0.0 ],
          "radiusOnDelim" : 0.5,
          "radiusOnMax" : 0.6,
          "radiusOnZero" : 0.2,
          "reduceTime" : 0.1,
          "rotationSpeed" : [ 8.0, 7.5 ],
          "shotDelay" : 8.0,
          "smokePenalty" : 1.0E-4,
          "typeinfo" : {
            "nation" : "USA",
            "species" : "Main",
            "type" : "Gun"
          },
          "vertSector" : [ -2.0, 20.0 ]
        }, {
          "ammoList" : [ "PAPA030_Shell_152mm_HE_HC_Mark_34_Mod_1", "PAPA061_SHELL_152MM_AP_SC_MK_27_MOD_5" ],
          "barrelDiameter" : 0.152,
          "coeffPerSecondMin" : 0.3,
          "deadZone" : [ ],
          "delim" : 0.5,
          "ellipseRangeMax" : 250.0,
          "ellipseRangeMin" : 50.0,
          "horizSector" : [ -25.0, 135.0 ],
          "id" : 4139378672,
          "idealDistance" : 1000.0,
          "idealRadius" : 8.0,
          "index" : "PAGM148",
          "maxEllipseRanging" : 1.003,
          "medEllipseRanging" : 1.002,
          "minEllipseRanging" : 1.001,
          "minRadius" : 1.1,
          "name" : "PAGM148_6in53_Mk13_Single",
          "numBarrels" : 1,
          "onMoveTarPosCoeffDelim" : 1.001,
          "onMoveTarPosCoeffMaxDist" : 1.002,
          "onMoveTarPosCoeffZero" : 1.0,
          "onMoveTarPosDelim" : 0.1,
          "position" : [ 4.25, 2.0 ],
          "radiusOnDelim" : 0.5,
          "radiusOnMax" : 0.6,
          "radiusOnZero" : 0.2,
          "reduceTime" : 0.1,
          "rotationSpeed" : [ 8.0, 7.5 ],
          "shotDelay" : 8.0,
          "smokePenalty" : 1.0E-4,
          "typeinfo" : {
            "nation" : "USA",
            "species" : "Main",
            "type" : "Gun"
          },
          "vertSector" : [ -2.0, 20.0 ]
        }, {
          "ammoList" : [ "PAPA030_Shell_152mm_HE_HC_Mark_34_Mod_1", "PAPA061_SHELL_152MM_AP_SC_MK_27_MOD_5" ],
          "barrelDiameter" : 0.152,
          "coeffPerSecondMin" : 0.3,
          "deadZone" : [ ],
          "delim" : 0.5,
          "ellipseRangeMax" : 250.0,
          "ellipseRangeMin" : 50.0,
          "horizSector" : [ -135.0, 25.0 ],
          "id" : 4139378672,
          "idealDistance" : 1000.0,
          "idealRadius" : 8.0,
          "index" : "PAGM148",
          "maxEllipseRanging" : 1.003,
          "medEllipseRanging" : 1.002,
          "minEllipseRanging" : 1.001,
          "minRadius" : 1.1,
          "name" : "PAGM148_6in53_Mk13_Single",
          "numBarrels" : 1,
          "onMoveTarPosCoeffDelim" : 1.001,
          "onMoveTarPosCoeffMaxDist" : 1.002,
          "onMoveTarPosCoeffZero" : 1.0,
          "onMoveTarPosDelim" : 0.1,
          "position" : [ 4.25, 0.0 ],
          "radiusOnDelim" : 0.5,
          "radiusOnMax" : 0.6,
          "radiusOnZero" : 0.2,
          "reduceTime" : 0.1,
          "rotationSpeed" : [ 8.0, 7.5 ],
          "shotDelay" : 8.0,
          "smokePenalty" : 1.0E-4,
          "typeinfo" : {
            "nation" : "USA",
            "species" : "Main",
            "type" : "Gun"
          },
          "vertSector" : [ -2.0, 20.0 ]
        }, {
          "ammoList" : [ "PAPA030_Shell_152mm_HE_HC_Mark_34_Mod_1", "PAPA061_SHELL_152MM_AP_SC_MK_27_MOD_5" ],
          "barrelDiameter" : 0.152,
          "coeffPerSecondMin" : 0.3,
          "deadZone" : [ ],
          "delim" : 0.5,
          "ellipseRangeMax" : 250.0,
          "ellipseRangeMin" : 50.0,
          "horizSector" : [ -14.0, 150.0 ],
          "id" : 4139378672,
          "idealDistance" : 1000.0,
          "idealRadius" : 8.0,
          "index" : "PAGM148",
          "maxEllipseRanging" : 1.003,
          "medEllipseRanging" : 1.002,
          "minEllipseRanging" : 1.001,
          "minRadius" : 1.1,
          "name" : "PAGM148_6in53_Mk13_Single",
          "numBarrels" : 1,
          "onMoveTarPosCoeffDelim" : 1.001,
          "onMoveTarPosCoeffMaxDist" : 1.002,
          "onMoveTarPosCoeffZero" : 1.0,
          "onMoveTarPosDelim" : 0.1,
          "position" : [ 5.25, 2.0 ],
          "radiusOnDelim" : 0.5,
          "radiusOnMax" : 0.6,
          "radiusOnZero" : 0.2,
          "reduceTime" : 0.1,
          "rotationSpeed" : [ 8.0, 7.5 ],
          "shotDelay" : 8.0,
          "smokePenalty" : 1.0E-4,
          "typeinfo" : {
            "nation" : "USA",
            "species" : "Main",
            "type" : "Gun"
          },
          "vertSector" : [ -2.0, 20.0 ]
        }, {
          "ammoList" : [ "PAPA030_Shell_152mm_HE_HC_Mark_34_Mod_1", "PAPA061_SHELL_152MM_AP_SC_MK_27_MOD_5" ],
          "barrelDiameter" : 0.152,
          "coeffPerSecondMin" : 0.3,
          "deadZone" : [ ],
          "delim" : 0.5,
          "ellipseRangeMax" : 250.0,
          "ellipseRangeMin" : 50.0,
          "horizSector" : [ -150.0, 14.0 ],
          "id" : 4139378672,
          "idealDistance" : 1000.0,
          "idealRadius" : 8.0,
          "index" : "PAGM148",
          "maxEllipseRanging" : 1.003,
          "medEllipseRanging" : 1.002,
          "minEllipseRanging" : 1.001,
          "minRadius" : 1.1,
          "name" : "PAGM148_6in53_Mk13_Single",
          "numBarrels" : 1,
          "onMoveTarPosCoeffDelim" : 1.001,
          "onMoveTarPosCoeffMaxDist" : 1.002,
          "onMoveTarPosCoeffZero" : 1.0,
          "onMoveTarPosDelim" : 0.1,
          "position" : [ 5.25, 0.25 ],
          "radiusOnDelim" : 0.5,
          "radiusOnMax" : 0.6,
          "radiusOnZero" : 0.2,
          "reduceTime" : 0.1,
          "rotationSpeed" : [ 8.0, 7.5 ],
          "shotDelay" : 8.0,
          "smokePenalty" : 1.0E-4,
          "typeinfo" : {
            "nation" : "USA",
            "species" : "Main",
            "type" : "Gun"
          },
          "vertSector" : [ -2.0, 20.0 ]
        } ],
        "turretTypes" : {
          "2" : [ 2, "PAGM031_6in53_Mk16_Twin" ],
          "1" : [ 8, "PAGM148_6in53_Mk13_Single" ]
        },
        "maxDist" : 13830.0,
        "minDistH" : 134.0,
        "minDistV" : 439.0,
        "normalDistribution" : true,
        "sigmaCount" : 2.0,
        "taperDist" : 4000.0,
        "GMIdealRadius" : 1.0,
        "barrelDiameter" : 0.152
      },
      "C1_152_53" : {
        "turrets" : [ {
          "ammoList" : [ "PAPA030_Shell_152mm_HE_HC_Mark_34_Mod_1", "PAPA061_SHELL_152MM_AP_SC_MK_27_MOD_5" ],
          "barrelDiameter" : 0.152,
          "coeffPerSecondMin" : 0.3,
          "deadZone" : [ ],
          "delim" : 0.5,
          "ellipseRangeMax" : 250.0,
          "ellipseRangeMin" : 50.0,
          "horizSector" : [ -145.0, 145.0 ],
          "id" : 4262062064,
          "idealDistance" : 1000.0,
          "idealRadius" : 8.0,
          "index" : "PAGM031",
          "maxEllipseRanging" : 1.003,
          "medEllipseRanging" : 1.002,
          "minEllipseRanging" : 1.001,
          "minRadius" : 1.1,
          "name" : "PAGM031_6in53_Mk16_Twin",
          "numBarrels" : 2,
          "onMoveTarPosCoeffDelim" : 1.001,
          "onMoveTarPosCoeffMaxDist" : 1.002,
          "onMoveTarPosCoeffZero" : 1.0,
          "onMoveTarPosDelim" : 0.1,
          "position" : [ -0.5, 1.0 ],
          "radiusOnDelim" : 0.5,
          "radiusOnMax" : 0.6,
          "radiusOnZero" : 0.2,
          "reduceTime" : 0.1,
          "rotationSpeed" : [ 8.0, 7.5 ],
          "shotDelay" : 8.0,
          "smokePenalty" : 1.0E-4,
          "typeinfo" : {
            "nation" : "USA",
            "species" : "Main",
            "type" : "Gun"
          },
          "vertSector" : [ -2.0, 30.0 ]
        }, {
          "ammoList" : [ "PAPA030_Shell_152mm_HE_HC_Mark_34_Mod_1", "PAPA061_SHELL_152MM_AP_SC_MK_27_MOD_5" ],
          "barrelDiameter" : 0.152,
          "coeffPerSecondMin" : 0.3,
          "deadZone" : [ ],
          "delim" : 0.5,
          "ellipseRangeMax" : 250.0,
          "ellipseRangeMin" : 50.0,
          "horizSector" : [ -150.0, 5.0 ],
          "id" : 4139378672,
          "idealDistance" : 1000.0,
          "idealRadius" : 8.0,
          "index" : "PAGM148",
          "maxEllipseRanging" : 1.003,
          "medEllipseRanging" : 1.002,
          "minEllipseRanging" : 1.001,
          "minRadius" : 1.1,
          "name" : "PAGM148_6in53_Mk13_Single",
          "numBarrels" : 1,
          "onMoveTarPosCoeffDelim" : 1.001,
          "onMoveTarPosCoeffMaxDist" : 1.002,
          "onMoveTarPosCoeffZero" : 1.0,
          "onMoveTarPosDelim" : 0.1,
          "position" : [ 0.5, 1.75 ],
          "radiusOnDelim" : 0.5,
          "radiusOnMax" : 0.6,
          "radiusOnZero" : 0.2,
          "reduceTime" : 0.1,
          "rotationSpeed" : [ 8.0, 7.5 ],
          "shotDelay" : 8.0,
          "smokePenalty" : 1.0E-4,
          "typeinfo" : {
            "nation" : "USA",
            "species" : "Main",
            "type" : "Gun"
          },
          "vertSector" : [ -2.0, 20.0 ]
        }, {
          "ammoList" : [ "PAPA030_Shell_152mm_HE_HC_Mark_34_Mod_1", "PAPA061_SHELL_152MM_AP_SC_MK_27_MOD_5" ],
          "barrelDiameter" : 0.152,
          "coeffPerSecondMin" : 0.3,
          "deadZone" : [ ],
          "delim" : 0.5,
          "ellipseRangeMax" : 250.0,
          "ellipseRangeMin" : 50.0,
          "horizSector" : [ -5.0, 150.0 ],
          "id" : 4139378672,
          "idealDistance" : 1000.0,
          "idealRadius" : 8.0,
          "index" : "PAGM148",
          "maxEllipseRanging" : 1.003,
          "medEllipseRanging" : 1.002,
          "minEllipseRanging" : 1.001,
          "minRadius" : 1.1,
          "name" : "PAGM148_6in53_Mk13_Single",
          "numBarrels" : 1,
          "onMoveTarPosCoeffDelim" : 1.001,
          "onMoveTarPosCoeffMaxDist" : 1.002,
          "onMoveTarPosCoeffZero" : 1.0,
          "onMoveTarPosDelim" : 0.1,
          "position" : [ 0.5, 0.25 ],
          "radiusOnDelim" : 0.5,
          "radiusOnMax" : 0.6,
          "radiusOnZero" : 0.2,
          "reduceTime" : 0.1,
          "rotationSpeed" : [ 8.0, 7.5 ],
          "shotDelay" : 8.0,
          "smokePenalty" : 1.0E-4,
          "typeinfo" : {
            "nation" : "USA",
            "species" : "Main",
            "type" : "Gun"
          },
          "vertSector" : [ -2.0, 20.0 ]
        }, {
          "ammoList" : [ "PAPA030_Shell_152mm_HE_HC_Mark_34_Mod_1", "PAPA061_SHELL_152MM_AP_SC_MK_27_MOD_5" ],
          "barrelDiameter" : 0.152,
          "coeffPerSecondMin" : 0.3,
          "deadZone" : [ ],
          "delim" : 0.5,
          "ellipseRangeMax" : 250.0,
          "ellipseRangeMin" : 50.0,
          "horizSector" : [ -140.0, 5.0 ],
          "id" : 4199147504,
          "idealDistance" : 1000.0,
          "idealRadius" : 8.0,
          "index" : "PAGM091",
          "maxEllipseRanging" : 1.003,
          "medEllipseRanging" : 1.002,
          "minEllipseRanging" : 1.001,
          "minRadius" : 1.1,
          "name" : "PAGM091_6in53_Mk13_Single",
          "numBarrels" : 1,
          "onMoveTarPosCoeffDelim" : 1.001,
          "onMoveTarPosCoeffMaxDist" : 1.002,
          "onMoveTarPosCoeffZero" : 1.0,
          "onMoveTarPosDelim" : 0.1,
          "position" : [ 1.5, 2.0 ],
          "radiusOnDelim" : 0.5,
          "radiusOnMax" : 0.6,
          "radiusOnZero" : 0.2,
          "reduceTime" : 0.1,
          "rotationSpeed" : [ 8.0, 7.5 ],
          "shotDelay" : 8.0,
          "smokePenalty" : 1.0E-4,
          "typeinfo" : {
            "nation" : "USA",
            "species" : "Main",
            "type" : "Gun"
          },
          "vertSector" : [ -2.0, 20.0 ]
        }, {
          "ammoList" : [ "PAPA030_Shell_152mm_HE_HC_Mark_34_Mod_1", "PAPA061_SHELL_152MM_AP_SC_MK_27_MOD_5" ],
          "barrelDiameter" : 0.152,
          "coeffPerSecondMin" : 0.3,
          "deadZone" : [ ],
          "delim" : 0.5,
          "ellipseRangeMax" : 250.0,
          "ellipseRangeMin" : 50.0,
          "horizSector" : [ -5.0, 140.0 ],
          "id" : 4199147504,
          "idealDistance" : 1000.0,
          "idealRadius" : 8.0,
          "index" : "PAGM091",
          "maxEllipseRanging" : 1.003,
          "medEllipseRanging" : 1.002,
          "minEllipseRanging" : 1.001,
          "minRadius" : 1.1,
          "name" : "PAGM091_6in53_Mk13_Single",
          "numBarrels" : 1,
          "onMoveTarPosCoeffDelim" : 1.001,
          "onMoveTarPosCoeffMaxDist" : 1.002,
          "onMoveTarPosCoeffZero" : 1.0,
          "onMoveTarPosDelim" : 0.1,
          "position" : [ 1.5, 0.0 ],
          "radiusOnDelim" : 0.5,
          "radiusOnMax" : 0.6,
          "radiusOnZero" : 0.2,
          "reduceTime" : 0.1,
          "rotationSpeed" : [ 8.0, 7.5 ],
          "shotDelay" : 8.0,
          "smokePenalty" : 1.0E-4,
          "typeinfo" : {
            "nation" : "USA",
            "species" : "Main",
            "type" : "Gun"
          },
          "vertSector" : [ -2.0, 20.0 ]
        }, {
          "ammoList" : [ "PAPA030_Shell_152mm_HE_HC_Mark_34_Mod_1", "PAPA061_SHELL_152MM_AP_SC_MK_27_MOD_5" ],
          "barrelDiameter" : 0.152,
          "coeffPerSecondMin" : 0.3,
          "deadZone" : [ ],
          "delim" : 0.5,
          "ellipseRangeMax" : 250.0,
          "ellipseRangeMin" : 50.0,
          "horizSector" : [ -17.0, 153.0 ],
          "id" : 4139378672,
          "idealDistance" : 1000.0,
          "idealRadius" : 8.0,
          "index" : "PAGM148",
          "maxEllipseRanging" : 1.003,
          "medEllipseRanging" : 1.002,
          "minEllipseRanging" : 1.001,
          "minRadius" : 1.1,
          "name" : "PAGM148_6in53_Mk13_Single",
          "numBarrels" : 1,
          "onMoveTarPosCoeffDelim" : 1.001,
          "onMoveTarPosCoeffMaxDist" : 1.002,
          "onMoveTarPosCoeffZero" : 1.0,
          "onMoveTarPosDelim" : 0.1,
          "position" : [ 4.5, 1.75 ],
          "radiusOnDelim" : 0.5,
          "radiusOnMax" : 0.6,
          "radiusOnZero" : 0.2,
          "reduceTime" : 0.1,
          "rotationSpeed" : [ 8.0, 7.5 ],
          "shotDelay" : 8.0,
          "smokePenalty" : 1.0E-4,
          "typeinfo" : {
            "nation" : "USA",
            "species" : "Main",
            "type" : "Gun"
          },
          "vertSector" : [ -2.0, 20.0 ]
        }, {
          "ammoList" : [ "PAPA030_Shell_152mm_HE_HC_Mark_34_Mod_1", "PAPA061_SHELL_152MM_AP_SC_MK_27_MOD_5" ],
          "barrelDiameter" : 0.152,
          "coeffPerSecondMin" : 0.3,
          "deadZone" : [ ],
          "delim" : 0.5,
          "ellipseRangeMax" : 250.0,
          "ellipseRangeMin" : 50.0,
          "horizSector" : [ -153.0, 17.0 ],
          "id" : 4139378672,
          "idealDistance" : 1000.0,
          "idealRadius" : 8.0,
          "index" : "PAGM148",
          "maxEllipseRanging" : 1.003,
          "medEllipseRanging" : 1.002,
          "minEllipseRanging" : 1.001,
          "minRadius" : 1.1,
          "name" : "PAGM148_6in53_Mk13_Single",
          "numBarrels" : 1,
          "onMoveTarPosCoeffDelim" : 1.001,
          "onMoveTarPosCoeffMaxDist" : 1.002,
          "onMoveTarPosCoeffZero" : 1.0,
          "onMoveTarPosDelim" : 0.1,
          "position" : [ 4.5, 0.25 ],
          "radiusOnDelim" : 0.5,
          "radiusOnMax" : 0.6,
          "radiusOnZero" : 0.2,
          "reduceTime" : 0.1,
          "rotationSpeed" : [ 8.0, 7.5 ],
          "shotDelay" : 8.0,
          "smokePenalty" : 1.0E-4,
          "typeinfo" : {
            "nation" : "USA",
            "species" : "Main",
            "type" : "Gun"
          },
          "vertSector" : [ -2.0, 20.0 ]
        }, {
          "ammoList" : [ "PAPA030_Shell_152mm_HE_HC_Mark_34_Mod_1", "PAPA061_SHELL_152MM_AP_SC_MK_27_MOD_5" ],
          "barrelDiameter" : 0.152,
          "coeffPerSecondMin" : 0.3,
          "deadZone" : [ ],
          "delim" : 0.5,
          "ellipseRangeMax" : 250.0,
          "ellipseRangeMin" : 50.0,
          "horizSector" : [ -143.0, 143.0 ],
          "id" : 4262062064,
          "idealDistance" : 1000.0,
          "idealRadius" : 8.0,
          "index" : "PAGM031",
          "maxEllipseRanging" : 1.003,
          "medEllipseRanging" : 1.002,
          "minEllipseRanging" : 1.001,
          "minRadius" : 1.1,
          "name" : "PAGM031_6in53_Mk16_Twin",
          "numBarrels" : 2,
          "onMoveTarPosCoeffDelim" : 1.001,
          "onMoveTarPosCoeffMaxDist" : 1.002,
          "onMoveTarPosCoeffZero" : 1.0,
          "onMoveTarPosDelim" : 0.1,
          "position" : [ 5.7, 1.0 ],
          "radiusOnDelim" : 0.5,
          "radiusOnMax" : 0.6,
          "radiusOnZero" : 0.2,
          "reduceTime" : 0.1,
          "rotationSpeed" : [ 8.0, 7.5 ],
          "shotDelay" : 8.0,
          "smokePenalty" : 1.0E-4,
          "typeinfo" : {
            "nation" : "USA",
            "species" : "Main",
            "type" : "Gun"
          },
          "vertSector" : [ -2.0, 30.0 ]
        } ],
        "turretTypes" : {
          "2" : [ 2, "PAGM031_6in53_Mk16_Twin" ],
          "1" : [ 6, "PAGM148_6in53_Mk13_Single" ]
        },
        "maxDist" : 13830.0,
        "minDistH" : 134.0,
        "minDistV" : 439.0,
        "normalDistribution" : true,
        "sigmaCount" : 2.0,
        "taperDist" : 4000.0,
        "GMIdealRadius" : 1.0,
        "barrelDiameter" : 0.152
      },
      "B2_152_53" : {
        "turrets" : [ {
          "ammoList" : [ "PAPA030_Shell_152mm_HE_HC_Mark_34_Mod_1", "PAPA061_SHELL_152MM_AP_SC_MK_27_MOD_5" ],
          "barrelDiameter" : 0.152,
          "coeffPerSecondMin" : 0.3,
          "deadZone" : [ ],
          "delim" : 0.5,
          "ellipseRangeMax" : 250.0,
          "ellipseRangeMin" : 50.0,
          "horizSector" : [ -144.0, 144.0 ],
          "id" : 4262062064,
          "idealDistance" : 1000.0,
          "idealRadius" : 8.0,
          "index" : "PAGM031",
          "maxEllipseRanging" : 1.003,
          "medEllipseRanging" : 1.002,
          "minEllipseRanging" : 1.001,
          "minRadius" : 1.1,
          "name" : "PAGM031_6in53_Mk16_Twin",
          "numBarrels" : 2,
          "onMoveTarPosCoeffDelim" : 1.001,
          "onMoveTarPosCoeffMaxDist" : 1.002,
          "onMoveTarPosCoeffZero" : 1.0,
          "onMoveTarPosDelim" : 0.1,
          "position" : [ -0.75, 1.0 ],
          "radiusOnDelim" : 0.5,
          "radiusOnMax" : 0.6,
          "radiusOnZero" : 0.2,
          "reduceTime" : 0.1,
          "rotationSpeed" : [ 7.5, 7.5 ],
          "shotDelay" : 7.0,
          "smokePenalty" : 1.0E-4,
          "typeinfo" : {
            "nation" : "USA",
            "species" : "Main",
            "type" : "Gun"
          },
          "vertSector" : [ -2.0, 30.0 ]
        }, {
          "ammoList" : [ "PAPA030_Shell_152mm_HE_HC_Mark_34_Mod_1", "PAPA061_SHELL_152MM_AP_SC_MK_27_MOD_5" ],
          "barrelDiameter" : 0.152,
          "coeffPerSecondMin" : 0.3,
          "deadZone" : [ ],
          "delim" : 0.5,
          "ellipseRangeMax" : 250.0,
          "ellipseRangeMin" : 50.0,
          "horizSector" : [ -150.0, 150.0 ],
          "id" : 4262062064,
          "idealDistance" : 1000.0,
          "idealRadius" : 8.0,
          "index" : "PAGM031",
          "maxEllipseRanging" : 1.003,
          "medEllipseRanging" : 1.002,
          "minEllipseRanging" : 1.001,
          "minRadius" : 1.1,
          "name" : "PAGM031_6in53_Mk16_Twin",
          "numBarrels" : 2,
          "onMoveTarPosCoeffDelim" : 1.001,
          "onMoveTarPosCoeffMaxDist" : 1.002,
          "onMoveTarPosCoeffZero" : 1.0,
          "onMoveTarPosDelim" : 0.1,
          "position" : [ 6.0, 1.0 ],
          "radiusOnDelim" : 0.5,
          "radiusOnMax" : 0.6,
          "radiusOnZero" : 0.2,
          "reduceTime" : 0.1,
          "rotationSpeed" : [ 7.5, 7.5 ],
          "shotDelay" : 7.0,
          "smokePenalty" : 1.0E-4,
          "typeinfo" : {
            "nation" : "USA",
            "species" : "Main",
            "type" : "Gun"
          },
          "vertSector" : [ -2.0, 30.0 ]
        }, {
          "ammoList" : [ "PAPA030_Shell_152mm_HE_HC_Mark_34_Mod_1", "PAPA061_SHELL_152MM_AP_SC_MK_27_MOD_5" ],
          "barrelDiameter" : 0.152,
          "coeffPerSecondMin" : 0.3,
          "deadZone" : [ ],
          "delim" : 0.5,
          "ellipseRangeMax" : 250.0,
          "ellipseRangeMin" : 50.0,
          "horizSector" : [ -150.0, 4.0 ],
          "id" : 4139378672,
          "idealDistance" : 1000.0,
          "idealRadius" : 8.0,
          "index" : "PAGM148",
          "maxEllipseRanging" : 1.003,
          "medEllipseRanging" : 1.002,
          "minEllipseRanging" : 1.001,
          "minRadius" : 1.1,
          "name" : "PAGM148_6in53_Mk13_Single",
          "numBarrels" : 1,
          "onMoveTarPosCoeffDelim" : 1.001,
          "onMoveTarPosCoeffMaxDist" : 1.002,
          "onMoveTarPosCoeffZero" : 1.0,
          "onMoveTarPosDelim" : 0.1,
          "position" : [ 0.25, 1.75 ],
          "radiusOnDelim" : 0.5,
          "radiusOnMax" : 0.6,
          "radiusOnZero" : 0.2,
          "reduceTime" : 0.1,
          "rotationSpeed" : [ 7.5, 7.5 ],
          "shotDelay" : 7.0,
          "smokePenalty" : 1.0E-4,
          "typeinfo" : {
            "nation" : "USA",
            "species" : "Main",
            "type" : "Gun"
          },
          "vertSector" : [ -2.0, 20.0 ]
        }, {
          "ammoList" : [ "PAPA030_Shell_152mm_HE_HC_Mark_34_Mod_1", "PAPA061_SHELL_152MM_AP_SC_MK_27_MOD_5" ],
          "barrelDiameter" : 0.152,
          "coeffPerSecondMin" : 0.3,
          "deadZone" : [ ],
          "delim" : 0.5,
          "ellipseRangeMax" : 250.0,
          "ellipseRangeMin" : 50.0,
          "horizSector" : [ -4.0, 150.0 ],
          "id" : 4139378672,
          "idealDistance" : 1000.0,
          "idealRadius" : 8.0,
          "index" : "PAGM148",
          "maxEllipseRanging" : 1.003,
          "medEllipseRanging" : 1.002,
          "minEllipseRanging" : 1.001,
          "minRadius" : 1.1,
          "name" : "PAGM148_6in53_Mk13_Single",
          "numBarrels" : 1,
          "onMoveTarPosCoeffDelim" : 1.001,
          "onMoveTarPosCoeffMaxDist" : 1.002,
          "onMoveTarPosCoeffZero" : 1.0,
          "onMoveTarPosDelim" : 0.1,
          "position" : [ 0.25, 0.25 ],
          "radiusOnDelim" : 0.5,
          "radiusOnMax" : 0.6,
          "radiusOnZero" : 0.2,
          "reduceTime" : 0.1,
          "rotationSpeed" : [ 7.5, 7.5 ],
          "shotDelay" : 7.0,
          "smokePenalty" : 1.0E-4,
          "typeinfo" : {
            "nation" : "USA",
            "species" : "Main",
            "type" : "Gun"
          },
          "vertSector" : [ -2.0, 20.0 ]
        }, {
          "ammoList" : [ "PAPA030_Shell_152mm_HE_HC_Mark_34_Mod_1", "PAPA061_SHELL_152MM_AP_SC_MK_27_MOD_5" ],
          "barrelDiameter" : 0.152,
          "coeffPerSecondMin" : 0.3,
          "deadZone" : [ ],
          "delim" : 0.5,
          "ellipseRangeMax" : 250.0,
          "ellipseRangeMin" : 50.0,
          "horizSector" : [ -140.0, 4.0 ],
          "id" : 4199147504,
          "idealDistance" : 1000.0,
          "idealRadius" : 8.0,
          "index" : "PAGM091",
          "maxEllipseRanging" : 1.003,
          "medEllipseRanging" : 1.002,
          "minEllipseRanging" : 1.001,
          "minRadius" : 1.1,
          "name" : "PAGM091_6in53_Mk13_Single",
          "numBarrels" : 1,
          "onMoveTarPosCoeffDelim" : 1.001,
          "onMoveTarPosCoeffMaxDist" : 1.002,
          "onMoveTarPosCoeffZero" : 1.0,
          "onMoveTarPosDelim" : 0.1,
          "position" : [ 1.25, 2.0 ],
          "radiusOnDelim" : 0.5,
          "radiusOnMax" : 0.6,
          "radiusOnZero" : 0.2,
          "reduceTime" : 0.1,
          "rotationSpeed" : [ 7.5, 7.5 ],
          "shotDelay" : 7.0,
          "smokePenalty" : 1.0E-4,
          "typeinfo" : {
            "nation" : "USA",
            "species" : "Main",
            "type" : "Gun"
          },
          "vertSector" : [ -2.0, 20.0 ]
        }, {
          "ammoList" : [ "PAPA030_Shell_152mm_HE_HC_Mark_34_Mod_1", "PAPA061_SHELL_152MM_AP_SC_MK_27_MOD_5" ],
          "barrelDiameter" : 0.152,
          "coeffPerSecondMin" : 0.3,
          "deadZone" : [ ],
          "delim" : 0.5,
          "ellipseRangeMax" : 250.0,
          "ellipseRangeMin" : 50.0,
          "horizSector" : [ -4.0, 140.0 ],
          "id" : 4199147504,
          "idealDistance" : 1000.0,
          "idealRadius" : 8.0,
          "index" : "PAGM091",
          "maxEllipseRanging" : 1.003,
          "medEllipseRanging" : 1.002,
          "minEllipseRanging" : 1.001,
          "minRadius" : 1.1,
          "name" : "PAGM091_6in53_Mk13_Single",
          "numBarrels" : 1,
          "onMoveTarPosCoeffDelim" : 1.001,
          "onMoveTarPosCoeffMaxDist" : 1.002,
          "onMoveTarPosCoeffZero" : 1.0,
          "onMoveTarPosDelim" : 0.1,
          "position" : [ 1.25, 0.0 ],
          "radiusOnDelim" : 0.5,
          "radiusOnMax" : 0.6,
          "radiusOnZero" : 0.2,
          "reduceTime" : 0.1,
          "rotationSpeed" : [ 7.5, 7.5 ],
          "shotDelay" : 7.0,
          "smokePenalty" : 1.0E-4,
          "typeinfo" : {
            "nation" : "USA",
            "species" : "Main",
            "type" : "Gun"
          },
          "vertSector" : [ -2.0, 20.0 ]
        }, {
          "ammoList" : [ "PAPA030_Shell_152mm_HE_HC_Mark_34_Mod_1", "PAPA061_SHELL_152MM_AP_SC_MK_27_MOD_5" ],
          "barrelDiameter" : 0.152,
          "coeffPerSecondMin" : 0.3,
          "deadZone" : [ ],
          "delim" : 0.5,
          "ellipseRangeMax" : 250.0,
          "ellipseRangeMin" : 50.0,
          "horizSector" : [ -26.0, 135.0 ],
          "id" : 4139378672,
          "idealDistance" : 1000.0,
          "idealRadius" : 8.0,
          "index" : "PAGM148",
          "maxEllipseRanging" : 1.003,
          "medEllipseRanging" : 1.002,
          "minEllipseRanging" : 1.001,
          "minRadius" : 1.1,
          "name" : "PAGM148_6in53_Mk13_Single",
          "numBarrels" : 1,
          "onMoveTarPosCoeffDelim" : 1.001,
          "onMoveTarPosCoeffMaxDist" : 1.002,
          "onMoveTarPosCoeffZero" : 1.0,
          "onMoveTarPosDelim" : 0.1,
          "position" : [ 4.25, 2.0 ],
          "radiusOnDelim" : 0.5,
          "radiusOnMax" : 0.6,
          "radiusOnZero" : 0.2,
          "reduceTime" : 0.1,
          "rotationSpeed" : [ 7.5, 7.5 ],
          "shotDelay" : 7.0,
          "smokePenalty" : 1.0E-4,
          "typeinfo" : {
            "nation" : "USA",
            "species" : "Main",
            "type" : "Gun"
          },
          "vertSector" : [ -2.0, 20.0 ]
        }, {
          "ammoList" : [ "PAPA030_Shell_152mm_HE_HC_Mark_34_Mod_1", "PAPA061_SHELL_152MM_AP_SC_MK_27_MOD_5" ],
          "barrelDiameter" : 0.152,
          "coeffPerSecondMin" : 0.3,
          "deadZone" : [ ],
          "delim" : 0.5,
          "ellipseRangeMax" : 250.0,
          "ellipseRangeMin" : 50.0,
          "horizSector" : [ -135.0, 26.0 ],
          "id" : 4139378672,
          "idealDistance" : 1000.0,
          "idealRadius" : 8.0,
          "index" : "PAGM148",
          "maxEllipseRanging" : 1.003,
          "medEllipseRanging" : 1.002,
          "minEllipseRanging" : 1.001,
          "minRadius" : 1.1,
          "name" : "PAGM148_6in53_Mk13_Single",
          "numBarrels" : 1,
          "onMoveTarPosCoeffDelim" : 1.001,
          "onMoveTarPosCoeffMaxDist" : 1.002,
          "onMoveTarPosCoeffZero" : 1.0,
          "onMoveTarPosDelim" : 0.1,
          "position" : [ 4.25, 0.0 ],
          "radiusOnDelim" : 0.5,
          "radiusOnMax" : 0.6,
          "radiusOnZero" : 0.2,
          "reduceTime" : 0.1,
          "rotationSpeed" : [ 7.5, 7.5 ],
          "shotDelay" : 7.0,
          "smokePenalty" : 1.0E-4,
          "typeinfo" : {
            "nation" : "USA",
            "species" : "Main",
            "type" : "Gun"
          },
          "vertSector" : [ -2.0, 20.0 ]
        }, {
          "ammoList" : [ "PAPA030_Shell_152mm_HE_HC_Mark_34_Mod_1", "PAPA061_SHELL_152MM_AP_SC_MK_27_MOD_5" ],
          "barrelDiameter" : 0.152,
          "coeffPerSecondMin" : 0.3,
          "deadZone" : [ ],
          "delim" : 0.5,
          "ellipseRangeMax" : 250.0,
          "ellipseRangeMin" : 50.0,
          "horizSector" : [ -14.0, 150.0 ],
          "id" : 4139378672,
          "idealDistance" : 1000.0,
          "idealRadius" : 8.0,
          "index" : "PAGM148",
          "maxEllipseRanging" : 1.003,
          "medEllipseRanging" : 1.002,
          "minEllipseRanging" : 1.001,
          "minRadius" : 1.1,
          "name" : "PAGM148_6in53_Mk13_Single",
          "numBarrels" : 1,
          "onMoveTarPosCoeffDelim" : 1.001,
          "onMoveTarPosCoeffMaxDist" : 1.002,
          "onMoveTarPosCoeffZero" : 1.0,
          "onMoveTarPosDelim" : 0.1,
          "position" : [ 5.25, 2.0 ],
          "radiusOnDelim" : 0.5,
          "radiusOnMax" : 0.6,
          "radiusOnZero" : 0.2,
          "reduceTime" : 0.1,
          "rotationSpeed" : [ 7.5, 7.5 ],
          "shotDelay" : 7.0,
          "smokePenalty" : 1.0E-4,
          "typeinfo" : {
            "nation" : "USA",
            "species" : "Main",
            "type" : "Gun"
          },
          "vertSector" : [ -2.0, 20.0 ]
        }, {
          "ammoList" : [ "PAPA030_Shell_152mm_HE_HC_Mark_34_Mod_1", "PAPA061_SHELL_152MM_AP_SC_MK_27_MOD_5" ],
          "barrelDiameter" : 0.152,
          "coeffPerSecondMin" : 0.3,
          "deadZone" : [ ],
          "delim" : 0.5,
          "ellipseRangeMax" : 250.0,
          "ellipseRangeMin" : 50.0,
          "horizSector" : [ -150.0, 14.0 ],
          "id" : 4139378672,
          "idealDistance" : 1000.0,
          "idealRadius" : 8.0,
          "index" : "PAGM148",
          "maxEllipseRanging" : 1.003,
          "medEllipseRanging" : 1.002,
          "minEllipseRanging" : 1.001,
          "minRadius" : 1.1,
          "name" : "PAGM148_6in53_Mk13_Single",
          "numBarrels" : 1,
          "onMoveTarPosCoeffDelim" : 1.001,
          "onMoveTarPosCoeffMaxDist" : 1.002,
          "onMoveTarPosCoeffZero" : 1.0,
          "onMoveTarPosDelim" : 0.1,
          "position" : [ 5.25, 0.25 ],
          "radiusOnDelim" : 0.5,
          "radiusOnMax" : 0.6,
          "radiusOnZero" : 0.2,
          "reduceTime" : 0.1,
          "rotationSpeed" : [ 7.5, 7.5 ],
          "shotDelay" : 7.0,
          "smokePenalty" : 1.0E-4,
          "typeinfo" : {
            "nation" : "USA",
            "species" : "Main",
            "type" : "Gun"
          },
          "vertSector" : [ -2.0, 20.0 ]
        } ],
        "turretTypes" : {
          "2" : [ 2, "PAGM031_6in53_Mk16_Twin" ],
          "1" : [ 8, "PAGM148_6in53_Mk13_Single" ]
        },
        "maxDist" : 13830.0,
        "minDistH" : 134.0,
        "minDistV" : 439.0,
        "normalDistribution" : true,
        "sigmaCount" : 2.0,
        "taperDist" : 4000.0,
        "GMIdealRadius" : 1.0,
        "barrelDiameter" : 0.152
      },
      "C2_152_53" : {
        "turrets" : [ {
          "ammoList" : [ "PAPA030_Shell_152mm_HE_HC_Mark_34_Mod_1", "PAPA061_SHELL_152MM_AP_SC_MK_27_MOD_5" ],
          "barrelDiameter" : 0.152,
          "coeffPerSecondMin" : 0.3,
          "deadZone" : [ ],
          "delim" : 0.5,
          "ellipseRangeMax" : 250.0,
          "ellipseRangeMin" : 50.0,
          "horizSector" : [ -145.0, 145.0 ],
          "id" : 4262062064,
          "idealDistance" : 1000.0,
          "idealRadius" : 8.0,
          "index" : "PAGM031",
          "maxEllipseRanging" : 1.003,
          "medEllipseRanging" : 1.002,
          "minEllipseRanging" : 1.001,
          "minRadius" : 1.1,
          "name" : "PAGM031_6in53_Mk16_Twin",
          "numBarrels" : 2,
          "onMoveTarPosCoeffDelim" : 1.001,
          "onMoveTarPosCoeffMaxDist" : 1.002,
          "onMoveTarPosCoeffZero" : 1.0,
          "onMoveTarPosDelim" : 0.1,
          "position" : [ -0.5, 1.0 ],
          "radiusOnDelim" : 0.5,
          "radiusOnMax" : 0.6,
          "radiusOnZero" : 0.2,
          "reduceTime" : 0.1,
          "rotationSpeed" : [ 7.5, 7.5 ],
          "shotDelay" : 7.0,
          "smokePenalty" : 1.0E-4,
          "typeinfo" : {
            "nation" : "USA",
            "species" : "Main",
            "type" : "Gun"
          },
          "vertSector" : [ -2.0, 30.0 ]
        }, {
          "ammoList" : [ "PAPA030_Shell_152mm_HE_HC_Mark_34_Mod_1", "PAPA061_SHELL_152MM_AP_SC_MK_27_MOD_5" ],
          "barrelDiameter" : 0.152,
          "coeffPerSecondMin" : 0.3,
          "deadZone" : [ ],
          "delim" : 0.5,
          "ellipseRangeMax" : 250.0,
          "ellipseRangeMin" : 50.0,
          "horizSector" : [ -150.0, 5.0 ],
          "id" : 4139378672,
          "idealDistance" : 1000.0,
          "idealRadius" : 8.0,
          "index" : "PAGM148",
          "maxEllipseRanging" : 1.003,
          "medEllipseRanging" : 1.002,
          "minEllipseRanging" : 1.001,
          "minRadius" : 1.1,
          "name" : "PAGM148_6in53_Mk13_Single",
          "numBarrels" : 1,
          "onMoveTarPosCoeffDelim" : 1.001,
          "onMoveTarPosCoeffMaxDist" : 1.002,
          "onMoveTarPosCoeffZero" : 1.0,
          "onMoveTarPosDelim" : 0.1,
          "position" : [ 0.5, 1.75 ],
          "radiusOnDelim" : 0.5,
          "radiusOnMax" : 0.6,
          "radiusOnZero" : 0.2,
          "reduceTime" : 0.1,
          "rotationSpeed" : [ 7.5, 7.5 ],
          "shotDelay" : 7.0,
          "smokePenalty" : 1.0E-4,
          "typeinfo" : {
            "nation" : "USA",
            "species" : "Main",
            "type" : "Gun"
          },
          "vertSector" : [ -2.0, 20.0 ]
        }, {
          "ammoList" : [ "PAPA030_Shell_152mm_HE_HC_Mark_34_Mod_1", "PAPA061_SHELL_152MM_AP_SC_MK_27_MOD_5" ],
          "barrelDiameter" : 0.152,
          "coeffPerSecondMin" : 0.3,
          "deadZone" : [ ],
          "delim" : 0.5,
          "ellipseRangeMax" : 250.0,
          "ellipseRangeMin" : 50.0,
          "horizSector" : [ -5.0, 150.0 ],
          "id" : 4139378672,
          "idealDistance" : 1000.0,
          "idealRadius" : 8.0,
          "index" : "PAGM148",
          "maxEllipseRanging" : 1.003,
          "medEllipseRanging" : 1.002,
          "minEllipseRanging" : 1.001,
          "minRadius" : 1.1,
          "name" : "PAGM148_6in53_Mk13_Single",
          "numBarrels" : 1,
          "onMoveTarPosCoeffDelim" : 1.001,
          "onMoveTarPosCoeffMaxDist" : 1.002,
          "onMoveTarPosCoeffZero" : 1.0,
          "onMoveTarPosDelim" : 0.1,
          "position" : [ 0.5, 0.25 ],
          "radiusOnDelim" : 0.5,
          "radiusOnMax" : 0.6,
          "radiusOnZero" : 0.2,
          "reduceTime" : 0.1,
          "rotationSpeed" : [ 7.5, 7.5 ],
          "shotDelay" : 7.0,
          "smokePenalty" : 1.0E-4,
          "typeinfo" : {
            "nation" : "USA",
            "species" : "Main",
            "type" : "Gun"
          },
          "vertSector" : [ -2.0, 20.0 ]
        }, {
          "ammoList" : [ "PAPA030_Shell_152mm_HE_HC_Mark_34_Mod_1", "PAPA061_SHELL_152MM_AP_SC_MK_27_MOD_5" ],
          "barrelDiameter" : 0.152,
          "coeffPerSecondMin" : 0.3,
          "deadZone" : [ ],
          "delim" : 0.5,
          "ellipseRangeMax" : 250.0,
          "ellipseRangeMin" : 50.0,
          "horizSector" : [ -140.0, 5.0 ],
          "id" : 4199147504,
          "idealDistance" : 1000.0,
          "idealRadius" : 8.0,
          "index" : "PAGM091",
          "maxEllipseRanging" : 1.003,
          "medEllipseRanging" : 1.002,
          "minEllipseRanging" : 1.001,
          "minRadius" : 1.1,
          "name" : "PAGM091_6in53_Mk13_Single",
          "numBarrels" : 1,
          "onMoveTarPosCoeffDelim" : 1.001,
          "onMoveTarPosCoeffMaxDist" : 1.002,
          "onMoveTarPosCoeffZero" : 1.0,
          "onMoveTarPosDelim" : 0.1,
          "position" : [ 1.5, 2.0 ],
          "radiusOnDelim" : 0.5,
          "radiusOnMax" : 0.6,
          "radiusOnZero" : 0.2,
          "reduceTime" : 0.1,
          "rotationSpeed" : [ 7.5, 7.5 ],
          "shotDelay" : 7.0,
          "smokePenalty" : 1.0E-4,
          "typeinfo" : {
            "nation" : "USA",
            "species" : "Main",
            "type" : "Gun"
          },
          "vertSector" : [ -2.0, 20.0 ]
        }, {
          "ammoList" : [ "PAPA030_Shell_152mm_HE_HC_Mark_34_Mod_1", "PAPA061_SHELL_152MM_AP_SC_MK_27_MOD_5" ],
          "barrelDiameter" : 0.152,
          "coeffPerSecondMin" : 0.3,
          "deadZone" : [ ],
          "delim" : 0.5,
          "ellipseRangeMax" : 250.0,
          "ellipseRangeMin" : 50.0,
          "horizSector" : [ -5.0, 140.0 ],
          "id" : 4199147504,
          "idealDistance" : 1000.0,
          "idealRadius" : 8.0,
          "index" : "PAGM091",
          "maxEllipseRanging" : 1.003,
          "medEllipseRanging" : 1.002,
          "minEllipseRanging" : 1.001,
          "minRadius" : 1.1,
          "name" : "PAGM091_6in53_Mk13_Single",
          "numBarrels" : 1,
          "onMoveTarPosCoeffDelim" : 1.001,
          "onMoveTarPosCoeffMaxDist" : 1.002,
          "onMoveTarPosCoeffZero" : 1.0,
          "onMoveTarPosDelim" : 0.1,
          "position" : [ 1.5, 0.0 ],
          "radiusOnDelim" : 0.5,
          "radiusOnMax" : 0.6,
          "radiusOnZero" : 0.2,
          "reduceTime" : 0.1,
          "rotationSpeed" : [ 7.5, 7.5 ],
          "shotDelay" : 7.0,
          "smokePenalty" : 1.0E-4,
          "typeinfo" : {
            "nation" : "USA",
            "species" : "Main",
            "type" : "Gun"
          },
          "vertSector" : [ -2.0, 20.0 ]
        }, {
          "ammoList" : [ "PAPA030_Shell_152mm_HE_HC_Mark_34_Mod_1", "PAPA061_SHELL_152MM_AP_SC_MK_27_MOD_5" ],
          "barrelDiameter" : 0.152,
          "coeffPerSecondMin" : 0.3,
          "deadZone" : [ ],
          "delim" : 0.5,
          "ellipseRangeMax" : 250.0,
          "ellipseRangeMin" : 50.0,
          "horizSector" : [ -15.0, 143.0 ],
          "id" : 4139378672,
          "idealDistance" : 1000.0,
          "idealRadius" : 8.0,
          "index" : "PAGM148",
          "maxEllipseRanging" : 1.003,
          "medEllipseRanging" : 1.002,
          "minEllipseRanging" : 1.001,
          "minRadius" : 1.1,
          "name" : "PAGM148_6in53_Mk13_Single",
          "numBarrels" : 1,
          "onMoveTarPosCoeffDelim" : 1.001,
          "onMoveTarPosCoeffMaxDist" : 1.002,
          "onMoveTarPosCoeffZero" : 1.0,
          "onMoveTarPosDelim" : 0.1,
          "position" : [ 4.5, 1.75 ],
          "radiusOnDelim" : 0.5,
          "radiusOnMax" : 0.6,
          "radiusOnZero" : 0.2,
          "reduceTime" : 0.1,
          "rotationSpeed" : [ 7.5, 7.5 ],
          "shotDelay" : 7.0,
          "smokePenalty" : 1.0E-4,
          "typeinfo" : {
            "nation" : "USA",
            "species" : "Main",
            "type" : "Gun"
          },
          "vertSector" : [ -2.0, 20.0 ]
        }, {
          "ammoList" : [ "PAPA030_Shell_152mm_HE_HC_Mark_34_Mod_1", "PAPA061_SHELL_152MM_AP_SC_MK_27_MOD_5" ],
          "barrelDiameter" : 0.152,
          "coeffPerSecondMin" : 0.3,
          "deadZone" : [ ],
          "delim" : 0.5,
          "ellipseRangeMax" : 250.0,
          "ellipseRangeMin" : 50.0,
          "horizSector" : [ -143.0, 15.0 ],
          "id" : 4139378672,
          "idealDistance" : 1000.0,
          "idealRadius" : 8.0,
          "index" : "PAGM148",
          "maxEllipseRanging" : 1.003,
          "medEllipseRanging" : 1.002,
          "minEllipseRanging" : 1.001,
          "minRadius" : 1.1,
          "name" : "PAGM148_6in53_Mk13_Single",
          "numBarrels" : 1,
          "onMoveTarPosCoeffDelim" : 1.001,
          "onMoveTarPosCoeffMaxDist" : 1.002,
          "onMoveTarPosCoeffZero" : 1.0,
          "onMoveTarPosDelim" : 0.1,
          "position" : [ 4.5, 0.25 ],
          "radiusOnDelim" : 0.5,
          "radiusOnMax" : 0.6,
          "radiusOnZero" : 0.2,
          "reduceTime" : 0.1,
          "rotationSpeed" : [ 7.5, 7.5 ],
          "shotDelay" : 7.0,
          "smokePenalty" : 1.0E-4,
          "typeinfo" : {
            "nation" : "USA",
            "species" : "Main",
            "type" : "Gun"
          },
          "vertSector" : [ -2.0, 20.0 ]
        }, {
          "ammoList" : [ "PAPA030_Shell_152mm_HE_HC_Mark_34_Mod_1", "PAPA061_SHELL_152MM_AP_SC_MK_27_MOD_5" ],
          "barrelDiameter" : 0.152,
          "coeffPerSecondMin" : 0.3,
          "deadZone" : [ ],
          "delim" : 0.5,
          "ellipseRangeMax" : 250.0,
          "ellipseRangeMin" : 50.0,
          "horizSector" : [ -143.0, 143.0 ],
          "id" : 4262062064,
          "idealDistance" : 1000.0,
          "idealRadius" : 8.0,
          "index" : "PAGM031",
          "maxEllipseRanging" : 1.003,
          "medEllipseRanging" : 1.002,
          "minEllipseRanging" : 1.001,
          "minRadius" : 1.1,
          "name" : "PAGM031_6in53_Mk16_Twin",
          "numBarrels" : 2,
          "onMoveTarPosCoeffDelim" : 1.001,
          "onMoveTarPosCoeffMaxDist" : 1.002,
          "onMoveTarPosCoeffZero" : 1.0,
          "onMoveTarPosDelim" : 0.1,
          "position" : [ 5.7, 1.0 ],
          "radiusOnDelim" : 0.5,
          "radiusOnMax" : 0.6,
          "radiusOnZero" : 0.2,
          "reduceTime" : 0.1,
          "rotationSpeed" : [ 7.5, 7.5 ],
          "shotDelay" : 7.0,
          "smokePenalty" : 1.0E-4,
          "typeinfo" : {
            "nation" : "USA",
            "species" : "Main",
            "type" : "Gun"
          },
          "vertSector" : [ -2.0, 30.0 ]
        } ],
        "turretTypes" : {
          "2" : [ 2, "PAGM031_6in53_Mk16_Twin" ],
          "1" : [ 6, "PAGM148_6in53_Mk13_Single" ]
        },
        "maxDist" : 13830.0,
        "minDistH" : 134.0,
        "minDistV" : 439.0,
        "normalDistribution" : true,
        "sigmaCount" : 2.0,
        "taperDist" : 4000.0,
        "GMIdealRadius" : 1.0,
        "barrelDiameter" : 0.152
      }
    },
    "hull" : {
      "A_Hull_1923" : {
        "backwardPowerCoef" : 3.0,
        "buoyancy" : 200000.0,
        "burnNodes" : [ [ 0.8668, 0.3, 30.0 ], [ 0.8668, 0.3, 30.0 ], [ 0.8668, 0.3, 30.0 ], [ 0.8668, 0.3, 30.0 ] ],
        "burnProb" : 0.8668,
        "burnDamage" : 0.3,
        "burnTime" : 30.0,
        "burnSize" : 4.0,
        "deckHeight" : 0.5,
        "deepwaterVisibilityCoeff" : 0.1,
        "draft" : 4.11,
        "enginePower" : 90000.0,
        "floodNodes" : [ [ 0.333, 0.25, 40.0 ], [ 0.333, 0.25, 40.0 ] ],
        "floodProb" : 0.333,
        "floodProtection" : 0.099998474,
        "floodDamage" : 0.25,
        "floodTime" : 40.0,
        "floodSize" : 2.0,
        "health" : 23100.0,
        "mass" : 9150000.0,
        "maxRudderAngle" : 30.0,
        "maxSpeed" : 34.0,
        "pushingMaxRudderAngle" : 16.0,
        "pushingMinRudderAngle" : 1.0,
        "rollEffect" : 14.0,
        "rudderPower" : 6.7E7,
        "rudderTime" : 9.8,
        "sideDragCoef" : 230000.0,
        "size" : [ 169.3, 16.85, 20.0 ],
        "smokeScanRadius" : 27.0,
        "speedCoef" : 1.0,
        "tonnage" : 9150.0,
        "torpedoImpactMassImpulseCoeff" : 0.5,
        "turningRadius" : 600.0,
        "underwaterVisibilityCoeff" : 0.5,
        "visibilityCoefATBA" : 1.0E-6,
        "visibilityCoefATBAByPlane" : 1.0E-6,
        "visibilityCoefFire" : 2.0,
        "visibilityCoefFireByPlane" : 3.0,
        "visibilityCoefGK" : 1.0E-6,
        "visibilityCoefGKByPlane" : 3.04,
        "visibilityCoefGKInSmoke" : 6.87,
        "visibilityCoeff" : 18.39,
        "visibilityFactor" : 13.5,
        "visibilityFactorByPlane" : 5.35,
        "visibilityFactorInSmoke" : 1.0E-6,
        "burnSizeSkill" : 4
      },
      "B_Hull_1938" : {
        "backwardPowerCoef" : 3.0,
        "buoyancy" : 200000.0,
        "burnNodes" : [ [ 0.8335, 0.3, 30.0 ], [ 0.8335, 0.3, 30.0 ], [ 0.8335, 0.3, 30.0 ], [ 0.8335, 0.3, 30.0 ] ],
        "burnProb" : 0.8335,
        "burnDamage" : 0.3,
        "burnTime" : 30.0,
        "burnSize" : 4.0,
        "deckHeight" : 0.5,
        "deepwaterVisibilityCoeff" : 0.1,
        "draft" : 4.11,
        "enginePower" : 90000.0,
        "floodNodes" : [ [ 0.333, 0.25, 40.0 ], [ 0.333, 0.25, 40.0 ] ],
        "floodProb" : 0.333,
        "floodProtection" : 0.099998474,
        "floodDamage" : 0.25,
        "floodTime" : 40.0,
        "floodSize" : 2.0,
        "health" : 26800.0,
        "mass" : 9150000.0,
        "maxRudderAngle" : 30.0,
        "maxSpeed" : 34.0,
        "pushingMaxRudderAngle" : 16.0,
        "pushingMinRudderAngle" : 1.0,
        "rollEffect" : 14.0,
        "rudderPower" : 6.7E7,
        "rudderTime" : 7.5,
        "sideDragCoef" : 230000.0,
        "size" : [ 169.3, 16.85, 20.0 ],
        "smokeScanRadius" : 27.0,
        "speedCoef" : 1.0,
        "tonnage" : 9150.0,
        "torpedoImpactMassImpulseCoeff" : 0.5,
        "turningRadius" : 600.0,
        "underwaterVisibilityCoeff" : 0.5,
        "visibilityCoefATBA" : 1.0E-6,
        "visibilityCoefATBAByPlane" : 1.0E-6,
        "visibilityCoefFire" : 2.0,
        "visibilityCoefFireByPlane" : 3.0,
        "visibilityCoefGK" : 1.0E-6,
        "visibilityCoefGKByPlane" : 3.04,
        "visibilityCoefGKInSmoke" : 6.87,
        "visibilityCoeff" : 18.39,
        "visibilityFactor" : 13.5,
        "visibilityFactorByPlane" : 5.35,
        "visibilityFactorInSmoke" : 1.0E-6,
        "burnSizeSkill" : 4
      },
      "C_Hull_1944" : {
        "backwardPowerCoef" : 3.0,
        "buoyancy" : 200000.0,
        "burnNodes" : [ [ 0.8335, 0.3, 30.0 ], [ 0.8335, 0.3, 30.0 ], [ 0.8335, 0.3, 30.0 ], [ 0.8335, 0.3, 30.0 ] ],
        "burnProb" : 0.8335,
        "burnDamage" : 0.3,
        "burnTime" : 30.0,
        "burnSize" : 4.0,
        "deckHeight" : 0.5,
        "deepwaterVisibilityCoeff" : 0.1,
        "draft" : 4.11,
        "enginePower" : 90000.0,
        "floodNodes" : [ [ 0.333, 0.25, 40.0 ], [ 0.333, 0.25, 40.0 ] ],
        "floodProb" : 0.333,
        "floodProtection" : 0.099998474,
        "floodDamage" : 0.25,
        "floodTime" : 40.0,
        "floodSize" : 2.0,
        "health" : 26800.0,
        "mass" : 9150000.0,
        "maxRudderAngle" : 30.0,
        "maxSpeed" : 34.0,
        "pushingMaxRudderAngle" : 16.0,
        "pushingMinRudderAngle" : 1.0,
        "rollEffect" : 14.0,
        "rudderPower" : 6.7E7,
        "rudderTime" : 7.5,
        "sideDragCoef" : 230000.0,
        "size" : [ 169.3, 16.85, 20.0 ],
        "smokeScanRadius" : 27.0,
        "speedCoef" : 1.0,
        "tonnage" : 9150.0,
        "torpedoImpactMassImpulseCoeff" : 0.5,
        "turningRadius" : 600.0,
        "underwaterVisibilityCoeff" : 0.5,
        "visibilityCoefATBA" : 1.0E-6,
        "visibilityCoefATBAByPlane" : 1.0E-6,
        "visibilityCoefFire" : 2.0,
        "visibilityCoefFireByPlane" : 3.0,
        "visibilityCoefGK" : 1.0E-6,
        "visibilityCoefGKByPlane" : 3.04,
        "visibilityCoefGKInSmoke" : 6.87,
        "visibilityCoeff" : 21.08,
        "visibilityFactor" : 13.5,
        "visibilityFactorByPlane" : 5.35,
        "visibilityFactorInSmoke" : 1.0E-6,
        "burnSizeSkill" : 4
      }
    },
    "suo" : {
      "ABC1_FireControl" : {
        "maxDistCoef" : 1.0,
        "sigmaCountCoef" : 1.0
      },
      "ABC2_FireControl" : {
        "maxDistCoef" : 1.1,
        "sigmaCountCoef" : 1.0
      }
    },
    "torpedoes" : {
      "A_Torpedoes" : {
        "launchers" : [ {
          "ammoList" : [ "PAPT009_Mk_11" ],
          "barrelDiameter" : 0.533,
          "canRotate" : true,
          "deadZone" : [ [ 0.0, 30.0 ] ],
          "horizSector" : [ 0.0, 140.0 ],
          "id" : 4178995184,
          "index" : "PAGT110",
          "mainSector" : [ -90.0, 90.0 ],
          "name" : "PAGT110_21in_Torpedo_Tubes_Twin",
          "numAmmos" : 1000,
          "numBarrels" : 2,
          "position" : [ 2.25, 2.0 ],
          "rotationSpeed" : [ 25.0, 25.0 ],
          "shootSector" : [ 0.0, 1.0 ],
          "shotDelay" : 44.0,
          "timeBetweenShots" : 0.2,
          "timeToChangeAngle" : 1.0,
          "timeToChangeSpeed" : 1.0,
          "torpedoAngles" : [ 2.4, 8.0 ],
          "typeinfo" : {
            "nation" : "USA",
            "species" : "Torpedo",
            "type" : "Gun"
          },
          "vertSector" : [ 0.0, 1.0 ]
        }, {
          "ammoList" : [ "PAPT009_Mk_11" ],
          "barrelDiameter" : 0.533,
          "canRotate" : true,
          "deadZone" : [ [ -30.0, 0.0 ] ],
          "horizSector" : [ -140.0, 0.0 ],
          "id" : 4178995184,
          "index" : "PAGT110",
          "mainSector" : [ -90.0, 90.0 ],
          "name" : "PAGT110_21in_Torpedo_Tubes_Twin",
          "numAmmos" : 1000,
          "numBarrels" : 2,
          "position" : [ 2.25, 0.0 ],
          "rotationSpeed" : [ 25.0, 25.0 ],
          "shootSector" : [ 0.0, 1.0 ],
          "shotDelay" : 44.0,
          "timeBetweenShots" : 0.2,
          "timeToChangeAngle" : 1.0,
          "timeToChangeSpeed" : 1.0,
          "torpedoAngles" : [ 2.4, 8.0 ],
          "typeinfo" : {
            "nation" : "USA",
            "species" : "Torpedo",
            "type" : "Gun"
          },
          "vertSector" : [ 0.0, 1.0 ]
        }, {
          "ammoList" : [ "PAPT009_Mk_11" ],
          "barrelDiameter" : 0.533,
          "canRotate" : true,
          "deadZone" : [ [ 0.0, 30.0 ] ],
          "horizSector" : [ 0.0, 140.0 ],
          "id" : 4178995184,
          "index" : "PAGT110",
          "mainSector" : [ -90.0, 90.0 ],
          "name" : "PAGT110_21in_Torpedo_Tubes_Twin",
          "numAmmos" : 1000,
          "numBarrels" : 2,
          "position" : [ 3.25, 2.0 ],
          "rotationSpeed" : [ 25.0, 25.0 ],
          "shootSector" : [ 0.0, 1.0 ],
          "shotDelay" : 44.0,
          "timeBetweenShots" : 0.2,
          "timeToChangeAngle" : 1.0,
          "timeToChangeSpeed" : 1.0,
          "torpedoAngles" : [ 2.4, 8.0 ],
          "typeinfo" : {
            "nation" : "USA",
            "species" : "Torpedo",
            "type" : "Gun"
          },
          "vertSector" : [ 0.0, 1.0 ]
        }, {
          "ammoList" : [ "PAPT009_Mk_11" ],
          "barrelDiameter" : 0.533,
          "canRotate" : true,
          "deadZone" : [ [ -30.0, 0.0 ] ],
          "horizSector" : [ -140.0, 0.0 ],
          "id" : 4178995184,
          "index" : "PAGT110",
          "mainSector" : [ -90.0, 90.0 ],
          "name" : "PAGT110_21in_Torpedo_Tubes_Twin",
          "numAmmos" : 1000,
          "numBarrels" : 2,
          "position" : [ 3.25, 0.0 ],
          "rotationSpeed" : [ 25.0, 25.0 ],
          "shootSector" : [ 0.0, 1.0 ],
          "shotDelay" : 44.0,
          "timeBetweenShots" : 0.2,
          "timeToChangeAngle" : 1.0,
          "timeToChangeSpeed" : 1.0,
          "torpedoAngles" : [ 2.4, 8.0 ],
          "typeinfo" : {
            "nation" : "USA",
            "species" : "Torpedo",
            "type" : "Gun"
          },
          "vertSector" : [ 0.0, 1.0 ]
        } ],
        "launcherTypes" : {
          "2" : [ 4, "PAGT110_21in_Torpedo_Tubes_Twin" ]
        },
        "numTorpsInSalvo" : 2,
        "oneShotWaitTime" : 2.0
      },
      "B_Torpedoes" : {
        "launchers" : [ {
          "ammoList" : [ "PAPT009_Mk_11" ],
          "barrelDiameter" : 0.533,
          "canRotate" : true,
          "deadZone" : [ [ 0.0, 30.0 ] ],
          "horizSector" : [ 0.0, 140.0 ],
          "id" : 4250298352,
          "index" : "PAGT042",
          "mainSector" : [ -90.0, 90.0 ],
          "name" : "PAGT042_21in_Torpedo_Tubes_Triple",
          "numAmmos" : 1000,
          "numBarrels" : 3,
          "position" : [ 2.25, 2.0 ],
          "rotationSpeed" : [ 25.0, 25.0 ],
          "shootSector" : [ 0.0, 1.0 ],
          "shotDelay" : 66.0,
          "timeBetweenShots" : 0.2,
          "timeToChangeAngle" : 1.0,
          "timeToChangeSpeed" : 1.0,
          "torpedoAngles" : [ 3.6, 12.0 ],
          "typeinfo" : {
            "nation" : "USA",
            "species" : "Torpedo",
            "type" : "Gun"
          },
          "vertSector" : [ 0.0, 1.0 ]
        }, {
          "ammoList" : [ "PAPT009_Mk_11" ],
          "barrelDiameter" : 0.533,
          "canRotate" : true,
          "deadZone" : [ [ -30.0, 0.0 ] ],
          "horizSector" : [ -140.0, 0.0 ],
          "id" : 4250298352,
          "index" : "PAGT042",
          "mainSector" : [ -90.0, 90.0 ],
          "name" : "PAGT042_21in_Torpedo_Tubes_Triple",
          "numAmmos" : 1000,
          "numBarrels" : 3,
          "position" : [ 2.25, 0.0 ],
          "rotationSpeed" : [ 25.0, 25.0 ],
          "shootSector" : [ 0.0, 1.0 ],
          "shotDelay" : 66.0,
          "timeBetweenShots" : 0.2,
          "timeToChangeAngle" : 1.0,
          "timeToChangeSpeed" : 1.0,
          "torpedoAngles" : [ 3.6, 12.0 ],
          "typeinfo" : {
            "nation" : "USA",
            "species" : "Torpedo",
            "type" : "Gun"
          },
          "vertSector" : [ 0.0, 1.0 ]
        }, {
          "ammoList" : [ "PAPT009_Mk_11" ],
          "barrelDiameter" : 0.533,
          "canRotate" : true,
          "deadZone" : [ [ 0.0, 30.0 ] ],
          "horizSector" : [ 0.0, 140.0 ],
          "id" : 4250298352,
          "index" : "PAGT042",
          "mainSector" : [ -90.0, 90.0 ],
          "name" : "PAGT042_21in_Torpedo_Tubes_Triple",
          "numAmmos" : 1000,
          "numBarrels" : 3,
          "position" : [ 3.25, 2.0 ],
          "rotationSpeed" : [ 25.0, 25.0 ],
          "shootSector" : [ 0.0, 1.0 ],
          "shotDelay" : 66.0,
          "timeBetweenShots" : 0.2,
          "timeToChangeAngle" : 1.0,
          "timeToChangeSpeed" : 1.0,
          "torpedoAngles" : [ 3.6, 12.0 ],
          "typeinfo" : {
            "nation" : "USA",
            "species" : "Torpedo",
            "type" : "Gun"
          },
          "vertSector" : [ 0.0, 1.0 ]
        }, {
          "ammoList" : [ "PAPT009_Mk_11" ],
          "barrelDiameter" : 0.533,
          "canRotate" : true,
          "deadZone" : [ [ -30.0, 0.0 ] ],
          "horizSector" : [ -140.0, 0.0 ],
          "id" : 4250298352,
          "index" : "PAGT042",
          "mainSector" : [ -90.0, 90.0 ],
          "name" : "PAGT042_21in_Torpedo_Tubes_Triple",
          "numAmmos" : 1000,
          "numBarrels" : 3,
          "position" : [ 3.25, 0.0 ],
          "rotationSpeed" : [ 25.0, 25.0 ],
          "shootSector" : [ 0.0, 1.0 ],
          "shotDelay" : 66.0,
          "timeBetweenShots" : 0.2,
          "timeToChangeAngle" : 1.0,
          "timeToChangeSpeed" : 1.0,
          "torpedoAngles" : [ 3.6, 12.0 ],
          "typeinfo" : {
            "nation" : "USA",
            "species" : "Torpedo",
            "type" : "Gun"
          },
          "vertSector" : [ 0.0, 1.0 ]
        } ],
        "launcherTypes" : {
          "3" : [ 4, "PAGT042_21in_Torpedo_Tubes_Triple" ]
        },
        "numTorpsInSalvo" : 2,
        "oneShotWaitTime" : 2.0
      },
      "C_Torpedoes" : {
        "launchers" : [ {
          "ammoList" : [ "PAPT009_Mk_11" ],
          "barrelDiameter" : 0.533,
          "canRotate" : true,
          "deadZone" : [ [ 0.0, 10.0 ] ],
          "horizSector" : [ 0.0, 130.0 ],
          "id" : 4250298352,
          "index" : "PAGT042",
          "mainSector" : [ -90.0, 90.0 ],
          "name" : "PAGT042_21in_Torpedo_Tubes_Triple",
          "numAmmos" : 1000,
          "numBarrels" : 3,
          "position" : [ 3.25, 2.0 ],
          "rotationSpeed" : [ 25.0, 25.0 ],
          "shootSector" : [ 0.0, 1.0 ],
          "shotDelay" : 44.0,
          "timeBetweenShots" : 0.2,
          "timeToChangeAngle" : 1.0,
          "timeToChangeSpeed" : 1.0,
          "torpedoAngles" : [ 3.6, 12.0 ],
          "typeinfo" : {
            "nation" : "USA",
            "species" : "Torpedo",
            "type" : "Gun"
          },
          "vertSector" : [ 0.0, 1.0 ]
        }, {
          "ammoList" : [ "PAPT009_Mk_11" ],
          "barrelDiameter" : 0.533,
          "canRotate" : true,
          "deadZone" : [ [ -10.0, 0.0 ] ],
          "horizSector" : [ -130.0, 0.0 ],
          "id" : 4250298352,
          "index" : "PAGT042",
          "mainSector" : [ -90.0, 90.0 ],
          "name" : "PAGT042_21in_Torpedo_Tubes_Triple",
          "numAmmos" : 1000,
          "numBarrels" : 3,
          "position" : [ 3.25, 0.0 ],
          "rotationSpeed" : [ 25.0, 25.0 ],
          "shootSector" : [ 0.0, 1.0 ],
          "shotDelay" : 44.0,
          "timeBetweenShots" : 0.2,
          "timeToChangeAngle" : 1.0,
          "timeToChangeSpeed" : 1.0,
          "torpedoAngles" : [ 3.6, 12.0 ],
          "typeinfo" : {
            "nation" : "USA",
            "species" : "Torpedo",
            "type" : "Gun"
          },
          "vertSector" : [ 0.0, 1.0 ]
        } ],
        "launcherTypes" : {
          "3" : [ 2, "PAGT042_21in_Torpedo_Tubes_Triple" ]
        },
        "numTorpsInSalvo" : 2,
        "oneShotWaitTime" : 2.0
      }
    },
    "engine" : {
      "EngineDefault" : {
        "backwardEngineForsag" : 2.5,
        "backwardEngineForsagMaxSpeed" : 2.5,
        "backwardEngineUpTime" : 20.0,
        "backwardSpeedOnFlood" : -0.6,
        "damagedEnginePowerMultiplier" : -0.26,
        "damagedEnginePowerTimeMultiplier" : 5.5,
        "forwardEngineForsag" : 2.5,
        "forwardEngineForsagMaxSpeed" : 2.5,
        "forwardEngineUpTime" : 40.0,
        "forwardSpeedOnFlood" : -0.3,
        "histEnginePower" : 90000.0
      }
    }
  },
  "shipAbilities" : {
    "AbilitySlot0" : {
      "abils" : [ [ "PCY001_CrashCrew", "CV_CA_CL" ], [ "PCY009_CrashCrewPremium", "CV_CA_CL_Gold" ] ],
      "slot" : 0
    },
    "AbilitySlot1" : {
      "abils" : [ [ "PCY008_SonarSearch", "C_4_7" ], [ "PCY016_SonarSearchPremium", "C_4_7" ] ],
      "slot" : 1
    },
    "AbilitySlot2" : {
      "abils" : [ [ "PCY004_Fighter", "Fighter_2" ], [ "PCY012_FighterPremium", "Fighter_2" ] ],
      "slot" : 2
    },
    "AbilitySlot3" : {
      "abils" : [ ],
      "slot" : 3
    },
    "AbilitySlot4" : {
      "abils" : [ ],
      "slot" : 4
    }
  },
  "shipUpgradeInfo" : {
    "components" : {
      "flightControl" : [ ],
      "artillery" : [ {
        "name" : "PAUA401_C5_ART_STOCK",
        "ucType" : "_Artillery",
        "position" : 1,
        "elem" : 1,
        "prevType" : "artillery",
        "prevPosition" : 0,
        "components" : {
          "artillery" : [ "A1_152_53", "B1_152_53", "C1_152_53" ]
        },
        "ucTypeShort" : "artillery",
        "image" : "https://cdn.wowsft.com/images/modules/module_artillery.png"
      }, {
        "name" : "PAUA402_C5_ART_TOP",
        "prev" : "PAUH402_Omaha_1938",
        "ucType" : "_Artillery",
        "position" : 2,
        "elem" : 1,
        "prevType" : "hull",
        "prevPosition" : 2,
        "prevElem" : 2,
        "components" : {
          "artillery" : [ "B2_152_53", "C2_152_53" ]
        },
        "ucTypeShort" : "artillery",
        "image" : "https://cdn.wowsft.com/images/modules/module_artillery.png"
      } ],
      "hull" : [ {
        "disabledAbilities" : [ ],
        "name" : "PAUH401_Omaha_1923",
        "ucType" : "_Hull",
        "position" : 1,
        "elem" : 2,
        "prevType" : "hull",
        "prevPosition" : 0,
        "components" : {
          "airArmament" : [ "AB_AirArmament" ],
          "airDefense" : [ "A_AirDefense" ],
          "artillery" : [ "A1_152_53" ],
          "atba" : [ ],
          "hull" : [ "A_Hull_1923" ],
          "torpedoes" : [ "A_Torpedoes" ]
        },
        "ucTypeShort" : "hull",
        "image" : "https://cdn.wowsft.com/images/modules/module_hull.png"
      }, {
        "disabledAbilities" : [ ],
        "name" : "PAUH402_Omaha_1938",
        "prev" : "PAUH401_Omaha_1923",
        "ucType" : "_Hull",
        "position" : 2,
        "elem" : 2,
        "prevType" : "hull",
        "prevPosition" : 1,
        "prevElem" : 2,
        "components" : {
          "airArmament" : [ "AB_AirArmament" ],
          "airDefense" : [ "B_AirDefense" ],
          "artillery" : [ "B1_152_53", "B2_152_53" ],
          "atba" : [ ],
          "hull" : [ "B_Hull_1938" ],
          "torpedoes" : [ "B_Torpedoes" ]
        },
        "ucTypeShort" : "hull",
        "image" : "https://cdn.wowsft.com/images/modules/module_hull.png"
      }, {
        "disabledAbilities" : [ ],
        "nextShips" : [ "PASC106_Pensacola_1944" ],
        "name" : "PAUH405_Omaha_1944",
        "prev" : "PAUH402_Omaha_1938",
        "ucType" : "_Hull",
        "position" : 3,
        "elem" : 2,
        "prevType" : "hull",
        "prevPosition" : 2,
        "prevElem" : 2,
        "components" : {
          "airArmament" : [ "C_AirArmament" ],
          "airDefense" : [ "C_AirDefense" ],
          "artillery" : [ "C1_152_53", "C2_152_53" ],
          "atba" : [ ],
          "hull" : [ "C_Hull_1944" ],
          "torpedoes" : [ "C_Torpedoes" ]
        },
        "ucTypeShort" : "hull",
        "image" : "https://cdn.wowsft.com/images/modules/module_hull.png"
      } ],
      "torpedoes" : [ {
        "name" : "PAUT401_C5_TORP_STOCK",
        "ucType" : "_Torpedoes",
        "position" : 1,
        "elem" : 3,
        "prevType" : "torpedoes",
        "prevPosition" : 0,
        "components" : {
          "torpedoes" : [ "A_Torpedoes", "B_Torpedoes", "C_Torpedoes" ]
        },
        "ucTypeShort" : "torpedoes",
        "image" : "https://cdn.wowsft.com/images/modules/module_torpedoes.png"
      } ],
      "suo" : [ {
        "name" : "PAUS401_Suo",
        "ucType" : "_Suo",
        "position" : 1,
        "elem" : 4,
        "prevType" : "suo",
        "prevPosition" : 0,
        "components" : {
          "suo" : [ "ABC1_FireControl" ]
        },
        "ucTypeShort" : "suo",
        "image" : "https://cdn.wowsft.com/images/modules/module_suo.png"
      }, {
        "nextShips" : [ "PASC206_Dallas" ],
        "name" : "PAUS402_Suo",
        "prev" : "PAUS401_Suo",
        "ucType" : "_Suo",
        "position" : 2,
        "elem" : 4,
        "prevType" : "suo",
        "prevPosition" : 1,
        "prevElem" : 4,
        "components" : {
          "suo" : [ "ABC2_FireControl" ]
        },
        "ucTypeShort" : "suo",
        "image" : "https://cdn.wowsft.com/images/modules/module_suo.png"
      } ],
      "fighter" : [ ],
      "torpedoBomber" : [ ],
      "diveBomber" : [ ],
      "engine" : [ {
        "name" : "PAUE401_C5_ENG_STOCK",
        "ucType" : "_Engine",
        "position" : 1,
        "elem" : 8,
        "prevType" : "engine",
        "prevPosition" : 0,
        "components" : {
          "engine" : [ "EngineDefault" ]
        },
        "ucTypeShort" : "engine",
        "image" : "https://cdn.wowsft.com/images/modules/module_engine.png"
      } ]
    },
    "cols" : {
      "flightControl" : 0,
      "artillery" : 1,
      "hull" : 1,
      "torpedoes" : 1,
      "suo" : 1,
      "fighter" : 0,
      "torpedoBomber" : 0,
      "diveBomber" : 0,
      "engine" : 1
    },
    "maxRows" : 3,
    "costCR" : 1200000,
    "costXP" : 10500,
    "lockedConfig" : [ ],
    "value" : 1
  },
  "canEquipCamouflage" : true,
  "group" : "upgradeable",
  "id" : 4289640432,
  "index" : "PASC005",
  "level" : 5,
  "maxEquippedFlags" : 8,
  "name" : "PASC005_Omaha_1923",
  "navalFlag" : "usa",
  "needShowProjectYear" : true,
  "peculiarity" : "default",
  "steerAngle" : [ 0.2, 0.7, 1.0 ],
  "typeinfo" : {
    "nation" : "USA",
    "species" : "Cruiser",
    "type" : "Ship"
  },
  "realShipType" : "Cruiser",
  "realShipTypeId" : "CRUISER",
  "research" : true,
  "prevShipIndex" : "PASC024",
  "prevShipName" : "PASC024_Phoenix_1917",
  "prevShipXP" : 5600,
  "prevShipCompXP" : 2400,
  "typeImage" : "https://cdn.wowsft.com/images/vehicles/types/Cruiser/normal.png",
  "imageSmall" : "https://cdn.wowsft.com/images/vehicles/ship_previews/PASC005.png"
}