{
  "components" : {
    "airArmament" : {
      "A_AirArmament" : {
        "auraCoeff" : 1.0,
        "deckPlaceCount" : 0.0,
        "launchPrepareTime" : 0.0,
        "launchpadType" : "catapult",
        "planesReserveCapacity" : 0.0,
        "independentLaunchpad" : false
      }
    },
    "airDefense" : {
      "A_AirDefense" : {
        "auraMedium" : [ {
          "areaDamage" : 52.0,
          "areaDamageFrequency" : 0.2857143,
          "enableBarrage" : true,
          "guns" : [ "HP_AGA_5", "HP_AGA_6", "HP_AGA_7", "HP_AGA_8", "HP_AGA_15", "HP_AGA_16" ],
          "hitChance" : 0.9,
          "joint" : true,
          "maxDistance" : 3500.0,
          "minDistance" : 100.0,
          "shotDelay" : 0.5,
          "shotTravelTime" : 1.5,
          "type" : "medium"
        } ],
        "auraNear" : [ {
          "areaDamage" : 32.0,
          "areaDamageFrequency" : 0.2857143,
          "enableBarrage" : true,
          "guns" : [ "HP_AGA_1", "HP_AGA_2", "HP_AGA_3", "HP_AGA_4", "HP_AGA_11", "HP_AGA_12", "HP_AGA_13", "HP_AGA_14" ],
          "hitChance" : 0.85,
          "joint" : true,
          "maxDistance" : 2000.0,
          "minDistance" : 100.0,
          "shotDelay" : 0.1,
          "shotTravelTime" : 1.0,
          "type" : "near"
        } ],
        "ownerlessTracesScatterCoefficient" : 1.0,
        "sectors" : [ [ 0.0, 180.0 ], [ 180.0, 0.0 ] ],
        "prioritySectorPhases" : [ [ 5.0, "linear", 0.035, 1.0, 1.5 ], [ 5.0, "linear", 0.0, 1.5, 1.5 ] ],
        "prioritySectorPreparation" : 5.0,
        "prioritySectorDuration" : 5.0,
        "prioritySectorDamageInitial" : 0.035,
        "prioritySectorCoefficientInitial" : 1.0,
        "prioritySectorCoefficientDuring" : 1.5
      }
    },
    "artillery" : {
      "A1_Artillery" : {
        "turrets" : [ {
          "ammoList" : [ "PAPA065_SHELL_203MM_HE_INDIANAPOLIS", "PAPA064_SHELL_203MM_AP_INDIANAPOLIS" ],
          "barrelDiameter" : 0.203,
          "coeffPerSecondMin" : 0.3,
          "deadZone" : [ ],
          "delim" : 0.5,
          "ellipseRangeMax" : 250.0,
          "ellipseRangeMin" : 50.0,
          "horizSector" : [ -152.0, 152.0 ],
          "id" : 4273596400,
          "idealDistance" : 1000.0,
          "idealRadius" : 8.0,
          "index" : "PAGM020",
          "maxEllipseRanging" : 1.003,
          "medEllipseRanging" : 1.002,
          "minEllipseRanging" : 1.001,
          "minRadius" : 1.1,
          "name" : "PAGM020_8in55_Mk14_Mod1",
          "numBarrels" : 3,
          "onMoveTarPosCoeffDelim" : 1.001,
          "onMoveTarPosCoeffMaxDist" : 1.002,
          "onMoveTarPosCoeffZero" : 1.0,
          "onMoveTarPosDelim" : 0.1,
          "position" : [ 1.0, 1.0 ],
          "radiusOnDelim" : 0.5,
          "radiusOnMax" : 0.6,
          "radiusOnZero" : 0.2,
          "reduceTime" : 0.1,
          "rotationSpeed" : [ 7.0, 6.0 ],
          "shotDelay" : 14.3,
          "smokePenalty" : 1.0E-4,
          "typeinfo" : {
            "nation" : "USA",
            "species" : "Main",
            "type" : "Gun"
          },
          "vertSector" : [ -2.0, 41.0 ]
        }, {
          "ammoList" : [ "PAPA065_SHELL_203MM_HE_INDIANAPOLIS", "PAPA064_SHELL_203MM_AP_INDIANAPOLIS" ],
          "barrelDiameter" : 0.203,
          "coeffPerSecondMin" : 0.3,
          "deadZone" : [ ],
          "delim" : 0.5,
          "ellipseRangeMax" : 250.0,
          "ellipseRangeMin" : 50.0,
          "horizSector" : [ -142.0, 142.0 ],
          "id" : 4273596400,
          "idealDistance" : 1000.0,
          "idealRadius" : 8.0,
          "index" : "PAGM020",
          "maxEllipseRanging" : 1.003,
          "medEllipseRanging" : 1.002,
          "minEllipseRanging" : 1.001,
          "minRadius" : 1.1,
          "name" : "PAGM020_8in55_Mk14_Mod1",
          "numBarrels" : 3,
          "onMoveTarPosCoeffDelim" : 1.001,
          "onMoveTarPosCoeffMaxDist" : 1.002,
          "onMoveTarPosCoeffZero" : 1.0,
          "onMoveTarPosDelim" : 0.1,
          "position" : [ 2.0, 1.0 ],
          "radiusOnDelim" : 0.5,
          "radiusOnMax" : 0.6,
          "radiusOnZero" : 0.2,
          "reduceTime" : 0.1,
          "rotationSpeed" : [ 7.0, 6.0 ],
          "shotDelay" : 14.3,
          "smokePenalty" : 1.0E-4,
          "typeinfo" : {
            "nation" : "USA",
            "species" : "Main",
            "type" : "Gun"
          },
          "vertSector" : [ -2.0, 41.0 ]
        }, {
          "ammoList" : [ "PAPA065_SHELL_203MM_HE_INDIANAPOLIS", "PAPA064_SHELL_203MM_AP_INDIANAPOLIS" ],
          "barrelDiameter" : 0.203,
          "coeffPerSecondMin" : 0.3,
          "deadZone" : [ ],
          "delim" : 0.5,
          "ellipseRangeMax" : 250.0,
          "ellipseRangeMin" : 50.0,
          "horizSector" : [ -150.0, 150.0 ],
          "id" : 4273596400,
          "idealDistance" : 1000.0,
          "idealRadius" : 8.0,
          "index" : "PAGM020",
          "maxEllipseRanging" : 1.003,
          "medEllipseRanging" : 1.002,
          "minEllipseRanging" : 1.001,
          "minRadius" : 1.1,
          "name" : "PAGM020_8in55_Mk14_Mod1",
          "numBarrels" : 3,
          "onMoveTarPosCoeffDelim" : 1.001,
          "onMoveTarPosCoeffMaxDist" : 1.002,
          "onMoveTarPosCoeffZero" : 1.0,
          "onMoveTarPosDelim" : 0.1,
          "position" : [ 5.0, 1.0 ],
          "radiusOnDelim" : 0.5,
          "radiusOnMax" : 0.6,
          "radiusOnZero" : 0.2,
          "reduceTime" : 0.1,
          "rotationSpeed" : [ 7.0, 6.0 ],
          "shotDelay" : 14.3,
          "smokePenalty" : 1.0E-4,
          "typeinfo" : {
            "nation" : "USA",
            "species" : "Main",
            "type" : "Gun"
          },
          "vertSector" : [ -2.0, 41.0 ]
        } ],
        "turretTypes" : {
          "3" : [ 3, "PAGM020_8in55_Mk14_Mod1" ]
        },
        "maxDist" : 16910.0,
        "minDistH" : 142.0,
        "minDistV" : 472.0,
        "normalDistribution" : true,
        "sigmaCount" : 2.0,
        "taperDist" : 4000.0,
        "GMIdealRadius" : 1.0,
        "barrelDiameter" : 0.203
      }
    },
    "atba" : {
      "A_ATBA" : {
        "auraFar" : [ {
          "areaDamage" : 22.0,
          "areaDamageFrequency" : 0.2857143,
          "bubbleDuration" : 3.0,
          "enableBarrage" : true,
          "enableCrewSelectedTargetCoeff" : true,
          "explosionCount" : 2.0,
          "guns" : [ "HP_AGS_1", "HP_AGS_2", "HP_AGS_3", "HP_AGS_4", "HP_AGS_5", "HP_AGS_6", "HP_AGS_7", "HP_AGS_8" ],
          "halfOuterBubbleZone" : 50.0,
          "hitChance" : 0.9,
          "innerBubbleCount" : 3.0,
          "innerBubbleSpawnTimeRange" : [ 2.65, 3.15 ],
          "innerBubbleZone" : 20.0,
          "joint" : true,
          "maxBubbleActivationDelay" : 0.4,
          "maxDistance" : 4800.0,
          "minBubbleActivationDelay" : 0.1,
          "minDistance" : 100.0,
          "outerBubbleSpawnTimeRange" : [ 2.45, 2.65 ],
          "shotDelay" : 5.0,
          "shotTravelTime" : 1.25,
          "type" : "far"
        }, {
          "areaDamageFrequency" : 0.2857143,
          "bubbleDamage" : 190.0,
          "bubbleDuration" : 3.0,
          "bubbleRadius" : 2.475,
          "enableBarrage" : true,
          "enableCrewSelectedTargetCoeff" : true,
          "explosionCount" : 2.0,
          "guns" : [ "HP_AGS_1", "HP_AGS_2", "HP_AGS_3", "HP_AGS_4", "HP_AGS_5", "HP_AGS_6", "HP_AGS_7", "HP_AGS_8" ],
          "halfOuterBubbleZone" : 50.0,
          "hitChance" : 0.9,
          "innerBubbleCount" : 2.0,
          "innerBubbleSpawnTimeRange" : [ 2.65, 3.15 ],
          "innerBubbleZone" : 20.0,
          "joint" : true,
          "maxBubbleActivationDelay" : 0.4,
          "maxDistance" : 4800.0,
          "minBubbleActivationDelay" : 0.1,
          "minDistance" : 3500.0,
          "outerBubbleCount" : 1.0,
          "outerBubbleSpawnTimeRange" : [ 2.45, 2.65 ],
          "shotDelay" : 5.0,
          "shotTravelTime" : 1.25,
          "type" : "far"
        } ],
        "secondaries" : {
          "PAGS007_5in25_Mk19_Mod6" : {
            "ammoList" : [ "PAPA003_Shell_127mm_HE_HC_Mk_36" ],
            "antiAirAuraDistance" : 140.0,
            "antiAirAuraStrength" : 0.073,
            "barrelDiameter" : 0.127,
            "deadZone" : [ [ -6.0, 0.0 ] ],
            "delim" : 0.6,
            "horizSector" : [ -150.0, 0.0 ],
            "id" : 4287031280,
            "idealDistance" : 333.333,
            "idealRadius" : 20.0,
            "index" : "PAGS007",
            "minRadius" : 1.0,
            "name" : "PAGS007_5in25_Mk19_Mod6",
            "numBarrels" : 1,
            "radiusOnDelim" : 0.8,
            "radiusOnMax" : 1.0,
            "radiusOnZero" : 0.1,
            "rotationSpeed" : [ 60.0, 1.0 ],
            "shotDelay" : 4.5,
            "smallGun" : true,
            "smokePenalty" : 1.0E-4,
            "typeinfo" : {
              "nation" : "USA",
              "species" : "Secondary",
              "type" : "Gun"
            },
            "vertSector" : [ -2.0, 85.0 ],
            "GSIdealRadius" : 1.0,
            "count" : 8
          }
        },
        "maxDist" : 4500.0,
        "minDistH" : 142.0,
        "minDistV" : 472.0,
        "sigmaCount" : 1.0,
        "GSIdealRadius" : 1.0
      }
    },
    "hull" : {
      "A_Hull" : {
        "backwardPowerCoef" : 3.0,
        "buoyancy" : 200000.0,
        "burnNodes" : [ [ 0.7003, 0.3, 30.0 ], [ 0.7003, 0.3, 30.0 ], [ 0.7003, 0.3, 30.0 ], [ 0.7003, 0.3, 30.0 ] ],
        "burnProb" : 0.7003,
        "burnDamage" : 0.3,
        "burnTime" : 30.0,
        "burnSize" : 4.0,
        "deckHeight" : 0.5,
        "deepwaterVisibilityCoeff" : 0.1,
        "draft" : 11.0,
        "enginePower" : 107000.0,
        "floodNodes" : [ [ 0.333, 0.25, 40.0 ], [ 0.333, 0.25, 40.0 ] ],
        "floodProb" : 0.333,
        "floodProtection" : 0.099998474,
        "floodDamage" : 0.25,
        "floodTime" : 40.0,
        "floodSize" : 2.0,
        "health" : 32500.0,
        "mass" : 1.176E7,
        "maxRudderAngle" : 30.0,
        "maxSpeed" : 32.5,
        "pushingMaxRudderAngle" : 16.0,
        "pushingMinRudderAngle" : 1.0,
        "rollEffect" : 18.0,
        "rudderPower" : 5.8E7,
        "rudderTime" : 10.9,
        "sideDragCoef" : 320000.0,
        "size" : [ 260.0, 20.0, 37.0 ],
        "smokeScanRadius" : 27.0,
        "speedCoef" : 1.0,
        "tonnage" : 11760.0,
        "torpedoImpactMassImpulseCoeff" : 0.5,
        "turningRadius" : 650.0,
        "underwaterVisibilityCoeff" : 0.5,
        "visibilityCoefATBA" : 1.0E-6,
        "visibilityCoefATBAByPlane" : 1.0E-6,
        "visibilityCoefFire" : 2.0,
        "visibilityCoefFireByPlane" : 3.0,
        "visibilityCoefGK" : 1.0E-6,
        "visibilityCoefGKByPlane" : 4.06,
        "visibilityCoefGKInSmoke" : 7.26,
        "visibilityCoeff" : 23.48,
        "visibilityFactor" : 12.7,
        "visibilityFactorByPlane" : 6.46,
        "visibilityFactorInSmoke" : 1.0E-6,
        "burnSizeSkill" : 4
      }
    },
    "suo" : {
      "A1_FireControl" : {
        "maxDistCoef" : 1.0,
        "sigmaCountCoef" : 1.0
      }
    },
    "engine" : {
      "A_Engine" : {
        "backwardEngineForsag" : 2.5,
        "backwardEngineForsagMaxSpeed" : 2.5,
        "backwardEngineUpTime" : 20.0,
        "backwardSpeedOnFlood" : -0.6,
        "damagedEnginePowerMultiplier" : -0.26,
        "damagedEnginePowerTimeMultiplier" : 5.5,
        "forwardEngineForsag" : 2.5,
        "forwardEngineForsagMaxSpeed" : 2.5,
        "forwardEngineUpTime" : 40.0,
        "forwardSpeedOnFlood" : -0.3,
        "histEnginePower" : 107000.0
      }
    }
  },
  "shipAbilities" : {
    "AbilitySlot0" : {
      "abils" : [ [ "PCY001_CrashCrew", "CV_CA_CL" ], [ "PCY009_CrashCrewPremium", "CV_CA_CL_Gold" ], [ "PCY023_CrashCrewSuper", "CV_CA_CL" ] ],
      "slot" : 0
    },
    "AbilitySlot1" : {
      "abils" : [ [ "PCY003_AirDefenseDisp", "US_Cruisers" ], [ "PCY011_AirDefenseDispPremium", "US_Cruisers_Gold" ], [ "PCY025_AirDefenseDispSuper", "US_Cruisers" ], [ "PCY008_SonarSearch", "C_4_7" ], [ "PCY016_SonarSearchPremium", "C_4_7" ], [ "PCY030_SonarSearchSuper", "C_4_7" ] ],
      "slot" : 1
    },
    "AbilitySlot2" : {
      "abils" : [ [ "PCY004_Fighter", "Fighter_3" ], [ "PCY012_FighterPremium", "Fighter_3" ], [ "PCY026_FighterSuper", "Fighter_3" ], [ "PCY019_RLSSearch", "US_7_INDIANAPOLIS" ], [ "PCY020_RLSSearchPremium", "US_7_INDIANAPOLIS_PREMIUM" ], [ "PCY032_RLSSearchSuper", "US_7_INDIANAPOLIS" ] ],
      "slot" : 2
    },
    "AbilitySlot3" : {
      "abils" : [ ],
      "slot" : 3
    },
    "AbilitySlot4" : {
      "abils" : [ ],
      "slot" : 4
    }
  },
  "shipUpgradeInfo" : {
    "components" : {
      "flightControl" : [ ],
      "artillery" : [ {
        "name" : "PAUA641_INDIANAPOLIS",
        "ucType" : "_Artillery",
        "position" : 1,
        "elem" : 1,
        "prevType" : "artillery",
        "prevPosition" : 0,
        "components" : {
          "artillery" : [ "A1_Artillery" ]
        },
        "ucTypeShort" : "artillery",
        "image" : "https://cdn.wowsft.com/images/modules/module_artillery.png"
      } ],
      "hull" : [ {
        "disabledAbilities" : [ ],
        "name" : "PAUH641_INDIANAPOLIS",
        "ucType" : "_Hull",
        "position" : 1,
        "elem" : 2,
        "prevType" : "hull",
        "prevPosition" : 0,
        "components" : {
          "airArmament" : [ "A_AirArmament" ],
          "airDefense" : [ "A_AirDefense" ],
          "artillery" : [ "A1_Artillery" ],
          "atba" : [ "A_ATBA" ],
          "hull" : [ "A_Hull" ],
          "torpedoes" : [ ]
        },
        "ucTypeShort" : "hull",
        "image" : "https://cdn.wowsft.com/images/modules/module_hull.png"
      } ],
      "torpedoes" : [ ],
      "suo" : [ {
        "name" : "PAUS641_SUO_INDIANAPOLIS",
        "ucType" : "_Suo",
        "position" : 1,
        "elem" : 4,
        "prevType" : "suo",
        "prevPosition" : 0,
        "components" : {
          "suo" : [ "A1_FireControl" ]
        },
        "ucTypeShort" : "suo",
        "image" : "https://cdn.wowsft.com/images/modules/module_suo.png"
      } ],
      "fighter" : [ ],
      "torpedoBomber" : [ ],
      "diveBomber" : [ ],
      "engine" : [ {
        "name" : "PAUE621_ENGINE_INDIANAPOLIS",
        "ucType" : "_Engine",
        "position" : 1,
        "elem" : 8,
        "prevType" : "engine",
        "prevPosition" : 0,
        "components" : {
          "engine" : [ "A_Engine" ]
        },
        "ucTypeShort" : "engine",
        "image" : "https://cdn.wowsft.com/images/modules/module_engine.png"
      } ]
    },
    "cols" : {
      "flightControl" : 0,
      "artillery" : 1,
      "hull" : 1,
      "torpedoes" : 0,
      "suo" : 1,
      "fighter" : 0,
      "torpedoBomber" : 0,
      "diveBomber" : 0,
      "engine" : 1
    },
    "maxRows" : 1,
    "costGold" : 7500,
    "lockedConfig" : [ ],
    "value" : 1
  },
  "canEquipCamouflage" : true,
  "group" : "special",
  "id" : 3763255280,
  "index" : "PASC507",
  "level" : 7,
  "maxEquippedFlags" : 8,
  "name" : "PASC507_Indianapolis_1945",
  "navalFlag" : "usa",
  "needShowProjectYear" : true,
  "peculiarity" : "default",
  "steerAngle" : [ 0.2, 0.7, 1.0 ],
  "typeinfo" : {
    "nation" : "USA",
    "species" : "Cruiser",
    "type" : "Ship"
  },
  "realShipType" : "Premium",
  "realShipTypeId" : "FILTER_PREMIUM",
  "typeImage" : "https://cdn.wowsft.com/images/vehicles/types/Cruiser/premium.png",
  "imageSmall" : "https://cdn.wowsft.com/images/vehicles/ship_previews/PASC507.png"
}