{
  "components" : {
    "airDefense" : {
      "A_AirDefense" : {
        "auraMedium" : [ {
          "areaDamage" : 2.0,
          "areaDamageFrequency" : 0.2857143,
          "enableBarrage" : true,
          "guns" : [ "HP_AGA_3", "HP_AGA_4" ],
          "hitChance" : 1.0,
          "joint" : true,
          "maxDistance" : 3000.0,
          "minDistance" : 100.0,
          "shotDelay" : 0.5,
          "shotTravelTime" : 1.5,
          "type" : "medium"
        } ],
        "auraNear" : [ {
          "areaDamage" : 30.0,
          "areaDamageFrequency" : 0.2857143,
          "enableBarrage" : true,
          "guns" : [ "HP_AGA_1", "HP_AGA_2", "HP_AGA_5", "HP_AGA_6", "HP_AGA_7", "HP_AGA_8" ],
          "hitChance" : 0.95,
          "joint" : true,
          "maxDistance" : 1500.0,
          "minDistance" : 100.0,
          "shotDelay" : 0.1,
          "shotTravelTime" : 1.0,
          "type" : "near"
        } ],
        "ownerlessTracesScatterCoefficient" : 1.0,
        "sectors" : [ [ 0.0, 180.0 ], [ 180.0, 0.0 ] ],
        "prioritySectorPhases" : [ [ 5.0, "linear", 0.05, 1.0, 1.35 ], [ 5.0, "linear", 0.0, 1.35, 1.35 ] ],
        "prioritySectorPreparation" : 5.0,
        "prioritySectorDuration" : 5.0,
        "prioritySectorDamageInitial" : 0.05,
        "prioritySectorCoefficientInitial" : 1.0,
        "prioritySectorCoefficientDuring" : 1.35
      },
      "B_AirDefense" : {
        "auraNear" : [ {
          "areaDamage" : 4.0,
          "areaDamageFrequency" : 0.2857143,
          "enableBarrage" : true,
          "guns" : [ "HP_AGA_3", "HP_AGA_4" ],
          "hitChance" : 0.95,
          "joint" : true,
          "maxDistance" : 2400.0,
          "minDistance" : 100.0,
          "shotDelay" : 0.1,
          "shotTravelTime" : 1.0,
          "type" : "near"
        }, {
          "areaDamage" : 21.0,
          "areaDamageFrequency" : 0.2857143,
          "enableBarrage" : true,
          "guns" : [ "HP_AGA_1", "HP_AGA_2", "HP_AGA_5", "HP_AGA_6", "HP_AGA_7", "HP_AGA_8" ],
          "hitChance" : 0.95,
          "joint" : true,
          "maxDistance" : 2400.0,
          "minDistance" : 100.0,
          "shotDelay" : 0.1,
          "shotTravelTime" : 1.0,
          "type" : "near"
        } ],
        "ownerlessTracesScatterCoefficient" : 1.0,
        "sectors" : [ [ 0.0, 180.0 ], [ 180.0, 0.0 ] ],
        "prioritySectorPhases" : [ [ 5.0, "linear", 0.05, 1.0, 1.35 ], [ 5.0, "linear", 0.0, 1.35, 1.35 ] ],
        "prioritySectorPreparation" : 5.0,
        "prioritySectorDuration" : 5.0,
        "prioritySectorDamageInitial" : 0.05,
        "prioritySectorCoefficientInitial" : 1.0,
        "prioritySectorCoefficientDuring" : 1.35
      }
    },
    "artillery" : {
      "A1_Artillery" : {
        "turrets" : [ {
          "ammoList" : [ "PAPA042_Shell_127_HE_HC_Mk_39", "PAPA043_Shell_127_AP_C_Mk_15" ],
          "barrelDiameter" : 0.127,
          "coeffPerSecondMin" : 0.3,
          "deadZone" : [ ],
          "delim" : 0.5,
          "ellipseRangeMax" : 250.0,
          "ellipseRangeMin" : 50.0,
          "horizSector" : [ -144.0, 144.0 ],
          "id" : 4170835952,
          "idealDistance" : 1000.0,
          "idealRadius" : 8.0,
          "index" : "PAGM118",
          "maxEllipseRanging" : 1.003,
          "medEllipseRanging" : 1.002,
          "minEllipseRanging" : 1.001,
          "minRadius" : 0.5,
          "name" : "PAGM118_5in51_Mk_7_mod2",
          "numBarrels" : 1,
          "onMoveTarPosCoeffDelim" : 1.001,
          "onMoveTarPosCoeffMaxDist" : 1.002,
          "onMoveTarPosCoeffZero" : 1.0,
          "onMoveTarPosDelim" : 0.1,
          "position" : [ -0.25, 1.0 ],
          "radiusOnDelim" : 0.5,
          "radiusOnMax" : 0.6,
          "radiusOnZero" : 0.2,
          "reduceTime" : 0.1,
          "rotationSpeed" : [ 15.0, 5.0 ],
          "shotDelay" : 6.5,
          "smokePenalty" : 1.0E-4,
          "typeinfo" : {
            "nation" : "USA",
            "species" : "Main",
            "type" : "Gun"
          },
          "vertSector" : [ -1.0, 15.0 ]
        }, {
          "ammoList" : [ "PAPA042_Shell_127_HE_HC_Mk_39", "PAPA043_Shell_127_AP_C_Mk_15" ],
          "barrelDiameter" : 0.127,
          "coeffPerSecondMin" : 0.3,
          "deadZone" : [ ],
          "delim" : 0.5,
          "ellipseRangeMax" : 250.0,
          "ellipseRangeMin" : 50.0,
          "horizSector" : [ -130.0, 130.0 ],
          "id" : 4170835952,
          "idealDistance" : 1000.0,
          "idealRadius" : 8.0,
          "index" : "PAGM118",
          "maxEllipseRanging" : 1.003,
          "medEllipseRanging" : 1.002,
          "minEllipseRanging" : 1.001,
          "minRadius" : 0.5,
          "name" : "PAGM118_5in51_Mk_7_mod2",
          "numBarrels" : 1,
          "onMoveTarPosCoeffDelim" : 1.001,
          "onMoveTarPosCoeffMaxDist" : 1.002,
          "onMoveTarPosCoeffZero" : 1.0,
          "onMoveTarPosDelim" : 0.1,
          "position" : [ 0.75, 1.0 ],
          "radiusOnDelim" : 0.5,
          "radiusOnMax" : 0.6,
          "radiusOnZero" : 0.2,
          "reduceTime" : 0.1,
          "rotationSpeed" : [ 15.0, 5.0 ],
          "shotDelay" : 6.5,
          "smokePenalty" : 1.0E-4,
          "typeinfo" : {
            "nation" : "USA",
            "species" : "Main",
            "type" : "Gun"
          },
          "vertSector" : [ -1.0, 15.0 ]
        }, {
          "ammoList" : [ "PAPA042_Shell_127_HE_HC_Mk_39", "PAPA043_Shell_127_AP_C_Mk_15" ],
          "barrelDiameter" : 0.127,
          "coeffPerSecondMin" : 0.3,
          "deadZone" : [ ],
          "delim" : 0.5,
          "ellipseRangeMax" : 250.0,
          "ellipseRangeMin" : 50.0,
          "horizSector" : [ -160.0, 160.0 ],
          "id" : 4155107312,
          "idealDistance" : 1000.0,
          "idealRadius" : 8.0,
          "index" : "PAGM133",
          "maxEllipseRanging" : 1.003,
          "medEllipseRanging" : 1.002,
          "minEllipseRanging" : 1.001,
          "minRadius" : 0.5,
          "name" : "PAGM133_5in51_Mk_7_mod2",
          "numBarrels" : 1,
          "onMoveTarPosCoeffDelim" : 1.001,
          "onMoveTarPosCoeffMaxDist" : 1.002,
          "onMoveTarPosCoeffZero" : 1.0,
          "onMoveTarPosDelim" : 0.1,
          "position" : [ 4.75, 1.0 ],
          "radiusOnDelim" : 0.5,
          "radiusOnMax" : 0.6,
          "radiusOnZero" : 0.2,
          "reduceTime" : 0.1,
          "rotationSpeed" : [ 15.0, 5.0 ],
          "shotDelay" : 6.5,
          "smokePenalty" : 1.0E-4,
          "typeinfo" : {
            "nation" : "USA",
            "species" : "Main",
            "type" : "Gun"
          },
          "vertSector" : [ -1.0, 15.0 ]
        }, {
          "ammoList" : [ "PAPA042_Shell_127_HE_HC_Mk_39", "PAPA043_Shell_127_AP_C_Mk_15" ],
          "barrelDiameter" : 0.127,
          "coeffPerSecondMin" : 0.3,
          "deadZone" : [ ],
          "delim" : 0.5,
          "ellipseRangeMax" : 250.0,
          "ellipseRangeMin" : 50.0,
          "horizSector" : [ -140.0, 140.0 ],
          "id" : 4170835952,
          "idealDistance" : 1000.0,
          "idealRadius" : 8.0,
          "index" : "PAGM118",
          "maxEllipseRanging" : 1.003,
          "medEllipseRanging" : 1.002,
          "minEllipseRanging" : 1.001,
          "minRadius" : 0.5,
          "name" : "PAGM118_5in51_Mk_7_mod2",
          "numBarrels" : 1,
          "onMoveTarPosCoeffDelim" : 1.001,
          "onMoveTarPosCoeffMaxDist" : 1.002,
          "onMoveTarPosCoeffZero" : 1.0,
          "onMoveTarPosDelim" : 0.1,
          "position" : [ 5.75, 1.0 ],
          "radiusOnDelim" : 0.5,
          "radiusOnMax" : 0.6,
          "radiusOnZero" : 0.2,
          "reduceTime" : 0.1,
          "rotationSpeed" : [ 15.0, 5.0 ],
          "shotDelay" : 6.5,
          "smokePenalty" : 1.0E-4,
          "typeinfo" : {
            "nation" : "USA",
            "species" : "Main",
            "type" : "Gun"
          },
          "vertSector" : [ -1.0, 15.0 ]
        } ],
        "turretTypes" : {
          "1" : [ 4, "PAGM118_5in51_Mk_7_mod2" ]
        },
        "maxDist" : 10930.0,
        "minDistH" : 119.0,
        "minDistV" : 289.0,
        "normalDistribution" : true,
        "sigmaCount" : 2.0,
        "taperDist" : 4000.0,
        "GMIdealRadius" : 1.0,
        "barrelDiameter" : 0.127
      },
      "B1_Artillery" : {
        "auraFar" : [ {
          "areaDamage" : 7.0,
          "areaDamageFrequency" : 0.2857143,
          "bubbleDuration" : 3.0,
          "enableBarrage" : true,
          "enableCrewSelectedTargetCoeff" : true,
          "explosionCount" : 2.0,
          "guns" : [ "HP_AGM_1", "HP_AGM_2", "HP_AGM_3", "HP_AGM_4" ],
          "halfOuterBubbleZone" : 50.0,
          "hitChance" : 1.0,
          "innerBubbleCount" : 3.0,
          "innerBubbleSpawnTimeRange" : [ 2.65, 3.15 ],
          "innerBubbleZone" : 20.0,
          "joint" : true,
          "maxBubbleActivationDelay" : 0.4,
          "maxDistance" : 5800.0,
          "minBubbleActivationDelay" : 0.1,
          "minDistance" : 100.0,
          "outerBubbleSpawnTimeRange" : [ 2.45, 2.65 ],
          "shotDelay" : 5.0,
          "shotTravelTime" : 1.51,
          "type" : "far"
        }, {
          "areaDamageFrequency" : 0.2857143,
          "bubbleDamage" : 150.0,
          "bubbleDuration" : 3.0,
          "bubbleRadius" : 2.292,
          "enableBarrage" : true,
          "enableCrewSelectedTargetCoeff" : true,
          "explosionCount" : 2.0,
          "guns" : [ "HP_AGM_1", "HP_AGM_2", "HP_AGM_3", "HP_AGM_4" ],
          "halfOuterBubbleZone" : 50.0,
          "hitChance" : 1.0,
          "innerBubbleCount" : 1.0,
          "innerBubbleSpawnTimeRange" : [ 2.65, 3.15 ],
          "innerBubbleZone" : 20.0,
          "joint" : true,
          "maxBubbleActivationDelay" : 0.4,
          "maxDistance" : 5800.0,
          "minBubbleActivationDelay" : 0.1,
          "minDistance" : 3500.0,
          "outerBubbleSpawnTimeRange" : [ 2.45, 2.65 ],
          "shotDelay" : 5.0,
          "shotTravelTime" : 1.51,
          "type" : "far"
        } ],
        "turrets" : [ {
          "ammoList" : [ "PAPA044_Main_127mm_HE_C_Mk_32", "PAPA004_Shell_127mm_AP_SC_Mk_38" ],
          "antiAirAuraDistance" : 167.0,
          "antiAirAuraStrength" : 0.032,
          "barrelDiameter" : 0.127,
          "coeffPerSecondMin" : 0.3,
          "deadZone" : [ ],
          "delim" : 0.5,
          "ellipseRangeMax" : 250.0,
          "ellipseRangeMin" : 50.0,
          "horizSector" : [ -144.0, 144.0 ],
          "id" : 4149864432,
          "idealDistance" : 1000.0,
          "idealRadius" : 8.0,
          "index" : "PAGM138",
          "maxEllipseRanging" : 1.003,
          "medEllipseRanging" : 1.002,
          "minEllipseRanging" : 1.001,
          "minRadius" : 0.5,
          "name" : "PAGM138_5in38_Mk21",
          "numBarrels" : 1,
          "onMoveTarPosCoeffDelim" : 1.001,
          "onMoveTarPosCoeffMaxDist" : 1.002,
          "onMoveTarPosCoeffZero" : 1.0,
          "onMoveTarPosDelim" : 0.1,
          "position" : [ -0.25, 1.0 ],
          "radiusOnDelim" : 0.5,
          "radiusOnMax" : 0.6,
          "radiusOnZero" : 0.2,
          "reduceTime" : 0.1,
          "rotationSpeed" : [ 15.0, 18.0 ],
          "shotDelay" : 4.0,
          "smokePenalty" : 1.0E-4,
          "typeinfo" : {
            "nation" : "USA",
            "species" : "Main",
            "type" : "Gun"
          },
          "vertSector" : [ -1.0, 85.0 ]
        }, {
          "ammoList" : [ "PAPA044_Main_127mm_HE_C_Mk_32", "PAPA004_Shell_127mm_AP_SC_Mk_38" ],
          "antiAirAuraDistance" : 167.0,
          "antiAirAuraStrength" : 0.032,
          "barrelDiameter" : 0.127,
          "coeffPerSecondMin" : 0.3,
          "deadZone" : [ ],
          "delim" : 0.5,
          "ellipseRangeMax" : 250.0,
          "ellipseRangeMin" : 50.0,
          "horizSector" : [ -130.0, 130.0 ],
          "id" : 4149864432,
          "idealDistance" : 1000.0,
          "idealRadius" : 8.0,
          "index" : "PAGM138",
          "maxEllipseRanging" : 1.003,
          "medEllipseRanging" : 1.002,
          "minEllipseRanging" : 1.001,
          "minRadius" : 0.5,
          "name" : "PAGM138_5in38_Mk21",
          "numBarrels" : 1,
          "onMoveTarPosCoeffDelim" : 1.001,
          "onMoveTarPosCoeffMaxDist" : 1.002,
          "onMoveTarPosCoeffZero" : 1.0,
          "onMoveTarPosDelim" : 0.1,
          "position" : [ 0.75, 1.0 ],
          "radiusOnDelim" : 0.5,
          "radiusOnMax" : 0.6,
          "radiusOnZero" : 0.2,
          "reduceTime" : 0.1,
          "rotationSpeed" : [ 15.0, 18.0 ],
          "shotDelay" : 4.0,
          "smokePenalty" : 1.0E-4,
          "typeinfo" : {
            "nation" : "USA",
            "species" : "Main",
            "type" : "Gun"
          },
          "vertSector" : [ -1.0, 85.0 ]
        }, {
          "ammoList" : [ "PAPA044_Main_127mm_HE_C_Mk_32", "PAPA004_Shell_127mm_AP_SC_Mk_38" ],
          "antiAirAuraDistance" : 167.0,
          "antiAirAuraStrength" : 0.032,
          "barrelDiameter" : 0.127,
          "coeffPerSecondMin" : 0.3,
          "deadZone" : [ ],
          "delim" : 0.5,
          "ellipseRangeMax" : 250.0,
          "ellipseRangeMin" : 50.0,
          "horizSector" : [ -160.0, 160.0 ],
          "id" : 4202293232,
          "idealDistance" : 1000.0,
          "idealRadius" : 8.0,
          "index" : "PAGM088",
          "maxEllipseRanging" : 1.003,
          "medEllipseRanging" : 1.002,
          "minEllipseRanging" : 1.001,
          "minRadius" : 0.5,
          "name" : "PAGM088_5in38_Mk40_Mod33",
          "numBarrels" : 1,
          "onMoveTarPosCoeffDelim" : 1.001,
          "onMoveTarPosCoeffMaxDist" : 1.002,
          "onMoveTarPosCoeffZero" : 1.0,
          "onMoveTarPosDelim" : 0.1,
          "position" : [ 4.75, 1.0 ],
          "radiusOnDelim" : 0.5,
          "radiusOnMax" : 0.6,
          "radiusOnZero" : 0.2,
          "reduceTime" : 0.1,
          "rotationSpeed" : [ 15.0, 18.0 ],
          "shotDelay" : 4.0,
          "smokePenalty" : 1.0E-4,
          "typeinfo" : {
            "nation" : "USA",
            "species" : "Main",
            "type" : "Gun"
          },
          "vertSector" : [ -1.0, 85.0 ]
        }, {
          "ammoList" : [ "PAPA044_Main_127mm_HE_C_Mk_32", "PAPA004_Shell_127mm_AP_SC_Mk_38" ],
          "antiAirAuraDistance" : 167.0,
          "antiAirAuraStrength" : 0.032,
          "barrelDiameter" : 0.127,
          "coeffPerSecondMin" : 0.3,
          "deadZone" : [ ],
          "delim" : 0.5,
          "ellipseRangeMax" : 250.0,
          "ellipseRangeMin" : 50.0,
          "horizSector" : [ -141.0, 141.0 ],
          "id" : 4202293232,
          "idealDistance" : 1000.0,
          "idealRadius" : 8.0,
          "index" : "PAGM088",
          "maxEllipseRanging" : 1.003,
          "medEllipseRanging" : 1.002,
          "minEllipseRanging" : 1.001,
          "minRadius" : 0.5,
          "name" : "PAGM088_5in38_Mk40_Mod33",
          "numBarrels" : 1,
          "onMoveTarPosCoeffDelim" : 1.001,
          "onMoveTarPosCoeffMaxDist" : 1.002,
          "onMoveTarPosCoeffZero" : 1.0,
          "onMoveTarPosDelim" : 0.1,
          "position" : [ 5.75, 1.0 ],
          "radiusOnDelim" : 0.5,
          "radiusOnMax" : 0.6,
          "radiusOnZero" : 0.2,
          "reduceTime" : 0.1,
          "rotationSpeed" : [ 15.0, 18.0 ],
          "shotDelay" : 4.0,
          "smokePenalty" : 1.0E-4,
          "typeinfo" : {
            "nation" : "USA",
            "species" : "Main",
            "type" : "Gun"
          },
          "vertSector" : [ -1.0, 85.0 ]
        } ],
        "turretTypes" : {
          "1" : [ 4, "PAGM138_5in38_Mk21" ]
        },
        "maxDist" : 10930.0,
        "minDistH" : 119.0,
        "minDistV" : 289.0,
        "normalDistribution" : true,
        "sigmaCount" : 2.2,
        "taperDist" : 4000.0,
        "GMIdealRadius" : 1.0,
        "barrelDiameter" : 0.127
      }
    },
    "hull" : {
      "A_Hull" : {
        "backwardPowerCoef" : 2.0,
        "buoyancy" : 200000.0,
        "burnNodes" : [ [ 0.8668, 0.3, 30.0 ], [ 0.8668, 0.3, 30.0 ], [ 0.8668, 0.3, 30.0 ], [ 0.8668, 0.3, 30.0 ] ],
        "burnProb" : 0.8668,
        "burnDamage" : 0.3,
        "burnTime" : 30.0,
        "burnSize" : 4.0,
        "deckHeight" : 0.5,
        "deepwaterVisibilityCoeff" : 0.1,
        "draft" : 11.0,
        "enginePower" : 55000.0,
        "floodNodes" : [ [ 0.333, 0.25, 40.0 ], [ 0.333, 0.25, 40.0 ] ],
        "floodProb" : 0.333,
        "floodProtection" : 0.099998474,
        "floodDamage" : 0.25,
        "floodTime" : 40.0,
        "floodSize" : 2.0,
        "health" : 12000.0,
        "mass" : 2228000.0,
        "maxRudderAngle" : 30.0,
        "maxSpeed" : 37.0,
        "pushingMaxRudderAngle" : 16.0,
        "pushingMinRudderAngle" : 1.0,
        "rollEffect" : 3.3,
        "rudderPower" : 2.5E7,
        "rudderTime" : 5.25,
        "sideDragCoef" : 45000.0,
        "size" : [ 260.0, 20.0, 37.0 ],
        "smokeScanRadius" : 27.0,
        "speedCoef" : 1.0,
        "tonnage" : 2228.0,
        "torpedoImpactMassImpulseCoeff" : 0.5,
        "turningRadius" : 600.0,
        "underwaterVisibilityCoeff" : 0.5,
        "visibilityCoefATBA" : 1.0E-6,
        "visibilityCoefATBAByPlane" : 1.0E-6,
        "visibilityCoefFire" : 2.0,
        "visibilityCoefFireByPlane" : 3.0,
        "visibilityCoefGK" : 1.0E-6,
        "visibilityCoefGKByPlane" : 2.54,
        "visibilityCoefGKInSmoke" : 2.49,
        "visibilityCoeff" : 16.38,
        "visibilityFactor" : 6.66,
        "visibilityFactorByPlane" : 2.45,
        "visibilityFactorInSmoke" : 1.0E-6,
        "burnSizeSkill" : 4
      },
      "B_Hull_1938" : {
        "backwardPowerCoef" : 2.0,
        "buoyancy" : 200000.0,
        "burnNodes" : [ [ 0.8335, 0.3, 30.0 ], [ 0.8335, 0.3, 30.0 ], [ 0.8335, 0.3, 30.0 ], [ 0.8335, 0.3, 30.0 ] ],
        "burnProb" : 0.8335,
        "burnDamage" : 0.3,
        "burnTime" : 30.0,
        "burnSize" : 4.0,
        "deckHeight" : 0.5,
        "deepwaterVisibilityCoeff" : 0.1,
        "draft" : 11.0,
        "enginePower" : 55000.0,
        "floodNodes" : [ [ 0.333, 0.25, 40.0 ], [ 0.333, 0.25, 40.0 ] ],
        "floodProb" : 0.333,
        "floodProtection" : 0.099998474,
        "floodDamage" : 0.25,
        "floodTime" : 40.0,
        "floodSize" : 2.0,
        "health" : 13100.0,
        "mass" : 2228000.0,
        "maxRudderAngle" : 30.0,
        "maxSpeed" : 37.0,
        "pushingMaxRudderAngle" : 16.0,
        "pushingMinRudderAngle" : 1.0,
        "rollEffect" : 3.3,
        "rudderPower" : 2.5E7,
        "rudderTime" : 3.5,
        "sideDragCoef" : 45000.0,
        "size" : [ 260.0, 20.0, 37.0 ],
        "smokeScanRadius" : 27.0,
        "speedCoef" : 1.0,
        "tonnage" : 2228.0,
        "torpedoImpactMassImpulseCoeff" : 0.5,
        "turningRadius" : 600.0,
        "underwaterVisibilityCoeff" : 0.5,
        "visibilityCoefATBA" : 1.0E-6,
        "visibilityCoefATBAByPlane" : 1.0E-6,
        "visibilityCoefFire" : 2.0,
        "visibilityCoefFireByPlane" : 3.0,
        "visibilityCoefGK" : 1.0E-6,
        "visibilityCoefGKByPlane" : 2.54,
        "visibilityCoefGKInSmoke" : 2.49,
        "visibilityCoeff" : 16.38,
        "visibilityFactor" : 6.66,
        "visibilityFactorByPlane" : 2.45,
        "visibilityFactorInSmoke" : 1.0E-6,
        "burnSizeSkill" : 4
      }
    },
    "suo" : {
      "AB1_FireControl" : {
        "maxDistCoef" : 1.0,
        "sigmaCountCoef" : 1.0
      }
    },
    "torpedoes" : {
      "AB1_Torpedoes" : {
        "launchers" : [ {
          "ammoList" : [ "PAPT009_Mk_11" ],
          "barrelDiameter" : 0.533,
          "canRotate" : true,
          "deadZone" : [ [ -30.0, 0.0 ] ],
          "horizSector" : [ -121.0, 0.0 ],
          "id" : 4250298352,
          "index" : "PAGT042",
          "mainSector" : [ -90.0, 90.0 ],
          "name" : "PAGT042_21in_Torpedo_Tubes_Triple",
          "numAmmos" : 1000,
          "numBarrels" : 3,
          "position" : [ 2.75, 2.0 ],
          "rotationSpeed" : [ 25.0, 25.0 ],
          "shootSector" : [ 0.0, 1.0 ],
          "shotDelay" : 66.0,
          "timeBetweenShots" : 0.2,
          "timeToChangeAngle" : 1.0,
          "timeToChangeSpeed" : 1.0,
          "torpedoAngles" : [ 3.6, 12.0 ],
          "typeinfo" : {
            "nation" : "USA",
            "species" : "Torpedo",
            "type" : "Gun"
          },
          "vertSector" : [ 0.0, 1.0 ]
        }, {
          "ammoList" : [ "PAPT009_Mk_11" ],
          "barrelDiameter" : 0.533,
          "canRotate" : true,
          "deadZone" : [ [ 0.0, 30.0 ] ],
          "horizSector" : [ 0.0, 121.0 ],
          "id" : 4250298352,
          "index" : "PAGT042",
          "mainSector" : [ -90.0, 90.0 ],
          "name" : "PAGT042_21in_Torpedo_Tubes_Triple",
          "numAmmos" : 1000,
          "numBarrels" : 3,
          "position" : [ 2.75, 0.0 ],
          "rotationSpeed" : [ 25.0, 25.0 ],
          "shootSector" : [ 0.0, 1.0 ],
          "shotDelay" : 66.0,
          "timeBetweenShots" : 0.2,
          "timeToChangeAngle" : 1.0,
          "timeToChangeSpeed" : 1.0,
          "torpedoAngles" : [ 3.6, 12.0 ],
          "typeinfo" : {
            "nation" : "USA",
            "species" : "Torpedo",
            "type" : "Gun"
          },
          "vertSector" : [ 0.0, 1.0 ]
        }, {
          "ammoList" : [ "PAPT009_Mk_11" ],
          "barrelDiameter" : 0.533,
          "canRotate" : true,
          "deadZone" : [ [ 0.0, 20.0 ] ],
          "horizSector" : [ 0.0, 150.0 ],
          "id" : 4250298352,
          "index" : "PAGT042",
          "mainSector" : [ -90.0, 90.0 ],
          "name" : "PAGT042_21in_Torpedo_Tubes_Triple",
          "numAmmos" : 1000,
          "numBarrels" : 3,
          "position" : [ 3.75, 2.0 ],
          "rotationSpeed" : [ 25.0, 25.0 ],
          "shootSector" : [ 0.0, 1.0 ],
          "shotDelay" : 66.0,
          "timeBetweenShots" : 0.2,
          "timeToChangeAngle" : 1.0,
          "timeToChangeSpeed" : 1.0,
          "torpedoAngles" : [ 3.6, 12.0 ],
          "typeinfo" : {
            "nation" : "USA",
            "species" : "Torpedo",
            "type" : "Gun"
          },
          "vertSector" : [ 0.0, 1.0 ]
        }, {
          "ammoList" : [ "PAPT009_Mk_11" ],
          "barrelDiameter" : 0.533,
          "canRotate" : true,
          "deadZone" : [ [ -20.0, 0.0 ] ],
          "horizSector" : [ -150.0, 0.0 ],
          "id" : 4250298352,
          "index" : "PAGT042",
          "mainSector" : [ -90.0, 90.0 ],
          "name" : "PAGT042_21in_Torpedo_Tubes_Triple",
          "numAmmos" : 1000,
          "numBarrels" : 3,
          "position" : [ 3.75, 0.0 ],
          "rotationSpeed" : [ 25.0, 25.0 ],
          "shootSector" : [ 0.0, 1.0 ],
          "shotDelay" : 66.0,
          "timeBetweenShots" : 0.2,
          "timeToChangeAngle" : 1.0,
          "timeToChangeSpeed" : 1.0,
          "torpedoAngles" : [ 3.6, 12.0 ],
          "typeinfo" : {
            "nation" : "USA",
            "species" : "Torpedo",
            "type" : "Gun"
          },
          "vertSector" : [ 0.0, 1.0 ]
        } ],
        "launcherTypes" : {
          "3" : [ 4, "PAGT042_21in_Torpedo_Tubes_Triple" ]
        },
        "numTorpsInSalvo" : 2,
        "oneShotWaitTime" : 2.0
      }
    },
    "engine" : {
      "EngineDefault" : {
        "backwardEngineForsag" : 2.5,
        "backwardEngineForsagMaxSpeed" : 2.5,
        "backwardEngineUpTime" : 10.0,
        "backwardSpeedOnFlood" : -0.6,
        "damagedEnginePowerMultiplier" : -0.13,
        "damagedEnginePowerTimeMultiplier" : 6.5,
        "forwardEngineForsag" : 2.5,
        "forwardEngineForsagMaxSpeed" : 2.5,
        "forwardEngineUpTime" : 20.0,
        "forwardSpeedOnFlood" : -0.3,
        "histEnginePower" : 55000.0
      }
    }
  },
  "shipAbilities" : {
    "AbilitySlot0" : {
      "abils" : [ [ "PCY001_CrashCrew", "D" ], [ "PCY009_CrashCrewPremium", "D_Gold" ] ],
      "slot" : 0
    },
    "AbilitySlot1" : {
      "abils" : [ [ "PCY006_SmokeGenerator", "US_Lvl_5" ], [ "PCY014_SmokeGeneratorPremium", "US_Lvl_5_Gold" ] ],
      "slot" : 1
    },
    "AbilitySlot2" : {
      "abils" : [ [ "PCY003_AirDefenseDisp", "US_DD" ], [ "PCY011_AirDefenseDispPremium", "US_DD_Gold" ], [ "PCY007_SpeedBooster", "Default" ], [ "PCY015_SpeedBoosterPremium", "Default" ] ],
      "slot" : 2
    },
    "AbilitySlot3" : {
      "abils" : [ ],
      "slot" : 3
    },
    "AbilitySlot4" : {
      "abils" : [ ],
      "slot" : 4
    }
  },
  "shipUpgradeInfo" : {
    "components" : {
      "flightControl" : [ ],
      "artillery" : [ {
        "name" : "PAUA451_D5_ART_STOCK",
        "ucType" : "_Artillery",
        "position" : 1,
        "elem" : 1,
        "prevType" : "artillery",
        "prevPosition" : 0,
        "components" : {
          "artillery" : [ "A1_Artillery", "B1_Artillery" ]
        },
        "ucTypeShort" : "artillery",
        "image" : "https://cdn.wowsft.com/images/modules/module_artillery.png"
      } ],
      "hull" : [ {
        "disabledAbilities" : [ "PCY003_AirDefenseDisp", "PCY011_AirDefenseDispPremium" ],
        "name" : "PAUH421_Leader_1919",
        "ucType" : "_Hull",
        "position" : 1,
        "elem" : 2,
        "prevType" : "hull",
        "prevPosition" : 0,
        "components" : {
          "airArmament" : [ ],
          "airDefense" : [ "A_AirDefense" ],
          "artillery" : [ "A1_Artillery" ],
          "atba" : [ ],
          "hull" : [ "A_Hull" ],
          "torpedoes" : [ "AB1_Torpedoes" ]
        },
        "ucTypeShort" : "hull",
        "image" : "https://cdn.wowsft.com/images/modules/module_hull.png"
      }, {
        "disabledAbilities" : [ ],
        "nextShips" : [ "PASD005_Farragut_1944" ],
        "name" : "PAUH422_Leader_1938",
        "prev" : "PAUH421_Leader_1919",
        "ucType" : "_Hull",
        "position" : 2,
        "elem" : 2,
        "prevType" : "hull",
        "prevPosition" : 1,
        "prevElem" : 2,
        "components" : {
          "airArmament" : [ ],
          "airDefense" : [ "B_AirDefense" ],
          "artillery" : [ "B1_Artillery" ],
          "atba" : [ ],
          "hull" : [ "B_Hull_1938" ],
          "torpedoes" : [ "AB1_Torpedoes" ]
        },
        "ucTypeShort" : "hull",
        "image" : "https://cdn.wowsft.com/images/modules/module_hull.png"
      } ],
      "torpedoes" : [ {
        "name" : "PAUT403_D5_TORP_STOCK",
        "ucType" : "_Torpedoes",
        "position" : 1,
        "elem" : 3,
        "prevType" : "torpedoes",
        "prevPosition" : 0,
        "components" : {
          "torpedoes" : [ "AB1_Torpedoes" ]
        },
        "ucTypeShort" : "torpedoes",
        "image" : "https://cdn.wowsft.com/images/modules/module_torpedoes.png"
      } ],
      "suo" : [ {
        "name" : "PAUS411_Suo",
        "ucType" : "_Suo",
        "position" : 1,
        "elem" : 4,
        "prevType" : "suo",
        "prevPosition" : 0,
        "components" : {
          "suo" : [ "AB1_FireControl" ]
        },
        "ucTypeShort" : "suo",
        "image" : "https://cdn.wowsft.com/images/modules/module_suo.png"
      } ],
      "fighter" : [ ],
      "torpedoBomber" : [ ],
      "diveBomber" : [ ],
      "engine" : [ {
        "name" : "PAUE403_D5_ENG_STOCK",
        "ucType" : "_Engine",
        "position" : 1,
        "elem" : 8,
        "prevType" : "engine",
        "prevPosition" : 0,
        "components" : {
          "engine" : [ "EngineDefault" ]
        },
        "ucTypeShort" : "engine",
        "image" : "https://cdn.wowsft.com/images/modules/module_engine.png"
      } ]
    },
    "cols" : {
      "flightControl" : 0,
      "artillery" : 1,
      "hull" : 1,
      "torpedoes" : 1,
      "suo" : 1,
      "fighter" : 0,
      "torpedoBomber" : 0,
      "diveBomber" : 0,
      "engine" : 1
    },
    "maxRows" : 2,
    "costCR" : 1300000,
    "costXP" : 11000,
    "lockedConfig" : [ ],
    "value" : 1
  },
  "apDamageLimitCoeff" : 0.1,
  "canEquipCamouflage" : true,
  "group" : "upgradeable",
  "id" : 4280170480,
  "index" : "PASD014",
  "paperShip" : true,
  "level" : 5,
  "maxEquippedFlags" : 8,
  "name" : "PASD014_Leader_1919",
  "navalFlag" : "usa",
  "needShowProjectYear" : true,
  "peculiarity" : "default",
  "steerAngle" : [ 0.2, 0.7, 1.0 ],
  "typeinfo" : {
    "nation" : "USA",
    "species" : "Destroyer",
    "type" : "Ship"
  },
  "realShipType" : "Destroyer",
  "realShipTypeId" : "DESTROYER",
  "research" : true,
  "prevShipIndex" : "PASD019",
  "prevShipName" : "PASD019_Clemson_1920",
  "prevShipXP" : 6000,
  "prevShipCompXP" : 1100,
  "typeImage" : "https://cdn.wowsft.com/images/vehicles/types/Destroyer/normal.png",
  "imageSmall" : "https://cdn.wowsft.com/images/vehicles/ship_previews/PASD014.png"
}