{
  "components" : {
    "airDefense" : {
      "A_AirDefense" : {
        "auraNear" : [ {
          "areaDamage" : 4.0,
          "areaDamageFrequency" : 0.2857143,
          "enableBarrage" : true,
          "guns" : [ "HP_AGA_3", "HP_AGA_4" ],
          "hitChance" : 0.95,
          "joint" : true,
          "maxDistance" : 2400.0,
          "minDistance" : 100.0,
          "shotDelay" : 0.1,
          "shotTravelTime" : 1.0,
          "type" : "near"
        }, {
          "areaDamage" : 6.0,
          "areaDamageFrequency" : 0.2857143,
          "enableBarrage" : true,
          "guns" : [ "HP_AGA_1", "HP_AGA_2" ],
          "hitChance" : 0.95,
          "joint" : true,
          "maxDistance" : 2400.0,
          "minDistance" : 100.0,
          "shotDelay" : 0.1,
          "shotTravelTime" : 1.0,
          "type" : "near"
        } ],
        "ownerlessTracesScatterCoefficient" : 1.0,
        "sectors" : [ [ 0.0, 180.0 ], [ 180.0, 0.0 ] ],
        "prioritySectorPhases" : [ [ 5.0, "linear", 0.05, 1.0, 1.35 ], [ 5.0, "linear", 0.0, 1.35, 1.35 ] ],
        "prioritySectorPreparation" : 5.0,
        "prioritySectorDuration" : 5.0,
        "prioritySectorDamageInitial" : 0.05,
        "prioritySectorCoefficientInitial" : 1.0,
        "prioritySectorCoefficientDuring" : 1.35
      }
    },
    "artillery" : {
      "A1_Artillery" : {
        "auraFar" : [ {
          "areaDamage" : 15.0,
          "areaDamageFrequency" : 0.2857143,
          "bubbleDuration" : 3.0,
          "enableBarrage" : true,
          "enableCrewSelectedTargetCoeff" : true,
          "explosionCount" : 2.0,
          "guns" : [ "HP_AGM_1", "HP_AGM_2", "HP_AGM_3", "HP_AGM_4", "HP_AGM_5" ],
          "halfOuterBubbleZone" : 50.0,
          "hitChance" : 1.0,
          "innerBubbleCount" : 3.0,
          "innerBubbleSpawnTimeRange" : [ 2.65, 3.15 ],
          "innerBubbleZone" : 20.0,
          "joint" : true,
          "maxBubbleActivationDelay" : 0.4,
          "maxDistance" : 5800.0,
          "minBubbleActivationDelay" : 0.1,
          "minDistance" : 100.0,
          "outerBubbleSpawnTimeRange" : [ 2.45, 2.65 ],
          "shotDelay" : 5.0,
          "shotTravelTime" : 1.51,
          "type" : "far"
        }, {
          "areaDamageFrequency" : 0.2857143,
          "bubbleDamage" : 160.0,
          "bubbleDuration" : 3.0,
          "bubbleRadius" : 2.292,
          "enableBarrage" : true,
          "enableCrewSelectedTargetCoeff" : true,
          "explosionCount" : 2.0,
          "guns" : [ "HP_AGM_1", "HP_AGM_2", "HP_AGM_3", "HP_AGM_4", "HP_AGM_5" ],
          "halfOuterBubbleZone" : 50.0,
          "hitChance" : 1.0,
          "innerBubbleCount" : 1.0,
          "innerBubbleSpawnTimeRange" : [ 2.65, 3.15 ],
          "innerBubbleZone" : 20.0,
          "joint" : true,
          "maxBubbleActivationDelay" : 0.4,
          "maxDistance" : 5800.0,
          "minBubbleActivationDelay" : 0.1,
          "minDistance" : 3500.0,
          "outerBubbleSpawnTimeRange" : [ 2.45, 2.65 ],
          "shotDelay" : 5.0,
          "shotTravelTime" : 1.51,
          "type" : "far"
        } ],
        "turrets" : [ {
          "ammoList" : [ "PAPA111_127MM_HE_HILL", "PAPA110_127MM_AP_HILL" ],
          "antiAirAuraDistance" : 167.0,
          "antiAirAuraStrength" : 0.032,
          "barrelDiameter" : 0.127,
          "coeffPerSecondMin" : 0.3,
          "deadZone" : [ ],
          "delim" : 0.5,
          "ellipseRangeMax" : 250.0,
          "ellipseRangeMin" : 50.0,
          "horizSector" : [ -150.0, 150.0 ],
          "id" : 4149864432,
          "idealDistance" : 1000.0,
          "idealRadius" : 8.0,
          "index" : "PAGM138",
          "maxEllipseRanging" : 1.003,
          "medEllipseRanging" : 1.002,
          "minEllipseRanging" : 1.001,
          "minRadius" : 0.5,
          "name" : "PAGM138_5in38_Mk21",
          "numBarrels" : 1,
          "onMoveTarPosCoeffDelim" : 1.001,
          "onMoveTarPosCoeffMaxDist" : 1.002,
          "onMoveTarPosCoeffZero" : 1.0,
          "onMoveTarPosDelim" : 0.1,
          "position" : [ 0.0, 1.0 ],
          "radiusOnDelim" : 0.5,
          "radiusOnMax" : 0.6,
          "radiusOnZero" : 0.2,
          "reduceTime" : 0.1,
          "rotationSpeed" : [ 15.0, 18.0 ],
          "shotDelay" : 4.8,
          "smokePenalty" : 1.0E-4,
          "typeinfo" : {
            "nation" : "USA",
            "species" : "Main",
            "type" : "Gun"
          },
          "vertSector" : [ -1.0, 85.0 ]
        }, {
          "ammoList" : [ "PAPA111_127MM_HE_HILL", "PAPA110_127MM_AP_HILL" ],
          "antiAirAuraDistance" : 167.0,
          "antiAirAuraStrength" : 0.032,
          "barrelDiameter" : 0.127,
          "coeffPerSecondMin" : 0.3,
          "deadZone" : [ ],
          "delim" : 0.5,
          "ellipseRangeMax" : 250.0,
          "ellipseRangeMin" : 50.0,
          "horizSector" : [ -150.0, 150.0 ],
          "id" : 4149864432,
          "idealDistance" : 1000.0,
          "idealRadius" : 8.0,
          "index" : "PAGM138",
          "maxEllipseRanging" : 1.003,
          "medEllipseRanging" : 1.002,
          "minEllipseRanging" : 1.001,
          "minRadius" : 0.5,
          "name" : "PAGM138_5in38_Mk21",
          "numBarrels" : 1,
          "onMoveTarPosCoeffDelim" : 1.001,
          "onMoveTarPosCoeffMaxDist" : 1.002,
          "onMoveTarPosCoeffZero" : 1.0,
          "onMoveTarPosDelim" : 0.1,
          "position" : [ 1.0, 1.0 ],
          "radiusOnDelim" : 0.5,
          "radiusOnMax" : 0.6,
          "radiusOnZero" : 0.2,
          "reduceTime" : 0.1,
          "rotationSpeed" : [ 15.0, 18.0 ],
          "shotDelay" : 4.8,
          "smokePenalty" : 1.0E-4,
          "typeinfo" : {
            "nation" : "USA",
            "species" : "Main",
            "type" : "Gun"
          },
          "vertSector" : [ -1.0, 85.0 ]
        }, {
          "ammoList" : [ "PAPA111_127MM_HE_HILL", "PAPA110_127MM_AP_HILL" ],
          "antiAirAuraDistance" : 167.0,
          "antiAirAuraStrength" : 0.08,
          "barrelDiameter" : 0.127,
          "coeffPerSecondMin" : 0.3,
          "deadZone" : [ [ -15.0, 15.0 ] ],
          "delim" : 0.5,
          "ellipseRangeMax" : 250.0,
          "ellipseRangeMin" : 50.0,
          "horizSector" : [ -120.0, 120.0 ],
          "id" : 4110018544,
          "idealDistance" : 1000.0,
          "idealRadius" : 8.0,
          "index" : "PAGM176",
          "maxEllipseRanging" : 1.003,
          "medEllipseRanging" : 1.002,
          "minEllipseRanging" : 1.001,
          "minRadius" : 0.5,
          "name" : "PAGM176_5in38_Mk24_Mod11",
          "numBarrels" : 1,
          "onMoveTarPosCoeffDelim" : 1.001,
          "onMoveTarPosCoeffMaxDist" : 1.002,
          "onMoveTarPosCoeffZero" : 1.0,
          "onMoveTarPosDelim" : 0.1,
          "position" : [ 2.0, 1.0 ],
          "radiusOnDelim" : 0.5,
          "radiusOnMax" : 0.6,
          "radiusOnZero" : 0.2,
          "reduceTime" : 0.1,
          "rotationSpeed" : [ 15.0, 18.0 ],
          "shotDelay" : 4.8,
          "smokePenalty" : 1.0E-4,
          "typeinfo" : {
            "nation" : "USA",
            "species" : "Main",
            "type" : "Gun"
          },
          "vertSector" : [ -1.0, 85.0 ]
        }, {
          "ammoList" : [ "PAPA111_127MM_HE_HILL", "PAPA110_127MM_AP_HILL" ],
          "antiAirAuraDistance" : 167.0,
          "antiAirAuraStrength" : 0.08,
          "barrelDiameter" : 0.127,
          "coeffPerSecondMin" : 0.3,
          "deadZone" : [ ],
          "delim" : 0.5,
          "ellipseRangeMax" : 250.0,
          "ellipseRangeMin" : 50.0,
          "horizSector" : [ -150.0, 150.0 ],
          "id" : 4110018544,
          "idealDistance" : 1000.0,
          "idealRadius" : 8.0,
          "index" : "PAGM176",
          "maxEllipseRanging" : 1.003,
          "medEllipseRanging" : 1.002,
          "minEllipseRanging" : 1.001,
          "minRadius" : 0.5,
          "name" : "PAGM176_5in38_Mk24_Mod11",
          "numBarrels" : 1,
          "onMoveTarPosCoeffDelim" : 1.001,
          "onMoveTarPosCoeffMaxDist" : 1.002,
          "onMoveTarPosCoeffZero" : 1.0,
          "onMoveTarPosDelim" : 0.1,
          "position" : [ 4.75, 1.0 ],
          "radiusOnDelim" : 0.5,
          "radiusOnMax" : 0.6,
          "radiusOnZero" : 0.2,
          "reduceTime" : 0.1,
          "rotationSpeed" : [ 15.0, 18.0 ],
          "shotDelay" : 4.8,
          "smokePenalty" : 1.0E-4,
          "typeinfo" : {
            "nation" : "USA",
            "species" : "Main",
            "type" : "Gun"
          },
          "vertSector" : [ -1.0, 85.0 ]
        }, {
          "ammoList" : [ "PAPA111_127MM_HE_HILL", "PAPA110_127MM_AP_HILL" ],
          "antiAirAuraDistance" : 167.0,
          "antiAirAuraStrength" : 0.08,
          "barrelDiameter" : 0.127,
          "coeffPerSecondMin" : 0.3,
          "deadZone" : [ ],
          "delim" : 0.5,
          "ellipseRangeMax" : 250.0,
          "ellipseRangeMin" : 50.0,
          "horizSector" : [ -148.0, 148.0 ],
          "id" : 4110018544,
          "idealDistance" : 1000.0,
          "idealRadius" : 8.0,
          "index" : "PAGM176",
          "maxEllipseRanging" : 1.003,
          "medEllipseRanging" : 1.002,
          "minEllipseRanging" : 1.001,
          "minRadius" : 0.5,
          "name" : "PAGM176_5in38_Mk24_Mod11",
          "numBarrels" : 1,
          "onMoveTarPosCoeffDelim" : 1.001,
          "onMoveTarPosCoeffMaxDist" : 1.002,
          "onMoveTarPosCoeffZero" : 1.0,
          "onMoveTarPosDelim" : 0.1,
          "position" : [ 5.75, 1.0 ],
          "radiusOnDelim" : 0.5,
          "radiusOnMax" : 0.6,
          "radiusOnZero" : 0.2,
          "reduceTime" : 0.1,
          "rotationSpeed" : [ 15.0, 18.0 ],
          "shotDelay" : 4.8,
          "smokePenalty" : 1.0E-4,
          "typeinfo" : {
            "nation" : "USA",
            "species" : "Main",
            "type" : "Gun"
          },
          "vertSector" : [ 0.0, 85.0 ]
        } ],
        "turretTypes" : {
          "1" : [ 5, "PAGM138_5in38_Mk21" ]
        },
        "maxDist" : 11350.0,
        "minDistH" : 50.0,
        "minDistV" : 110.0,
        "normalDistribution" : true,
        "sigmaCount" : 2.0,
        "taperDist" : 4000.0,
        "GMIdealRadius" : 1.0,
        "barrelDiameter" : 0.127
      }
    },
    "hull" : {
      "A_Hull" : {
        "backwardPowerCoef" : 2.0,
        "buoyancy" : 200000.0,
        "burnNodes" : [ [ 0.8335, 0.3, 30.0 ], [ 0.8335, 0.3, 30.0 ], [ 0.8335, 0.3, 30.0 ], [ 0.8335, 0.3, 30.0 ] ],
        "burnProb" : 0.8335,
        "burnDamage" : 0.3,
        "burnTime" : 30.0,
        "burnSize" : 4.0,
        "deckHeight" : 3.68,
        "deepwaterVisibilityCoeff" : 0.1,
        "draft" : 11.0,
        "enginePower" : 42800.0,
        "floodNodes" : [ [ 0.333, 0.25, 40.0 ], [ 0.333, 0.25, 40.0 ] ],
        "floodProb" : 0.333,
        "floodProtection" : 0.099998474,
        "floodDamage" : 0.25,
        "floodTime" : 40.0,
        "floodSize" : 2.0,
        "health" : 12100.0,
        "mass" : 1955000.0,
        "maxRudderAngle" : 30.0,
        "maxSpeed" : 37.5,
        "pushingMaxRudderAngle" : 16.0,
        "pushingMinRudderAngle" : 1.0,
        "rollEffect" : 2.9,
        "rudderPower" : 3.1E7,
        "rudderTime" : 4.04,
        "sideDragCoef" : 36000.0,
        "size" : [ 104.8, 10.79, 15.95 ],
        "smokeScanRadius" : 27.0,
        "speedCoef" : 1.0,
        "tonnage" : 1955.0,
        "torpedoImpactMassImpulseCoeff" : 0.5,
        "turningRadius" : 560.0,
        "underwaterVisibilityCoeff" : 0.5,
        "visibilityCoefATBA" : 1.0E-6,
        "visibilityCoefATBAByPlane" : 1.0E-6,
        "visibilityCoefFire" : 2.0,
        "visibilityCoefFireByPlane" : 3.0,
        "visibilityCoefGK" : 1.0E-6,
        "visibilityCoefGKByPlane" : 2.54,
        "visibilityCoefGKInSmoke" : 2.75,
        "visibilityCoeff" : 18.11,
        "visibilityFactor" : 7.38,
        "visibilityFactorByPlane" : 2.85,
        "visibilityFactorInSmoke" : 1.0E-6,
        "burnSizeSkill" : 4
      }
    },
    "suo" : {
      "A1_FireControl" : {
        "maxDistCoef" : 1.0,
        "sigmaCountCoef" : 1.0
      }
    },
    "torpedoes" : {
      "A_Torpedoes" : {
        "launchers" : [ {
          "ammoList" : [ "PAPT038_HILL" ],
          "barrelDiameter" : 0.533,
          "canRotate" : true,
          "deadZone" : [ [ -52.0, 52.0 ] ],
          "horizSector" : [ -124.0, 124.0 ],
          "id" : 4128663536,
          "index" : "PAGT158",
          "mainSector" : [ -90.0, 90.0 ],
          "name" : "PAGT158_21in_Torpedo_Tubes_Triple",
          "numAmmos" : 1000,
          "numBarrels" : 3,
          "position" : [ 3.0, 1.0 ],
          "rotationSpeed" : [ 25.0, 25.0 ],
          "shootSector" : [ 0.0, 1.0 ],
          "shotDelay" : 66.0,
          "timeBetweenShots" : 0.2,
          "timeToChangeAngle" : 1.0,
          "timeToChangeSpeed" : 1.0,
          "torpedoAngles" : [ 3.6, 12.0 ],
          "typeinfo" : {
            "nation" : "USA",
            "species" : "Torpedo",
            "type" : "Gun"
          },
          "vertSector" : [ 0.0, 1.0 ]
        }, {
          "ammoList" : [ "PAPT038_HILL" ],
          "barrelDiameter" : 0.533,
          "canRotate" : true,
          "deadZone" : [ [ 0.0, 51.0 ] ],
          "horizSector" : [ 0.0, 160.0 ],
          "id" : 4128663536,
          "index" : "PAGT158",
          "mainSector" : [ -90.0, 90.0 ],
          "name" : "PAGT158_21in_Torpedo_Tubes_Triple",
          "numAmmos" : 1000,
          "numBarrels" : 3,
          "position" : [ 3.75, 0.0 ],
          "rotationSpeed" : [ 25.0, 25.0 ],
          "shootSector" : [ 0.0, 1.0 ],
          "shotDelay" : 66.0,
          "timeBetweenShots" : 0.2,
          "timeToChangeAngle" : 1.0,
          "timeToChangeSpeed" : 1.0,
          "torpedoAngles" : [ 3.6, 12.0 ],
          "typeinfo" : {
            "nation" : "USA",
            "species" : "Torpedo",
            "type" : "Gun"
          },
          "vertSector" : [ 0.0, 1.0 ]
        }, {
          "ammoList" : [ "PAPT038_HILL" ],
          "barrelDiameter" : 0.533,
          "canRotate" : true,
          "deadZone" : [ [ -51.0, 0.0 ] ],
          "horizSector" : [ -160.0, 0.0 ],
          "id" : 4128663536,
          "index" : "PAGT158",
          "mainSector" : [ -90.0, 90.0 ],
          "name" : "PAGT158_21in_Torpedo_Tubes_Triple",
          "numAmmos" : 1000,
          "numBarrels" : 3,
          "position" : [ 4.0, 2.0 ],
          "rotationSpeed" : [ 25.0, 25.0 ],
          "shootSector" : [ 0.0, 1.0 ],
          "shotDelay" : 66.0,
          "timeBetweenShots" : 0.2,
          "timeToChangeAngle" : 1.0,
          "timeToChangeSpeed" : 1.0,
          "torpedoAngles" : [ 3.6, 12.0 ],
          "typeinfo" : {
            "nation" : "USA",
            "species" : "Torpedo",
            "type" : "Gun"
          },
          "vertSector" : [ 0.0, 1.0 ]
        } ],
        "launcherTypes" : {
          "3" : [ 3, "PAGT158_21in_Torpedo_Tubes_Triple" ]
        },
        "numTorpsInSalvo" : 2,
        "oneShotWaitTime" : 2.0
      }
    },
    "engine" : {
      "A1_Engine" : {
        "backwardEngineForsag" : 2.5,
        "backwardEngineForsagMaxSpeed" : 2.5,
        "backwardEngineUpTime" : 10.0,
        "backwardSpeedOnFlood" : -0.6,
        "damagedEnginePowerMultiplier" : -0.13,
        "damagedEnginePowerTimeMultiplier" : 6.5,
        "forwardEngineForsag" : 2.5,
        "forwardEngineForsagMaxSpeed" : 2.5,
        "forwardEngineUpTime" : 20.0,
        "forwardSpeedOnFlood" : -0.3,
        "histEnginePower" : 42800.0
      }
    }
  },
  "shipAbilities" : {
    "AbilitySlot0" : {
      "abils" : [ [ "PCY001_CrashCrew", "D" ], [ "PCY009_CrashCrewPremium", "D_Gold" ] ],
      "slot" : 0
    },
    "AbilitySlot1" : {
      "abils" : [ [ "PCY006_SmokeGenerator", "US_Lvl_5" ], [ "PCY014_SmokeGeneratorPremium", "US_Lvl_5_Gold" ] ],
      "slot" : 1
    },
    "AbilitySlot2" : {
      "abils" : [ [ "PCY003_AirDefenseDisp", "US_DD" ], [ "PCY011_AirDefenseDispPremium", "US_DD_Gold" ], [ "PCY007_SpeedBooster", "Default" ], [ "PCY015_SpeedBoosterPremium", "Default" ] ],
      "slot" : 2
    },
    "AbilitySlot3" : {
      "abils" : [ ],
      "slot" : 3
    },
    "AbilitySlot4" : {
      "abils" : [ ],
      "slot" : 4
    }
  },
  "shipUpgradeInfo" : {
    "components" : {
      "flightControl" : [ ],
      "artillery" : [ {
        "name" : "PAUA403_ART_HILL",
        "ucType" : "_Artillery",
        "position" : 1,
        "elem" : 1,
        "prevType" : "artillery",
        "prevPosition" : 0,
        "components" : {
          "artillery" : [ "A1_Artillery" ]
        },
        "ucTypeShort" : "artillery",
        "image" : "https://cdn.wowsft.com/images/modules/module_artillery.png"
      } ],
      "hull" : [ {
        "disabledAbilities" : [ "PCY003_AirDefenseDisp", "PCY011_AirDefenseDispPremium" ],
        "name" : "PAUH406_HILL",
        "ucType" : "_Hull",
        "position" : 1,
        "elem" : 2,
        "prevType" : "hull",
        "prevPosition" : 0,
        "components" : {
          "airArmament" : [ ],
          "airDefense" : [ "A_AirDefense" ],
          "artillery" : [ "A1_Artillery" ],
          "atba" : [ ],
          "hull" : [ "A_Hull" ],
          "torpedoes" : [ "A_Torpedoes" ]
        },
        "ucTypeShort" : "hull",
        "image" : "https://cdn.wowsft.com/images/modules/module_hull.png"
      } ],
      "torpedoes" : [ {
        "name" : "PAUT404_TORP_HILL",
        "ucType" : "_Torpedoes",
        "position" : 1,
        "elem" : 3,
        "prevType" : "torpedoes",
        "prevPosition" : 0,
        "components" : {
          "torpedoes" : [ "A_Torpedoes" ]
        },
        "ucTypeShort" : "torpedoes",
        "image" : "https://cdn.wowsft.com/images/modules/module_torpedoes.png"
      } ],
      "suo" : [ {
        "name" : "PAUS403_SUO_HILL",
        "ucType" : "_Suo",
        "position" : 1,
        "elem" : 4,
        "prevType" : "suo",
        "prevPosition" : 0,
        "components" : {
          "suo" : [ "A1_FireControl" ]
        },
        "ucTypeShort" : "suo",
        "image" : "https://cdn.wowsft.com/images/modules/module_suo.png"
      } ],
      "fighter" : [ ],
      "torpedoBomber" : [ ],
      "diveBomber" : [ ],
      "engine" : [ {
        "name" : "PAUE404_ENG_HILL",
        "ucType" : "_Engine",
        "position" : 1,
        "elem" : 8,
        "prevType" : "engine",
        "prevPosition" : 0,
        "components" : {
          "engine" : [ "A1_Engine" ]
        },
        "ucTypeShort" : "engine",
        "image" : "https://cdn.wowsft.com/images/modules/module_engine.png"
      } ]
    },
    "cols" : {
      "flightControl" : 0,
      "artillery" : 1,
      "hull" : 1,
      "torpedoes" : 1,
      "suo" : 1,
      "fighter" : 0,
      "torpedoBomber" : 0,
      "diveBomber" : 0,
      "engine" : 1
    },
    "maxRows" : 1,
    "costGold" : 3500,
    "lockedConfig" : [ ],
    "value" : 1
  },
  "apDamageLimitCoeff" : 0.1,
  "canEquipCamouflage" : true,
  "group" : "special",
  "id" : 3765319664,
  "index" : "PASD505",
  "paperShip" : true,
  "level" : 5,
  "maxEquippedFlags" : 8,
  "name" : "PASD505_Hill",
  "navalFlag" : "usa",
  "needShowProjectYear" : true,
  "peculiarity" : "default",
  "steerAngle" : [ 0.2, 0.7, 1.0 ],
  "typeinfo" : {
    "nation" : "USA",
    "species" : "Destroyer",
    "type" : "Ship"
  },
  "realShipType" : "Premium",
  "realShipTypeId" : "FILTER_PREMIUM",
  "typeImage" : "https://cdn.wowsft.com/images/vehicles/types/Destroyer/premium.png",
  "imageSmall" : "https://cdn.wowsft.com/images/vehicles/ship_previews/PASD505.png"
}