{
  "components" : {
    "airDefense" : {
      "A_AirDefense" : {
        "auraMedium" : [ {
          "areaDamage" : 1.0,
          "areaDamageFrequency" : 0.2857143,
          "enableBarrage" : true,
          "guns" : [ "HP_AGA_1" ],
          "hitChance" : 1.0,
          "joint" : true,
          "maxDistance" : 3000.0,
          "minDistance" : 100.0,
          "shotDelay" : 0.5,
          "shotTravelTime" : 1.5,
          "type" : "medium"
        } ],
        "ownerlessTracesScatterCoefficient" : 1.0,
        "sectors" : [ [ 0.0, 180.0 ], [ 180.0, 0.0 ] ],
        "prioritySectorPhases" : [ [ 5.0, "linear", 0.05, 1.0, 1.35 ], [ 5.0, "linear", 0.0, 1.35, 1.35 ] ],
        "prioritySectorPreparation" : 5.0,
        "prioritySectorDuration" : 5.0,
        "prioritySectorDamageInitial" : 0.05,
        "prioritySectorCoefficientInitial" : 1.0,
        "prioritySectorCoefficientDuring" : 1.35
      },
      "B_AirDefense" : {
        "auraMedium" : [ {
          "areaDamage" : 1.0,
          "areaDamageFrequency" : 0.2857143,
          "enableBarrage" : true,
          "guns" : [ "HP_AGA_3" ],
          "hitChance" : 1.0,
          "joint" : true,
          "maxDistance" : 3000.0,
          "minDistance" : 100.0,
          "shotDelay" : 0.5,
          "shotTravelTime" : 1.5,
          "type" : "medium"
        } ],
        "auraNear" : [ {
          "areaDamage" : 5.0,
          "areaDamageFrequency" : 0.2857143,
          "enableBarrage" : true,
          "guns" : [ "HP_AGA_1", "HP_AGA_2" ],
          "hitChance" : 0.95,
          "joint" : true,
          "maxDistance" : 1500.0,
          "minDistance" : 100.0,
          "shotDelay" : 0.1,
          "shotTravelTime" : 1.0,
          "type" : "near"
        } ],
        "ownerlessTracesScatterCoefficient" : 1.0,
        "sectors" : [ [ 0.0, 180.0 ], [ 180.0, 0.0 ] ],
        "prioritySectorPhases" : [ [ 5.0, "linear", 0.05, 1.0, 1.35 ], [ 5.0, "linear", 0.0, 1.35, 1.35 ] ],
        "prioritySectorPreparation" : 5.0,
        "prioritySectorDuration" : 5.0,
        "prioritySectorDamageInitial" : 0.05,
        "prioritySectorCoefficientInitial" : 1.0,
        "prioritySectorCoefficientDuring" : 1.35
      }
    },
    "artillery" : {
      "AB1_Artillery" : {
        "turrets" : [ {
          "ammoList" : [ "PAPA034_Shell_102mm_HE_HC_Mk_15", "PAPA033_Shell_102mm_AP_SC_Mk_16" ],
          "barrelDiameter" : 0.102,
          "coeffPerSecondMin" : 0.3,
          "deadZone" : [ [ 150.0, -150.0 ] ],
          "delim" : 0.5,
          "ellipseRangeMax" : 250.0,
          "ellipseRangeMin" : 50.0,
          "horizSector" : [ 0.0, 0.0 ],
          "id" : 4197050352,
          "idealDistance" : 1000.0,
          "idealRadius" : 8.0,
          "index" : "PAGM093",
          "maxEllipseRanging" : 1.003,
          "medEllipseRanging" : 1.002,
          "minEllipseRanging" : 1.001,
          "minRadius" : 0.5,
          "name" : "PAGM093_4in50_Mk12",
          "numBarrels" : 1,
          "onMoveTarPosCoeffDelim" : 1.001,
          "onMoveTarPosCoeffMaxDist" : 1.002,
          "onMoveTarPosCoeffZero" : 1.0,
          "onMoveTarPosDelim" : 0.1,
          "position" : [ 0.0, 1.0 ],
          "radiusOnDelim" : 0.5,
          "radiusOnMax" : 0.6,
          "radiusOnZero" : 0.2,
          "reduceTime" : 0.1,
          "rotationSpeed" : [ 10.0, 10.0 ],
          "shotDelay" : 7.0,
          "smokePenalty" : 1.0E-4,
          "typeinfo" : {
            "nation" : "USA",
            "species" : "Main",
            "type" : "Gun"
          },
          "vertSector" : [ 0.0, 20.0 ]
        }, {
          "ammoList" : [ "PAPA034_Shell_102mm_HE_HC_Mk_15", "PAPA033_Shell_102mm_AP_SC_Mk_16" ],
          "barrelDiameter" : 0.102,
          "coeffPerSecondMin" : 0.3,
          "deadZone" : [ [ -7.0, 0.0 ] ],
          "delim" : 0.5,
          "ellipseRangeMax" : 250.0,
          "ellipseRangeMin" : 50.0,
          "horizSector" : [ -169.0, 0.0 ],
          "id" : 4194953200,
          "idealDistance" : 1000.0,
          "idealRadius" : 8.0,
          "index" : "PAGM095",
          "maxEllipseRanging" : 1.003,
          "medEllipseRanging" : 1.002,
          "minEllipseRanging" : 1.001,
          "minRadius" : 0.5,
          "name" : "PAGM095_4in50_Mk12",
          "numBarrels" : 1,
          "onMoveTarPosCoeffDelim" : 1.001,
          "onMoveTarPosCoeffMaxDist" : 1.002,
          "onMoveTarPosCoeffZero" : 1.0,
          "onMoveTarPosDelim" : 0.1,
          "position" : [ 1.5, 1.75 ],
          "radiusOnDelim" : 0.5,
          "radiusOnMax" : 0.6,
          "radiusOnZero" : 0.2,
          "reduceTime" : 0.1,
          "rotationSpeed" : [ 10.0, 10.0 ],
          "shotDelay" : 7.0,
          "smokePenalty" : 1.0E-4,
          "typeinfo" : {
            "nation" : "USA",
            "species" : "Main",
            "type" : "Gun"
          },
          "vertSector" : [ 0.0, 20.0 ]
        }, {
          "ammoList" : [ "PAPA034_Shell_102mm_HE_HC_Mk_15", "PAPA033_Shell_102mm_AP_SC_Mk_16" ],
          "barrelDiameter" : 0.102,
          "coeffPerSecondMin" : 0.3,
          "deadZone" : [ [ 0.0, 7.0 ] ],
          "delim" : 0.5,
          "ellipseRangeMax" : 250.0,
          "ellipseRangeMin" : 50.0,
          "horizSector" : [ 0.0, 169.0 ],
          "id" : 4194953200,
          "idealDistance" : 1000.0,
          "idealRadius" : 8.0,
          "index" : "PAGM095",
          "maxEllipseRanging" : 1.003,
          "medEllipseRanging" : 1.002,
          "minEllipseRanging" : 1.001,
          "minRadius" : 0.5,
          "name" : "PAGM095_4in50_Mk12",
          "numBarrels" : 1,
          "onMoveTarPosCoeffDelim" : 1.001,
          "onMoveTarPosCoeffMaxDist" : 1.002,
          "onMoveTarPosCoeffZero" : 1.0,
          "onMoveTarPosDelim" : 0.1,
          "position" : [ 1.5, 0.25 ],
          "radiusOnDelim" : 0.5,
          "radiusOnMax" : 0.6,
          "radiusOnZero" : 0.2,
          "reduceTime" : 0.1,
          "rotationSpeed" : [ 10.0, 10.0 ],
          "shotDelay" : 7.0,
          "smokePenalty" : 1.0E-4,
          "typeinfo" : {
            "nation" : "USA",
            "species" : "Main",
            "type" : "Gun"
          },
          "vertSector" : [ 0.0, 20.0 ]
        }, {
          "ammoList" : [ "PAPA034_Shell_102mm_HE_HC_Mk_15", "PAPA033_Shell_102mm_AP_SC_Mk_16" ],
          "barrelDiameter" : 0.102,
          "coeffPerSecondMin" : 0.3,
          "deadZone" : [ ],
          "delim" : 0.5,
          "ellipseRangeMax" : 250.0,
          "ellipseRangeMin" : 50.0,
          "horizSector" : [ -137.0, 137.0 ],
          "id" : 4194953200,
          "idealDistance" : 1000.0,
          "idealRadius" : 8.0,
          "index" : "PAGM095",
          "maxEllipseRanging" : 1.003,
          "medEllipseRanging" : 1.002,
          "minEllipseRanging" : 1.001,
          "minRadius" : 0.5,
          "name" : "PAGM095_4in50_Mk12",
          "numBarrels" : 1,
          "onMoveTarPosCoeffDelim" : 1.001,
          "onMoveTarPosCoeffMaxDist" : 1.002,
          "onMoveTarPosCoeffZero" : 1.0,
          "onMoveTarPosDelim" : 0.1,
          "position" : [ 5.5, 1.0 ],
          "radiusOnDelim" : 0.5,
          "radiusOnMax" : 0.6,
          "radiusOnZero" : 0.2,
          "reduceTime" : 0.1,
          "rotationSpeed" : [ 10.0, 10.0 ],
          "shotDelay" : 7.0,
          "smokePenalty" : 1.0E-4,
          "typeinfo" : {
            "nation" : "USA",
            "species" : "Main",
            "type" : "Gun"
          },
          "vertSector" : [ 0.0, 20.0 ]
        } ],
        "turretTypes" : {
          "1" : [ 4, "PAGM093_4in50_Mk12" ]
        },
        "maxDist" : 7845.0,
        "minDistH" : 119.0,
        "minDistV" : 289.0,
        "normalDistribution" : true,
        "sigmaCount" : 2.0,
        "taperDist" : 4000.0,
        "GMIdealRadius" : 1.0,
        "barrelDiameter" : 0.102
      },
      "B2_Artillery" : {
        "turrets" : [ {
          "ammoList" : [ "PAPA034_Shell_102mm_HE_HC_Mk_15", "PAPA033_Shell_102mm_AP_SC_Mk_16" ],
          "barrelDiameter" : 0.102,
          "coeffPerSecondMin" : 0.3,
          "deadZone" : [ [ 150.0, -150.0 ] ],
          "delim" : 0.5,
          "ellipseRangeMax" : 250.0,
          "ellipseRangeMin" : 50.0,
          "horizSector" : [ 0.0, 0.0 ],
          "id" : 4157204464,
          "idealDistance" : 1000.0,
          "idealRadius" : 8.0,
          "index" : "PAGM131",
          "maxEllipseRanging" : 1.003,
          "medEllipseRanging" : 1.002,
          "minEllipseRanging" : 1.001,
          "minRadius" : 0.5,
          "name" : "PAGM131_4in50_Twin_Mount_shield",
          "numBarrels" : 2,
          "onMoveTarPosCoeffDelim" : 1.001,
          "onMoveTarPosCoeffMaxDist" : 1.002,
          "onMoveTarPosCoeffZero" : 1.0,
          "onMoveTarPosDelim" : 0.1,
          "position" : [ 0.0, 1.0 ],
          "radiusOnDelim" : 0.5,
          "radiusOnMax" : 0.6,
          "radiusOnZero" : 0.2,
          "reduceTime" : 0.1,
          "rotationSpeed" : [ 10.0, 10.0 ],
          "shotDelay" : 7.0,
          "smokePenalty" : 1.0E-4,
          "typeinfo" : {
            "nation" : "USA",
            "species" : "Main",
            "type" : "Gun"
          },
          "vertSector" : [ 0.0, 20.0 ]
        }, {
          "ammoList" : [ "PAPA034_Shell_102mm_HE_HC_Mk_15", "PAPA033_Shell_102mm_AP_SC_Mk_16" ],
          "barrelDiameter" : 0.102,
          "coeffPerSecondMin" : 0.3,
          "deadZone" : [ [ -7.0, 0.0 ] ],
          "delim" : 0.5,
          "ellipseRangeMax" : 250.0,
          "ellipseRangeMin" : 50.0,
          "horizSector" : [ -164.0, 0.0 ],
          "id" : 4158253040,
          "idealDistance" : 1000.0,
          "idealRadius" : 8.0,
          "index" : "PAGM130",
          "maxEllipseRanging" : 1.003,
          "medEllipseRanging" : 1.002,
          "minEllipseRanging" : 1.001,
          "minRadius" : 0.5,
          "name" : "PAGM130_4in50_Twin_Mount",
          "numBarrels" : 2,
          "onMoveTarPosCoeffDelim" : 1.001,
          "onMoveTarPosCoeffMaxDist" : 1.002,
          "onMoveTarPosCoeffZero" : 1.0,
          "onMoveTarPosDelim" : 0.1,
          "position" : [ 1.5, 1.75 ],
          "radiusOnDelim" : 0.5,
          "radiusOnMax" : 0.6,
          "radiusOnZero" : 0.2,
          "reduceTime" : 0.1,
          "rotationSpeed" : [ 10.0, 10.0 ],
          "shotDelay" : 7.0,
          "smokePenalty" : 1.0E-4,
          "typeinfo" : {
            "nation" : "USA",
            "species" : "Main",
            "type" : "Gun"
          },
          "vertSector" : [ -3.0, 20.0 ]
        }, {
          "ammoList" : [ "PAPA034_Shell_102mm_HE_HC_Mk_15", "PAPA033_Shell_102mm_AP_SC_Mk_16" ],
          "barrelDiameter" : 0.102,
          "coeffPerSecondMin" : 0.3,
          "deadZone" : [ [ 0.0, 7.0 ] ],
          "delim" : 0.5,
          "ellipseRangeMax" : 250.0,
          "ellipseRangeMin" : 50.0,
          "horizSector" : [ 0.0, 164.0 ],
          "id" : 4158253040,
          "idealDistance" : 1000.0,
          "idealRadius" : 8.0,
          "index" : "PAGM130",
          "maxEllipseRanging" : 1.003,
          "medEllipseRanging" : 1.002,
          "minEllipseRanging" : 1.001,
          "minRadius" : 0.5,
          "name" : "PAGM130_4in50_Twin_Mount",
          "numBarrels" : 2,
          "onMoveTarPosCoeffDelim" : 1.001,
          "onMoveTarPosCoeffMaxDist" : 1.002,
          "onMoveTarPosCoeffZero" : 1.0,
          "onMoveTarPosDelim" : 0.1,
          "position" : [ 1.5, 0.25 ],
          "radiusOnDelim" : 0.5,
          "radiusOnMax" : 0.6,
          "radiusOnZero" : 0.2,
          "reduceTime" : 0.1,
          "rotationSpeed" : [ 10.0, 10.0 ],
          "shotDelay" : 7.0,
          "smokePenalty" : 1.0E-4,
          "typeinfo" : {
            "nation" : "USA",
            "species" : "Main",
            "type" : "Gun"
          },
          "vertSector" : [ -3.0, 20.0 ]
        }, {
          "ammoList" : [ "PAPA034_Shell_102mm_HE_HC_Mk_15", "PAPA033_Shell_102mm_AP_SC_Mk_16" ],
          "barrelDiameter" : 0.102,
          "coeffPerSecondMin" : 0.3,
          "deadZone" : [ ],
          "delim" : 0.5,
          "ellipseRangeMax" : 250.0,
          "ellipseRangeMin" : 50.0,
          "horizSector" : [ -132.0, 132.0 ],
          "id" : 4158253040,
          "idealDistance" : 1000.0,
          "idealRadius" : 8.0,
          "index" : "PAGM130",
          "maxEllipseRanging" : 1.003,
          "medEllipseRanging" : 1.002,
          "minEllipseRanging" : 1.001,
          "minRadius" : 0.5,
          "name" : "PAGM130_4in50_Twin_Mount",
          "numBarrels" : 2,
          "onMoveTarPosCoeffDelim" : 1.001,
          "onMoveTarPosCoeffMaxDist" : 1.002,
          "onMoveTarPosCoeffZero" : 1.0,
          "onMoveTarPosDelim" : 0.1,
          "position" : [ 5.5, 1.0 ],
          "radiusOnDelim" : 0.5,
          "radiusOnMax" : 0.6,
          "radiusOnZero" : 0.2,
          "reduceTime" : 0.1,
          "rotationSpeed" : [ 10.0, 10.0 ],
          "shotDelay" : 7.0,
          "smokePenalty" : 1.0E-4,
          "typeinfo" : {
            "nation" : "USA",
            "species" : "Main",
            "type" : "Gun"
          },
          "vertSector" : [ 0.0, 20.0 ]
        } ],
        "turretTypes" : {
          "2" : [ 4, "PAGM131_4in50_Twin_Mount_shield" ]
        },
        "maxDist" : 7845.0,
        "minDistH" : 119.0,
        "minDistV" : 289.0,
        "normalDistribution" : true,
        "sigmaCount" : 2.0,
        "taperDist" : 4000.0,
        "GMIdealRadius" : 1.0,
        "barrelDiameter" : 0.102
      }
    },
    "hull" : {
      "A_Hull_1920" : {
        "backwardPowerCoef" : 2.0,
        "buoyancy" : 200000.0,
        "burnNodes" : [ [ 0.9334, 0.3, 30.0 ], [ 0.9334, 0.3, 30.0 ], [ 0.9334, 0.3, 30.0 ], [ 0.9334, 0.3, 30.0 ] ],
        "burnProb" : 0.9334,
        "burnDamage" : 0.3,
        "burnTime" : 30.0,
        "burnSize" : 4.0,
        "deckHeight" : 0.5,
        "deepwaterVisibilityCoeff" : 0.1,
        "draft" : 11.0,
        "enginePower" : 27500.0,
        "floodNodes" : [ [ 0.333, 0.25, 40.0 ], [ 0.333, 0.25, 40.0 ] ],
        "floodProb" : 0.333,
        "floodProtection" : 0.099998474,
        "floodDamage" : 0.25,
        "floodTime" : 40.0,
        "floodSize" : 2.0,
        "health" : 8800.0,
        "mass" : 1700000.0,
        "maxRudderAngle" : 30.0,
        "maxSpeed" : 35.0,
        "pushingMaxRudderAngle" : 16.0,
        "pushingMinRudderAngle" : 1.0,
        "rollEffect" : 2.6,
        "rudderPower" : 2.65E7,
        "rudderTime" : 5.4,
        "sideDragCoef" : 34000.0,
        "size" : [ 260.0, 20.0, 37.0 ],
        "smokeScanRadius" : 27.0,
        "speedCoef" : 1.0,
        "tonnage" : 1700.0,
        "torpedoImpactMassImpulseCoeff" : 0.5,
        "turningRadius" : 520.0,
        "underwaterVisibilityCoeff" : 0.5,
        "visibilityCoefATBA" : 1.0E-6,
        "visibilityCoefATBAByPlane" : 1.0E-6,
        "visibilityCoefFire" : 2.0,
        "visibilityCoefFireByPlane" : 3.0,
        "visibilityCoefGK" : 1.0E-6,
        "visibilityCoefGKByPlane" : 2.04,
        "visibilityCoefGKInSmoke" : 2.21,
        "visibilityCoeff" : 13.47,
        "visibilityFactor" : 7.02,
        "visibilityFactorByPlane" : 2.45,
        "visibilityFactorInSmoke" : 1.0E-6,
        "burnSizeSkill" : 4
      },
      "B_Hull_1930" : {
        "backwardPowerCoef" : 2.0,
        "buoyancy" : 200000.0,
        "burnNodes" : [ [ 0.9001, 0.3, 30.0 ], [ 0.9001, 0.3, 30.0 ], [ 0.9001, 0.3, 30.0 ], [ 0.9001, 0.3, 30.0 ] ],
        "burnProb" : 0.9001,
        "burnDamage" : 0.3,
        "burnTime" : 30.0,
        "burnSize" : 4.0,
        "deckHeight" : 0.5,
        "deepwaterVisibilityCoeff" : 0.1,
        "draft" : 11.0,
        "enginePower" : 27500.0,
        "floodNodes" : [ [ 0.333, 0.25, 40.0 ], [ 0.333, 0.25, 40.0 ] ],
        "floodProb" : 0.333,
        "floodProtection" : 0.099998474,
        "floodDamage" : 0.25,
        "floodTime" : 40.0,
        "floodSize" : 2.0,
        "health" : 10900.0,
        "mass" : 1700000.0,
        "maxRudderAngle" : 30.0,
        "maxSpeed" : 35.0,
        "pushingMaxRudderAngle" : 16.0,
        "pushingMinRudderAngle" : 1.0,
        "rollEffect" : 2.6,
        "rudderPower" : 2.65E7,
        "rudderTime" : 3.6,
        "sideDragCoef" : 34000.0,
        "size" : [ 260.0, 20.0, 37.0 ],
        "smokeScanRadius" : 27.0,
        "speedCoef" : 1.0,
        "tonnage" : 1700.0,
        "torpedoImpactMassImpulseCoeff" : 0.5,
        "turningRadius" : 520.0,
        "underwaterVisibilityCoeff" : 0.5,
        "visibilityCoefATBA" : 1.0E-6,
        "visibilityCoefATBAByPlane" : 1.0E-6,
        "visibilityCoefFire" : 2.0,
        "visibilityCoefFireByPlane" : 3.0,
        "visibilityCoefGK" : 1.0E-6,
        "visibilityCoefGKByPlane" : 2.04,
        "visibilityCoefGKInSmoke" : 2.21,
        "visibilityCoeff" : 13.47,
        "visibilityFactor" : 7.02,
        "visibilityFactorByPlane" : 2.45,
        "visibilityFactorInSmoke" : 1.0E-6,
        "burnSizeSkill" : 4
      }
    },
    "suo" : {
      "ABC1_FireControl" : {
        "maxDistCoef" : 1.0,
        "sigmaCountCoef" : 1.0
      },
      "ABC2_FireControl" : {
        "maxDistCoef" : 1.1,
        "sigmaCountCoef" : 1.0
      }
    },
    "torpedoes" : {
      "AB1_Torpedoes" : {
        "launchers" : [ {
          "ammoList" : [ "PAPT021_Bliss_Leavitt_Mark_9_mod_1b" ],
          "barrelDiameter" : 0.533,
          "canRotate" : true,
          "deadZone" : [ [ -40.0, 0.0 ] ],
          "horizSector" : [ -140.0, 0.0 ],
          "id" : 4250298352,
          "index" : "PAGT042",
          "mainSector" : [ -90.0, 90.0 ],
          "name" : "PAGT042_21in_Torpedo_Tubes_Triple",
          "numAmmos" : 1000,
          "numBarrels" : 3,
          "position" : [ 2.75, 1.75 ],
          "rotationSpeed" : [ 25.0, 25.0 ],
          "shootSector" : [ 0.0, 1.0 ],
          "shotDelay" : 40.0,
          "timeBetweenShots" : 0.2,
          "timeToChangeAngle" : 1.0,
          "timeToChangeSpeed" : 1.0,
          "torpedoAngles" : [ 3.6, 12.0 ],
          "typeinfo" : {
            "nation" : "USA",
            "species" : "Torpedo",
            "type" : "Gun"
          },
          "vertSector" : [ 0.0, 1.0 ]
        }, {
          "ammoList" : [ "PAPT021_Bliss_Leavitt_Mark_9_mod_1b" ],
          "barrelDiameter" : 0.533,
          "canRotate" : true,
          "deadZone" : [ [ 0.0, 40.0 ] ],
          "horizSector" : [ 0.0, 140.0 ],
          "id" : 4250298352,
          "index" : "PAGT042",
          "mainSector" : [ -90.0, 90.0 ],
          "name" : "PAGT042_21in_Torpedo_Tubes_Triple",
          "numAmmos" : 1000,
          "numBarrels" : 3,
          "position" : [ 3.25, 0.25 ],
          "rotationSpeed" : [ 25.0, 25.0 ],
          "shootSector" : [ 0.0, 1.0 ],
          "shotDelay" : 40.0,
          "timeBetweenShots" : 0.2,
          "timeToChangeAngle" : 1.0,
          "timeToChangeSpeed" : 1.0,
          "torpedoAngles" : [ 3.6, 12.0 ],
          "typeinfo" : {
            "nation" : "USA",
            "species" : "Torpedo",
            "type" : "Gun"
          },
          "vertSector" : [ 0.0, 1.0 ]
        }, {
          "ammoList" : [ "PAPT021_Bliss_Leavitt_Mark_9_mod_1b" ],
          "barrelDiameter" : 0.533,
          "canRotate" : true,
          "deadZone" : [ [ 0.0, 40.0 ] ],
          "horizSector" : [ 0.0, 140.0 ],
          "id" : 4250298352,
          "index" : "PAGT042",
          "mainSector" : [ -90.0, 90.0 ],
          "name" : "PAGT042_21in_Torpedo_Tubes_Triple",
          "numAmmos" : 1000,
          "numBarrels" : 3,
          "position" : [ 3.75, 1.75 ],
          "rotationSpeed" : [ 25.0, 25.0 ],
          "shootSector" : [ 0.0, 1.0 ],
          "shotDelay" : 40.0,
          "timeBetweenShots" : 0.2,
          "timeToChangeAngle" : 1.0,
          "timeToChangeSpeed" : 1.0,
          "torpedoAngles" : [ 3.6, 12.0 ],
          "typeinfo" : {
            "nation" : "USA",
            "species" : "Torpedo",
            "type" : "Gun"
          },
          "vertSector" : [ 0.0, 1.0 ]
        }, {
          "ammoList" : [ "PAPT021_Bliss_Leavitt_Mark_9_mod_1b" ],
          "barrelDiameter" : 0.533,
          "canRotate" : true,
          "deadZone" : [ [ -40.0, 0.0 ] ],
          "horizSector" : [ -140.0, 0.0 ],
          "id" : 4250298352,
          "index" : "PAGT042",
          "mainSector" : [ -90.0, 90.0 ],
          "name" : "PAGT042_21in_Torpedo_Tubes_Triple",
          "numAmmos" : 1000,
          "numBarrels" : 3,
          "position" : [ 4.25, 0.25 ],
          "rotationSpeed" : [ 25.0, 25.0 ],
          "shootSector" : [ 0.0, 1.0 ],
          "shotDelay" : 40.0,
          "timeBetweenShots" : 0.2,
          "timeToChangeAngle" : 1.0,
          "timeToChangeSpeed" : 1.0,
          "torpedoAngles" : [ 3.6, 12.0 ],
          "typeinfo" : {
            "nation" : "USA",
            "species" : "Torpedo",
            "type" : "Gun"
          },
          "vertSector" : [ 0.0, 1.0 ]
        } ],
        "launcherTypes" : {
          "3" : [ 4, "PAGT042_21in_Torpedo_Tubes_Triple" ]
        },
        "numTorpsInSalvo" : 2,
        "oneShotWaitTime" : 2.0
      },
      "B2_Torpedoes" : {
        "launchers" : [ {
          "ammoList" : [ "PAPT009_Mk_11" ],
          "barrelDiameter" : 0.533,
          "canRotate" : true,
          "deadZone" : [ [ -35.0, 0.0 ] ],
          "horizSector" : [ -150.0, 0.0 ],
          "id" : 4250298352,
          "index" : "PAGT042",
          "mainSector" : [ -90.0, 90.0 ],
          "name" : "PAGT042_21in_Torpedo_Tubes_Triple",
          "numAmmos" : 1000,
          "numBarrels" : 3,
          "position" : [ 2.75, 1.75 ],
          "rotationSpeed" : [ 25.0, 25.0 ],
          "shootSector" : [ 0.0, 1.0 ],
          "shotDelay" : 66.0,
          "timeBetweenShots" : 0.2,
          "timeToChangeAngle" : 1.0,
          "timeToChangeSpeed" : 1.0,
          "torpedoAngles" : [ 3.6, 12.0 ],
          "typeinfo" : {
            "nation" : "USA",
            "species" : "Torpedo",
            "type" : "Gun"
          },
          "vertSector" : [ 0.0, 1.0 ]
        }, {
          "ammoList" : [ "PAPT009_Mk_11" ],
          "barrelDiameter" : 0.533,
          "canRotate" : true,
          "deadZone" : [ [ 0.0, 35.0 ] ],
          "horizSector" : [ 0.0, 150.0 ],
          "id" : 4250298352,
          "index" : "PAGT042",
          "mainSector" : [ -90.0, 90.0 ],
          "name" : "PAGT042_21in_Torpedo_Tubes_Triple",
          "numAmmos" : 1000,
          "numBarrels" : 3,
          "position" : [ 3.25, 0.25 ],
          "rotationSpeed" : [ 25.0, 25.0 ],
          "shootSector" : [ 0.0, 1.0 ],
          "shotDelay" : 66.0,
          "timeBetweenShots" : 0.2,
          "timeToChangeAngle" : 1.0,
          "timeToChangeSpeed" : 1.0,
          "torpedoAngles" : [ 3.6, 12.0 ],
          "typeinfo" : {
            "nation" : "USA",
            "species" : "Torpedo",
            "type" : "Gun"
          },
          "vertSector" : [ 0.0, 1.0 ]
        }, {
          "ammoList" : [ "PAPT009_Mk_11" ],
          "barrelDiameter" : 0.533,
          "canRotate" : true,
          "deadZone" : [ [ 0.0, 30.0 ] ],
          "horizSector" : [ 0.0, 145.0 ],
          "id" : 4250298352,
          "index" : "PAGT042",
          "mainSector" : [ -90.0, 90.0 ],
          "name" : "PAGT042_21in_Torpedo_Tubes_Triple",
          "numAmmos" : 1000,
          "numBarrels" : 3,
          "position" : [ 3.75, 1.75 ],
          "rotationSpeed" : [ 25.0, 25.0 ],
          "shootSector" : [ 0.0, 1.0 ],
          "shotDelay" : 66.0,
          "timeBetweenShots" : 0.2,
          "timeToChangeAngle" : 1.0,
          "timeToChangeSpeed" : 1.0,
          "torpedoAngles" : [ 3.6, 12.0 ],
          "typeinfo" : {
            "nation" : "USA",
            "species" : "Torpedo",
            "type" : "Gun"
          },
          "vertSector" : [ 0.0, 1.0 ]
        }, {
          "ammoList" : [ "PAPT009_Mk_11" ],
          "barrelDiameter" : 0.533,
          "canRotate" : true,
          "deadZone" : [ [ -30.0, 0.0 ] ],
          "horizSector" : [ -145.0, 0.0 ],
          "id" : 4250298352,
          "index" : "PAGT042",
          "mainSector" : [ -90.0, 90.0 ],
          "name" : "PAGT042_21in_Torpedo_Tubes_Triple",
          "numAmmos" : 1000,
          "numBarrels" : 3,
          "position" : [ 4.25, 0.25 ],
          "rotationSpeed" : [ 25.0, 25.0 ],
          "shootSector" : [ 0.0, 1.0 ],
          "shotDelay" : 66.0,
          "timeBetweenShots" : 0.2,
          "timeToChangeAngle" : 1.0,
          "timeToChangeSpeed" : 1.0,
          "torpedoAngles" : [ 3.6, 12.0 ],
          "typeinfo" : {
            "nation" : "USA",
            "species" : "Torpedo",
            "type" : "Gun"
          },
          "vertSector" : [ 0.0, 1.0 ]
        } ],
        "launcherTypes" : {
          "3" : [ 4, "PAGT042_21in_Torpedo_Tubes_Triple" ]
        },
        "numTorpsInSalvo" : 2,
        "oneShotWaitTime" : 2.0
      }
    },
    "engine" : {
      "EngineDefault" : {
        "backwardEngineForsag" : 2.5,
        "backwardEngineForsagMaxSpeed" : 2.5,
        "backwardEngineUpTime" : 10.0,
        "backwardSpeedOnFlood" : -0.6,
        "damagedEnginePowerMultiplier" : -0.13,
        "damagedEnginePowerTimeMultiplier" : 6.5,
        "forwardEngineForsag" : 2.5,
        "forwardEngineForsagMaxSpeed" : 2.5,
        "forwardEngineUpTime" : 20.0,
        "forwardSpeedOnFlood" : -0.3,
        "histEnginePower" : 27500.0
      }
    }
  },
  "shipAbilities" : {
    "AbilitySlot0" : {
      "abils" : [ [ "PCY001_CrashCrew", "D" ], [ "PCY009_CrashCrewPremium", "D_Gold" ] ],
      "slot" : 0
    },
    "AbilitySlot1" : {
      "abils" : [ [ "PCY006_SmokeGenerator", "US_Lvl_4" ], [ "PCY014_SmokeGeneratorPremium", "US_Lvl_4_Gold" ] ],
      "slot" : 1
    },
    "AbilitySlot2" : {
      "abils" : [ [ "PCY007_SpeedBooster", "Default" ], [ "PCY015_SpeedBoosterPremium", "Default" ] ],
      "slot" : 2
    },
    "AbilitySlot3" : {
      "abils" : [ ],
      "slot" : 3
    },
    "AbilitySlot4" : {
      "abils" : [ ],
      "slot" : 4
    }
  },
  "shipUpgradeInfo" : {
    "components" : {
      "flightControl" : [ ],
      "artillery" : [ {
        "name" : "PAUA311_D4_ART_STOCK",
        "ucType" : "_Artillery",
        "position" : 1,
        "elem" : 1,
        "prevType" : "artillery",
        "prevPosition" : 0,
        "components" : {
          "artillery" : [ "AB1_Artillery" ]
        },
        "ucTypeShort" : "artillery",
        "image" : "https://cdn.wowsft.com/images/modules/module_artillery.png"
      }, {
        "name" : "PAUA312_D4_ART_TOP",
        "prev" : "PAUH322_Clemson_1930",
        "ucType" : "_Artillery",
        "position" : 2,
        "elem" : 1,
        "prevType" : "hull",
        "prevPosition" : 2,
        "prevElem" : 2,
        "components" : {
          "artillery" : [ "B2_Artillery" ]
        },
        "ucTypeShort" : "artillery",
        "image" : "https://cdn.wowsft.com/images/modules/module_artillery.png"
      } ],
      "hull" : [ {
        "disabledAbilities" : [ ],
        "name" : "PAUH321_Clemson_1920",
        "ucType" : "_Hull",
        "position" : 1,
        "elem" : 2,
        "prevType" : "hull",
        "prevPosition" : 0,
        "components" : {
          "airArmament" : [ ],
          "airDefense" : [ "A_AirDefense" ],
          "artillery" : [ "AB1_Artillery" ],
          "atba" : [ ],
          "hull" : [ "A_Hull_1920" ],
          "torpedoes" : [ "AB1_Torpedoes" ]
        },
        "ucTypeShort" : "hull",
        "image" : "https://cdn.wowsft.com/images/modules/module_hull.png"
      }, {
        "disabledAbilities" : [ ],
        "nextShips" : [ "PASD014_Leader_1919" ],
        "name" : "PAUH322_Clemson_1930",
        "prev" : "PAUH321_Clemson_1920",
        "ucType" : "_Hull",
        "position" : 2,
        "elem" : 2,
        "prevType" : "hull",
        "prevPosition" : 1,
        "prevElem" : 2,
        "components" : {
          "airArmament" : [ ],
          "airDefense" : [ "B_AirDefense" ],
          "artillery" : [ "AB1_Artillery", "B2_Artillery" ],
          "atba" : [ ],
          "hull" : [ "B_Hull_1930" ],
          "torpedoes" : [ "AB1_Torpedoes", "B2_Torpedoes" ]
        },
        "ucTypeShort" : "hull",
        "image" : "https://cdn.wowsft.com/images/modules/module_hull.png"
      } ],
      "torpedoes" : [ {
        "name" : "PAUT302_D4_TORP_STOCK",
        "ucType" : "_Torpedoes",
        "position" : 1,
        "elem" : 3,
        "prevType" : "torpedoes",
        "prevPosition" : 0,
        "components" : {
          "torpedoes" : [ "AB1_Torpedoes" ]
        },
        "ucTypeShort" : "torpedoes",
        "image" : "https://cdn.wowsft.com/images/modules/module_torpedoes.png"
      }, {
        "name" : "PAUT303_D4_TORP_TOP",
        "prev" : "PAUH322_Clemson_1930",
        "ucType" : "_Torpedoes",
        "position" : 2,
        "elem" : 3,
        "prevType" : "hull",
        "prevPosition" : 2,
        "prevElem" : 2,
        "components" : {
          "torpedoes" : [ "B2_Torpedoes" ]
        },
        "ucTypeShort" : "torpedoes",
        "image" : "https://cdn.wowsft.com/images/modules/module_torpedoes.png"
      } ],
      "suo" : [ {
        "name" : "PAUS311_Suo",
        "ucType" : "_Suo",
        "position" : 1,
        "elem" : 4,
        "prevType" : "suo",
        "prevPosition" : 0,
        "components" : {
          "suo" : [ "ABC1_FireControl" ]
        },
        "ucTypeShort" : "suo",
        "image" : "https://cdn.wowsft.com/images/modules/module_suo.png"
      }, {
        "nextShips" : [ "PASA104_Langley" ],
        "name" : "PAUS312_Suo",
        "prev" : "PAUS311_Suo",
        "ucType" : "_Suo",
        "position" : 2,
        "elem" : 4,
        "prevType" : "suo",
        "prevPosition" : 1,
        "prevElem" : 4,
        "components" : {
          "suo" : [ "ABC2_FireControl" ]
        },
        "ucTypeShort" : "suo",
        "image" : "https://cdn.wowsft.com/images/modules/module_suo.png"
      } ],
      "fighter" : [ ],
      "torpedoBomber" : [ ],
      "diveBomber" : [ ],
      "engine" : [ {
        "name" : "PAUE311_D4_ENG_STOCK",
        "ucType" : "_Engine",
        "position" : 1,
        "elem" : 8,
        "prevType" : "engine",
        "prevPosition" : 0,
        "components" : {
          "engine" : [ "EngineDefault" ]
        },
        "ucTypeShort" : "engine",
        "image" : "https://cdn.wowsft.com/images/modules/module_engine.png"
      } ]
    },
    "cols" : {
      "flightControl" : 0,
      "artillery" : 1,
      "hull" : 1,
      "torpedoes" : 1,
      "suo" : 1,
      "fighter" : 0,
      "torpedoBomber" : 0,
      "diveBomber" : 0,
      "engine" : 1
    },
    "maxRows" : 2,
    "costCR" : 720000,
    "costXP" : 6000,
    "lockedConfig" : [ ],
    "value" : 1
  },
  "apDamageLimitCoeff" : 0.1,
  "canEquipCamouflage" : true,
  "group" : "upgradeable",
  "id" : 4274927600,
  "index" : "PASD019",
  "level" : 4,
  "maxEquippedFlags" : 8,
  "name" : "PASD019_Clemson_1920",
  "navalFlag" : "usa",
  "needShowProjectYear" : true,
  "peculiarity" : "default",
  "steerAngle" : [ 0.2, 0.7, 1.0 ],
  "typeinfo" : {
    "nation" : "USA",
    "species" : "Destroyer",
    "type" : "Ship"
  },
  "realShipType" : "Destroyer",
  "realShipTypeId" : "DESTROYER",
  "research" : true,
  "prevShipIndex" : "PASD027",
  "prevShipName" : "PASD027_Wickes_1918",
  "prevShipXP" : 2200,
  "prevShipCompXP" : 700,
  "typeImage" : "https://cdn.wowsft.com/images/vehicles/types/Destroyer/normal.png",
  "imageSmall" : "https://cdn.wowsft.com/images/vehicles/ship_previews/PASD019.png"
}